                  郑州煤电 (600121)
      时间	    开盘	    最高	    最低	    收盘	         成交量	高一高二多空.线1   	高一高二多空.线2   	高一高二多空.线1红 	高一高二多空.线2红 	高一高二多空.波峰  	高一高二多空.      	高一高二多空.波谷  	高一高二多空.      	高一高二多空.      	高一高二多空.      	高一高二多空.      	高一高二多空.      	VOL-TDX.      	VOL-TDX.VOLUME	VOL-TDX.MAVOL1	VOL-TDX.MAVOL2	主力进出.主力  	主力进出.游资  	主力进出.大户  	主力进出.散户  	主力进出.主比  	主力进出.游比  	主力进出.大比  	主力进出.散比  	主力进出.警戒线	主力进出.      	主力进出.      	主力进出.      	主力进出.      	主力进出.      	主力进出.      	主力进出.      	主力进出.      	主力进出.      	主力进出.      	主力进出.      	主力进出.      	主力进出.      	主力进出.      	主力进出.      	主力进出.      	主力进出.      	主力进出.      	主力进出.      	主力进出.      	主力进出.      	主力进出.      	主力进出.      	主力进出.      	
 2024/06/19	    3.44	    3.47	    3.43	    3.44	        8217740	       3.44	       3.44	           	           	           	       0.00	           	       0.00	       0.00	       0.00	       0.00	       0.00	          0	      82177	           	           	           	           	           	           	           	           	           	           	           	       0.00	       0.00	       0.00	       0.00	       0.00	       0.00	       0.00	       0.00	       0.00	       0.00	       0.00	       0.00	       0.00	       0.00	       0.00	       0.00	       0.00	       0.00	       0.00	       0.00	       0.00	       0.00	       0.00	       0.00	
 2024/06/20	    3.44	    3.45	    3.40	    3.41	        7353399	       3.44	       3.44	           	           	       3.47	       0.00	           	       0.00	       0.00	       0.00	       0.00	       0.00	          0	      73534	           	           	           	           	           	           	           	           	           	           	           	       0.00	       0.00	       0.00	       0.00	       0.00	       0.00	       0.00	       0.00	       0.00	       0.00	       0.00	       0.00	       0.00	       0.00	       0.00	       0.00	       0.00	       0.00	       0.00	       0.00	       0.00	       0.00	       0.00	       0.00	
 2024/06/21	    3.40	    3.42	    3.37	    3.41	        5477500	       3.43	       3.43	           	           	       3.47	       0.00	           	       0.00	       0.00	       0.00	       0.00	       0.00	          0	      54775	           	           	           	           	           	           	           	           	           	           	           	       0.00	       0.00	       0.00	       0.00	       0.00	       0.00	       0.00	       0.00	       0.00	       0.00	       0.00	       0.00	       0.00	       0.00	       0.00	       0.00	       0.00	       0.00	       0.00	       0.00	       0.00	       0.00	       0.00	       0.00	
 2024/06/24	    3.38	    3.38	    3.29	    3.29	       11108301	       3.41	       3.42	           	           	       3.47	       0.00	           	       0.00	       0.00	       0.00	       0.00	       0.00	          0	     111083	           	           	   80392.35	           	           	           	           	           	           	           	           	       1.00	       1.00	       1.00	       1.00	       1.00	       1.00	       0.00	       0.00	       0.00	       0.00	       0.00	       0.00	       0.00	       0.00	       0.00	       0.00	       0.00	       0.00	       0.00	       0.00	       0.00	       0.00	       0.00	       0.00	
 2024/06/25	    3.29	    3.33	    3.28	    3.29	        5713080	       3.40	       3.41	           	           	       3.47	       0.00	           	       0.00	       0.00	       0.00	       0.00	       0.00	          0	      57131	      75740	           	   74130.70	           	           	           	           	           	           	           	           	       1.00	       1.00	       1.00	       1.00	       1.00	       1.00	       0.00	       0.00	       0.00	       0.00	       0.00	       0.00	       0.00	       0.00	       0.00	       0.00	       0.00	       0.00	       0.00	       0.00	       0.00	       0.00	       0.00	       0.00	
 2024/06/26	    3.28	    3.33	    3.21	    3.32	        9673382	       3.39	       3.40	           	           	           	       0.00	           	       0.00	       0.00	       0.00	       0.00	       0.00	          0	      96734	      78651	           	   79930.66	           	           	           	           	           	           	           	           	       1.00	       1.00	       1.00	       1.00	       1.00	       1.00	       0.00	       0.00	       0.00	       0.00	       0.00	       0.00	       0.00	       0.00	       0.00	       0.00	       0.00	       0.00	       0.00	       0.00	       0.00	       0.00	       0.00	       0.00	
 2024/06/27	    3.32	    3.32	    3.23	    3.23	        7107300	       3.37	       3.39	           	           	           	       0.00	       3.21	       1.00	       0.00	       0.00	       0.00	       0.00	          0	      71073	      78159	           	   84005.16	           	           	           	           	           	           	           	           	       1.00	       1.00	       1.00	       1.00	       1.00	       1.00	       0.00	       0.00	       0.00	       0.00	       0.00	       0.00	       0.00	       0.00	       0.00	       0.00	       0.00	       0.00	       0.00	       0.00	       0.00	       0.00	       0.00	       0.00	
 2024/06/28	    3.23	    3.28	    3.22	    3.26	        6060478	       3.35	       3.37	           	           	           	       0.00	       3.21	       1.00	       0.00	       0.00	       0.00	       0.00	          0	      60605	      79325	           	   71385.60	   75888.97	           	           	           	           	           	           	           	       1.00	       1.00	       1.00	       1.00	       1.00	       1.00	       1.00	       1.00	       1.00	       1.00	       1.00	       1.00	       0.00	       0.00	       0.00	       0.00	       0.00	       0.00	       0.00	       0.00	       0.00	       0.00	       0.00	       0.00	
 2024/07/01	    3.26	    3.32	    3.25	    3.32	        8449621	       3.35	       3.37	           	           	           	       0.00	       3.21	       1.00	       0.00	       0.00	       0.00	       0.00	          0	      84496	      74008	           	   78226.95	   76178.83	           	           	           	           	           	           	           	       1.00	       1.00	       1.00	       1.00	       1.00	       1.00	       1.00	       1.00	       1.00	       1.00	       1.00	       1.00	       0.00	       0.00	       0.00	       0.00	       0.00	       0.00	       0.00	       0.00	       0.00	       0.00	       0.00	       0.00	
 2024/07/02	    3.33	    3.37	    3.30	    3.33	        8642998	       3.35	       3.37	           	           	           	       0.00	           	       0.00	       0.00	       0.00	       0.00	       0.00	          0	      86430	      79868	      77804	   75650.99	   77790.83	           	           	           	           	           	           	           	       1.00	       1.00	       1.00	       1.00	       1.00	       1.00	       1.00	       1.00	       1.00	       1.00	       1.00	       1.00	       0.00	       0.00	       0.00	       0.00	       0.00	       0.00	       0.00	       0.00	       0.00	       0.00	       0.00	       0.00	
 2024/07/03	    3.32	    3.34	    3.30	    3.31	        6057700	       3.34	       3.36	           	           	       3.37	       1.00	           	       0.00	       0.00	       0.00	       0.00	       0.00	          0	      60577	      72636	      75644	   73026.99	   78516.08	           	           	           	           	           	           	           	       1.00	       1.00	       1.00	       1.00	       1.00	       1.00	       1.00	       1.00	       1.00	       1.00	       1.00	       1.00	       0.00	       0.00	       0.00	       0.00	       0.00	       0.00	       0.00	       0.00	       0.00	       0.00	       0.00	       0.00	
 2024/07/04	    3.30	    3.32	    3.20	    3.20	        8533240	       3.32	       3.35	           	           	       3.37	       1.00	           	       0.00	       0.00	       0.00	       0.00	       0.00	          0	      85332	      75488	      76824	   79208.90	   75297.25	           	           	           	           	           	           	           	       1.00	       1.00	       1.00	       1.00	       1.00	       1.00	       1.00	       1.00	       1.00	       1.00	       1.00	       1.00	       0.00	       0.00	       0.00	       0.00	       0.00	       0.00	       0.00	       0.00	       0.00	       0.00	       0.00	       0.00	
 2024/07/05	    3.18	    3.23	    3.16	    3.22	        5833120	       3.31	       3.33	           	           	       3.37	       1.00	           	       0.00	       0.00	       0.00	       0.00	       0.00	          0	      58331	      75033	      77179	   72667.64	   75447.30	           	           	           	           	           	           	           	       1.00	       1.00	       1.00	       1.00	       1.00	       1.00	       1.00	       1.00	       1.00	       1.00	       1.00	       1.00	       0.00	       0.00	       0.00	       0.00	       0.00	       0.00	       0.00	       0.00	       0.00	       0.00	       0.00	       0.00	
 2024/07/08	    3.21	    3.22	    3.10	    3.10	        8731380	       3.28	       3.31	           	           	       3.37	       1.00	           	       0.00	       0.00	       0.00	       0.00	       0.00	          0	      87314	      75597	      74802	   72888.60	   74269.80	           	           	           	           	           	           	           	       1.00	       1.00	       1.00	       1.00	       1.00	       1.00	       1.00	       1.00	       1.00	       1.00	       1.00	       1.00	       0.00	       0.00	       0.00	       0.00	       0.00	       0.00	       0.00	       0.00	       0.00	       0.00	       0.00	       0.00	
 2024/07/09	    3.10	    3.15	    3.03	    3.13	        9156680	       3.26	       3.30	           	           	       3.37	       1.00	           	       0.00	       0.00	       0.00	       0.00	       0.00	          0	      91567	      76624	      78246	   80636.05	   76831.52	           	           	           	           	           	           	           	       1.00	       1.00	       1.00	       1.00	       1.00	       1.00	       1.00	       1.00	       1.00	       1.00	       1.00	       1.00	       0.00	       0.00	       0.00	       0.00	       0.00	       0.00	       0.00	       0.00	       0.00	       0.00	       0.00	       0.00	
 2024/07/10	    3.07	    3.07	    3.00	    3.03	       10922598	       3.23	       3.27	           	           	           	       0.00	           	       0.00	       0.00	       0.00	       0.00	       0.00	          0	     109226	      86354	      79495	   86609.44	   82909.16	   79399.07	           	           	           	           	           	           	       1.00	       1.00	       1.00	       1.00	       1.00	       1.00	       1.00	       1.00	       1.00	       1.00	       1.00	       1.00	       1.00	       1.00	       1.00	       1.00	       1.00	       1.00	       0.00	       0.00	       0.00	       0.00	       0.00	       0.00	
 2024/07/11	    3.07	    3.13	    3.06	    3.12	        9860267	       3.22	       3.26	           	           	           	       0.00	       3.00	       1.00	       0.00	       0.00	       0.00	       0.00	          0	      98603	      89008	      82248	   96677.31	   84672.48	   80425.65	           	           	           	           	           	           	       1.00	       1.00	       1.00	       1.00	       1.00	       1.00	       1.00	       1.00	       1.00	       1.00	       1.00	       1.00	       1.00	       1.00	       1.00	       1.00	       1.00	       1.00	       0.00	       0.00	       0.00	       0.00	       0.00	       0.00	
 2024/07/12	    3.10	    3.14	    3.07	    3.09	        6596460	       3.20	       3.24	           	           	           	       0.00	       3.00	       1.00	       0.00	       0.00	       0.00	       0.00	          0	      65965	      90535	      82784	   91340.02	   82114.30	   79952.56	           	           	           	           	           	           	       1.00	       1.00	       1.00	       1.00	       1.00	       1.00	       1.00	       1.00	       1.00	       1.00	       1.00	       1.00	       1.00	       1.00	       1.00	       1.00	       1.00	       1.00	       0.00	       0.00	       0.00	       0.00	       0.00	       0.00	
 2024/07/15	    3.07	    3.13	    3.05	    3.10	        7432576	       3.19	       3.23	           	           	           	       0.00	       3.00	       1.00	       0.00	       0.00	       0.00	       0.00	          0	      74326	      87937	      81767	   87029.75	   83832.90	   81174.48	           	           	           	           	           	           	       1.00	       1.00	       1.00	       1.00	       1.00	       1.00	       1.00	       1.00	       1.00	       1.00	       1.00	       1.00	       1.00	       1.00	       1.00	       1.00	       1.00	       1.00	       0.00	       0.00	       0.00	       0.00	       0.00	       0.00	
 2024/07/16	    3.13	    3.19	    3.12	    3.15	        9254048	       3.18	       3.22	           	           	           	       0.00	           	       0.00	       0.00	       0.00	       0.00	       0.00	          0	      92540	      88132	      82378	   82858.38	   84733.91	   80015.58	           	           	           	           	           	           	       1.00	       1.00	       1.00	       1.00	       1.00	       1.00	       1.00	       1.00	       1.00	       1.00	       1.00	       1.00	       1.00	       1.00	       1.00	       1.00	       1.00	       1.00	       0.00	       0.00	       0.00	       0.00	       0.00	       0.00	
 2024/07/17	    3.15	    3.15	    3.09	    3.11	        5925758	       3.17	       3.21	           	           	       3.19	       1.00	           	       0.00	       0.00	       0.00	       0.00	       0.00	          0	      59258	      78138	      82246	   73022.10	   84849.70	   80148.50	           	           	           	           	           	           	       1.00	       1.00	       1.00	       1.00	       1.00	       1.00	       1.00	       1.00	       1.00	       1.00	       1.00	       1.00	       1.00	       1.00	       1.00	       1.00	       1.00	       1.00	       0.00	       0.00	       0.00	       0.00	       0.00	       0.00	
 2024/07/18	    3.10	    3.11	    3.06	    3.11	        5209200	       3.16	       3.20	           	           	       3.19	       1.00	           	       0.00	       0.00	       0.00	       0.00	       0.00	          0	      52092	      68836	      78922	   69553.95	   80446.98	   77358.39	           	           	           	           	           	           	       1.00	       1.00	       1.00	       1.00	       1.00	       1.00	       1.00	       1.00	       1.00	       1.00	       1.00	       1.00	       1.00	       1.00	       1.00	       1.00	       1.00	       1.00	       0.00	       0.00	       0.00	       0.00	       0.00	       0.00	
 2024/07/19	    3.10	    3.11	    3.07	    3.10	        3543280	       3.15	       3.19	           	           	       3.19	       1.00	           	       0.00	       0.00	       0.00	       0.00	       0.00	          0	      35433	      62730	      76632	   59830.71	   73430.23	   75130.88	           	           	           	           	           	           	       1.00	       1.00	       1.00	       1.00	       1.00	       1.00	       1.00	       1.00	       1.00	       1.00	       1.00	       1.00	       1.00	       1.00	       1.00	       1.00	       1.00	       1.00	       0.00	       0.00	       0.00	       0.00	       0.00	       0.00	
 2024/07/22	    3.09	    3.11	    3.03	    3.07	        6246320	       3.14	       3.18	           	           	       3.19	       1.00	           	       0.00	       0.00	       0.00	       0.00	       0.00	          0	      62463	      60357	      74147	   52311.39	   67584.88	   75247.03	           	           	           	           	           	           	       1.00	       1.00	       1.00	       1.00	       1.00	       1.00	       1.00	       1.00	       1.00	       1.00	       1.00	       1.00	       1.00	       1.00	       1.00	       1.00	       1.00	       1.00	       0.00	       0.00	       0.00	       0.00	       0.00	       0.00	
 2024/07/23	    3.07	    3.10	    3.04	    3.04	        5729558	       3.13	       3.17	           	           	       3.19	       1.00	           	       0.00	       0.00	       0.00	       0.00	       0.00	          0	      57296	      53308	      70720	   51820.89	   62421.50	   73546.98	           	           	           	           	           	           	       1.00	       1.00	       1.00	       1.00	       1.00	       1.00	       1.00	       1.00	       1.00	       1.00	       1.00	       1.00	       1.00	       1.00	       1.00	       1.00	       1.00	       1.00	       0.00	       0.00	       0.00	       0.00	       0.00	       0.00	
 2024/07/24	    3.03	    3.06	    3.00	    3.02	        6263920	       3.11	       3.16	           	           	       3.19	       1.00	           	       0.00	       0.00	       0.00	       0.00	       0.00	          0	      62639	      53985	      66061	   54457.70	   62005.82	   72060.07	           	           	           	           	           	           	       1.00	       1.00	       1.00	       1.00	       1.00	       1.00	       1.00	       1.00	       1.00	       1.00	       1.00	       1.00	       1.00	       1.00	       1.00	       1.00	       1.00	       1.00	       0.00	       0.00	       0.00	       0.00	       0.00	       0.00	
 2024/07/25	    3.02	    3.05	    2.99	    3.02	        4893172	       3.10	       3.14	           	           	           	       0.00	           	       0.00	       0.00	       0.00	       0.00	       0.00	          0	      48932	      53353	      61094	   57832.43	   58831.57	   71332.24	           	           	           	           	           	           	       1.00	       1.00	       1.00	       1.00	       1.00	       1.00	       1.00	       1.00	       1.00	       1.00	       1.00	       1.00	       1.00	       1.00	       1.00	       1.00	       1.00	       1.00	       0.00	       0.00	       0.00	       0.00	       0.00	       0.00	
 2024/07/26	    3.02	    3.06	    3.02	    3.05	        3515260	       3.10	       3.14	           	           	           	       0.00	       2.99	       1.00	       0.00	       0.00	       0.00	       0.00	          0	      35153	      53296	      58013	   51004.77	   51658.09	   68196.01	           	           	           	           	           	           	       1.00	       1.00	       1.00	       1.00	       1.00	       1.00	       1.00	       1.00	       1.00	       1.00	       1.00	       1.00	       1.00	       1.00	       1.00	       1.00	       1.00	       1.00	       0.00	       0.00	       0.00	       0.00	       0.00	       0.00	
 2024/07/29	    3.05	    3.06	    3.02	    3.05	        3957900	       3.09	       3.13	           	           	           	       0.00	       2.99	       1.00	       0.00	       0.00	       0.00	       0.00	          0	      39579	      48720	      54538	   46575.63	   49198.26	   67023.99	           	           	           	           	           	           	       1.00	       1.00	       1.00	       1.00	       1.00	       1.00	       1.00	       1.00	       1.00	       1.00	       1.00	       1.00	       1.00	       1.00	       1.00	       1.00	       1.00	       1.00	       0.00	       0.00	       0.00	       0.00	       0.00	       0.00	
 2024/07/30	    3.04	    3.07	    3.02	    3.06	        5299419	       3.09	       3.12	           	           	           	       0.00	       2.99	       1.00	       0.00	       0.00	       0.00	       0.00	          0	      52994	      47859	      50584	   44164.38	   49311.04	   64879.02	           	           	           	           	           	           	       1.00	       1.00	       1.00	       1.00	       1.00	       1.00	       1.00	       1.00	       1.00	       1.00	       1.00	       1.00	       1.00	       1.00	       1.00	       1.00	       1.00	       1.00	       0.00	       0.00	       0.00	       0.00	       0.00	       0.00	
 2024/07/31	    3.05	    3.14	    3.05	    3.13	       10921521	       3.09	       3.12	       3.09	       3.12	           	       0.00	       2.99	       1.00	       0.00	       0.00	       0.00	       0.00	          0	     109215	      57175	      55580	   59235.25	   58533.84	   65982.04	           	           	           	           	           	           	       1.00	       1.00	       1.00	       1.00	       1.00	       1.00	       1.00	       1.00	       1.00	       1.00	       1.00	       1.00	       1.00	       1.00	       1.00	       1.00	       1.00	       1.00	       0.00	       0.00	       0.00	       0.00	       0.00	       0.00	
 2024/08/01	    3.13	    3.16	    3.11	    3.15	       10631883	       3.10	       3.12	       3.10	       3.12	           	       0.00	       2.99	       1.00	       0.00	       0.00	       0.00	       0.00	          0	     106319	      68652	      61002	   77026.80	   64015.79	   65800.34	   72599.71	      27.56	      22.91	      23.55	      25.98	           	       1.00	       1.00	       1.00	       1.00	       1.00	       1.00	       1.00	       1.00	       1.00	       1.00	       1.00	       1.00	       1.00	       1.00	       1.00	       1.00	       1.00	       1.00	       1.00	       1.00	       1.00	       1.00	       1.00	       1.00	
 2024/08/02	    3.14	    3.18	    3.12	    3.17	        8040940	       3.11	       3.13	       3.11	       3.13	           	       0.00	       2.99	       1.00	       0.00	       0.00	       0.00	       0.00	          0	      80409	      77703	      65500	   87234.41	   66905.02	   64663.26	   72544.45	      29.94	      22.96	      22.19	      24.90	           	       1.00	       1.00	       1.00	       1.00	       1.00	       1.00	       1.00	       1.00	       1.00	       1.00	       1.00	       1.00	       1.00	       1.00	       1.00	       1.00	       1.00	       1.00	       1.00	       1.00	       1.00	       1.00	       1.00	       1.00	
 2024/08/05	    3.17	    3.17	    3.10	    3.11	        9198220	       3.11	       3.13	       3.11	           	           	       0.00	       2.99	       1.00	       0.00	       0.00	       0.00	       0.00	          0	      91982	      88184	      68452	   96981.41	   70572.89	   66289.36	   73120.96	      31.59	      22.99	      21.60	      23.82	           	       1.00	       1.00	       1.00	       1.00	       1.00	       1.00	       1.00	       1.00	       1.00	       1.00	       1.00	       1.00	       1.00	       1.00	       1.00	       1.00	       1.00	       1.00	       1.00	       1.00	       1.00	       1.00	       1.00	       1.00	
 2024/08/06	    3.15	    3.18	    3.12	    3.17	        9136425	       3.12	       3.13	       3.12	       3.13	           	       0.00	       2.99	       1.00	       0.00	       0.00	       0.00	       0.00	          0	      91364	      95858	      71859	   92518.67	   75876.97	   67354.27	   74264.38	      29.84	      24.48	      21.73	      23.96	           	       1.00	       1.00	       1.00	       1.00	       1.00	       1.00	       1.00	       1.00	       1.00	       1.00	       1.00	       1.00	       1.00	       1.00	       1.00	       1.00	       1.00	       1.00	       1.00	       1.00	       1.00	       1.00	       1.00	       1.00	
 2024/08/07	    3.16	    3.32	    3.15	    3.21	       20555740	       3.13	       3.14	       3.13	       3.14	           	       0.00	           	       0.00	       0.00	       0.00	       0.00	       0.00	          0	     205557	     115126	      86150	  117328.32	   97177.56	   74417.83	   77216.70	      32.04	      26.54	      20.32	      21.09	           	       1.00	       1.00	       1.00	       1.00	       1.00	       1.00	       1.00	       1.00	       1.00	       1.00	       1.00	       1.00	       1.00	       1.00	       1.00	       1.00	       1.00	       1.00	       1.00	       1.00	       1.00	       1.00	       1.00	       1.00	
 2024/08/08	    3.18	    3.23	    3.16	    3.17	       13394773	       3.13	       3.14	       3.13	       3.14	       3.32	       1.00	           	       0.00	       0.00	       0.00	       0.00	       0.00	          0	     133948	     120652	      94652	  130712.89	  108973.64	   79085.96	   79617.23	      32.81	      27.35	      19.85	      19.98	           	       1.00	       1.00	       1.00	       1.00	       1.00	       1.00	       1.00	       1.00	       1.00	       1.00	       1.00	       1.00	       1.00	       1.00	       1.00	       1.00	       1.00	       1.00	       1.00	       1.00	       1.00	       1.00	       1.00	       1.00	
 2024/08/09	    3.17	    3.21	    3.16	    3.16	        8622800	       3.14	       3.14	       3.14	       3.14	       3.32	       1.00	           	       0.00	       0.00	       0.00	       0.00	       0.00	          0	      86228	     121816	      99760	  129274.34	  113127.87	   81219.46	   79288.93	      32.09	      28.08	      20.16	      19.68	           	       1.00	       1.00	       1.00	       1.00	       1.00	       1.00	       1.00	       1.00	       1.00	       1.00	       1.00	       1.00	       1.00	       1.00	       1.00	       1.00	       1.00	       1.00	       1.00	       1.00	       1.00	       1.00	       1.00	       1.00	
 2024/08/12	    3.14	    3.17	    3.12	    3.14	        5594200	       3.14	       3.14	       3.14	           	       3.32	       1.00	           	       0.00	       0.00	       0.00	       0.00	       0.00	          0	      55942	     114608	     101396	  120418.79	  106468.72	   82501.29	   78816.09	      31.02	      27.43	      21.25	      20.30	           	       1.00	       1.00	       1.00	       1.00	       1.00	       1.00	       1.00	       1.00	       1.00	       1.00	       1.00	       1.00	       1.00	       1.00	       1.00	       1.00	       1.00	       1.00	       1.00	       1.00	       1.00	       1.00	       1.00	       1.00	
 2024/08/13	    3.14	    3.16	    3.11	    3.16	        4822300	       3.14	       3.14	       3.14	       3.14	       3.32	       1.00	           	       0.00	       0.00	       0.00	       0.00	       0.00	          0	      48223	     105980	     100919	   81085.19	   99206.74	   81611.27	   78429.16	      23.83	      29.15	      23.98	      23.04	           	       1.00	       1.00	       1.00	       1.00	       1.00	       1.00	       1.00	       1.00	       1.00	       1.00	       1.00	       1.00	       1.00	       1.00	       1.00	       1.00	       1.00	       1.00	       1.00	       1.00	       1.00	       1.00	       1.00	       1.00	
 2024/08/14	    3.14	    3.16	    3.12	    3.13	        4035300	       3.14	       3.14	           	           	       3.32	       1.00	           	       0.00	       0.00	       0.00	       0.00	       0.00	          0	      40353	      72939	      94033	   57686.50	   94199.70	   80552.37	   77049.69	      18.64	      30.44	      26.03	      24.90	           	       1.00	       1.00	       1.00	       1.00	       1.00	       1.00	       1.00	       1.00	       1.00	       1.00	       1.00	       1.00	       1.00	       1.00	       1.00	       1.00	       1.00	       1.00	       1.00	       1.00	       1.00	       1.00	       1.00	       1.00	
 2024/08/15	    3.12	    3.18	    3.11	    3.18	        7738920	       3.15	       3.15	       3.15	       3.15	       3.32	       1.00	           	       0.00	       0.00	       0.00	       0.00	       0.00	          0	      77389	      61627	      91140	   55476.80	   92375.58	   81474.24	   76767.16	      18.12	      30.18	      26.62	      25.08	           	       1.00	       1.00	       1.00	       1.00	       1.00	       1.00	       1.00	       1.00	       1.00	       1.00	       1.00	       1.00	       1.00	       1.00	       1.00	       1.00	       1.00	       1.00	       1.00	       1.00	       1.00	       1.00	       1.00	       1.00	
 2024/08/16	    3.18	    3.19	    3.13	    3.14	        5783913	       3.14	       3.15	           	           	       3.32	       1.00	           	       0.00	       0.00	       0.00	       0.00	       0.00	          0	      57839	      55949	      88883	   55951.08	   88184.94	   82030.95	   76681.60	      18.47	      29.12	      27.09	      25.32	           	       1.00	       1.00	       1.00	       1.00	       1.00	       1.00	       1.00	       1.00	       1.00	       1.00	       1.00	       1.00	       1.00	       1.00	       1.00	       1.00	       1.00	       1.00	       1.00	       1.00	       1.00	       1.00	       1.00	       1.00	
 2024/08/19	    3.15	    3.16	    3.12	    3.13	        5265753	       3.14	       3.14	           	           	       3.32	       1.00	           	       0.00	       0.00	       0.00	       0.00	       0.00	          0	      52658	      55292	      84950	   57059.71	   69072.45	   83125.01	   75660.51	      20.03	      24.24	      29.18	      26.56	           	       1.00	       1.00	       1.00	       1.00	       1.00	       1.00	       1.00	       1.00	       1.00	       1.00	       1.00	       1.00	       1.00	       1.00	       1.00	       1.00	       1.00	       1.00	       1.00	       1.00	       1.00	       1.00	       1.00	       1.00	
 2024/08/20	    3.14	    3.14	    3.05	    3.06	        7268940	       3.13	       3.14	           	           	       3.32	       1.00	           	       0.00	       0.00	       0.00	       0.00	       0.00	          0	      72689	      60186	      83083	   65143.82	   61415.16	   85194.41	   76109.20	      22.63	      21.33	      29.60	      26.44	           	       1.00	       1.00	       1.00	       1.00	       1.00	       1.00	       1.00	       1.00	       1.00	       1.00	       1.00	       1.00	       1.00	       1.00	       1.00	       1.00	       1.00	       1.00	       1.00	       1.00	       1.00	       1.00	       1.00	       1.00	
 2024/08/21	    3.08	    3.10	    3.04	    3.07	        4745960	       3.12	       3.13	           	           	       3.32	       1.00	           	       0.00	       0.00	       0.00	       0.00	       0.00	          0	      47460	      61607	      67273	   57661.41	   56569.11	   84848.50	   74863.77	      21.05	      20.65	      30.97	      27.33	           	       1.00	       1.00	       1.00	       1.00	       1.00	       1.00	       1.00	       1.00	       1.00	       1.00	       1.00	       1.00	       1.00	       1.00	       1.00	       1.00	       1.00	       1.00	       1.00	       1.00	       1.00	       1.00	       1.00	       1.00	
 2024/08/22	    3.07	    3.08	    3.01	    3.02	        5592500	       3.11	       3.12	           	           	       3.32	       1.00	           	       0.00	       0.00	       0.00	       0.00	       0.00	          0	      55925	      57314	      59471	   57182.88	   56566.98	   81517.86	   73749.96	      21.26	      21.03	      30.30	      27.41	           	       1.00	       1.00	       1.00	       1.00	       1.00	       1.00	       1.00	       1.00	       1.00	       1.00	       1.00	       1.00	       1.00	       1.00	       1.00	       1.00	       1.00	       1.00	       1.00	       1.00	       1.00	       1.00	       1.00	       1.00	
 2024/08/23	    3.02	    3.05	    3.00	    3.02	        4445720	       3.10	       3.11	           	           	       3.32	       1.00	           	       0.00	       0.00	       0.00	       0.00	       0.00	          0	      44457	      54638	      55294	   55132.80	   56096.26	   77651.51	   71725.94	      21.16	      21.53	      29.80	      27.52	           	       1.00	       1.00	       1.00	       1.00	       1.00	       1.00	       1.00	       1.00	       1.00	       1.00	       1.00	       1.00	       1.00	       1.00	       1.00	       1.00	       1.00	       1.00	       1.00	       1.00	       1.00	       1.00	       1.00	       1.00	
 2024/08/26	    3.03	    3.05	    3.01	    3.05	        4531680	       3.09	       3.11	           	           	       3.32	       1.00	           	       0.00	       0.00	       0.00	       0.00	       0.00	          0	      45317	      53170	      54231	   48289.65	   56716.73	   75458.22	   70060.74	      19.28	      22.64	      30.12	      27.97	           	       1.00	       1.00	       1.00	       1.00	       1.00	       1.00	       1.00	       1.00	       1.00	       1.00	       1.00	       1.00	       1.00	       1.00	       1.00	       1.00	       1.00	       1.00	       1.00	       1.00	       1.00	       1.00	       1.00	       1.00	
 2024/08/27	    3.04	    3.06	    3.02	    3.03	        4437372	       3.08	       3.10	           	           	       3.32	       1.00	           	       0.00	       0.00	       0.00	       0.00	       0.00	          0	      44374	      47506	      53846	   47518.18	   52589.80	   72482.69	   69386.03	      19.64	      21.73	      29.95	      28.67	           	       1.00	       1.00	       1.00	       1.00	       1.00	       1.00	       1.00	       1.00	       1.00	       1.00	       1.00	       1.00	       1.00	       1.00	       1.00	       1.00	       1.00	       1.00	       1.00	       1.00	       1.00	       1.00	       1.00	       1.00	
 2024/08/28	    3.02	    3.06	    3.02	    3.04	        5283237	       3.08	       3.09	           	           	       3.32	       1.00	           	       0.00	       0.00	       0.00	       0.00	       0.00	          0	      52832	      48581	      55094	   46745.02	   51963.95	   70074.45	   68714.37	      19.68	      21.88	      29.51	      28.93	           	       1.00	       1.00	       1.00	       1.00	       1.00	       1.00	       1.00	       1.00	       1.00	       1.00	       1.00	       1.00	       1.00	       1.00	       1.00	       1.00	       1.00	       1.00	       1.00	       1.00	       1.00	       1.00	       1.00	       1.00	
 2024/08/29	    3.04	    3.04	    2.99	    3.03	        6461500	       3.07	       3.09	           	           	           	       0.00	           	       0.00	       0.00	       0.00	       0.00	       0.00	          0	      64615	      50319	      53817	   51784.47	   53458.64	   61265.54	   67841.69	      22.10	      22.81	      26.14	      28.95	           	       1.00	       1.00	       1.00	       1.00	       1.00	       1.00	       1.00	       1.00	       1.00	       1.00	       1.00	       1.00	       1.00	       1.00	       1.00	       1.00	       1.00	       1.00	       1.00	       1.00	       1.00	       1.00	       1.00	       1.00	
 2024/08/30	    3.03	    3.10	    3.02	    3.06	        8400761	       3.07	       3.09	           	           	           	       0.00	           	       0.00	       0.00	       0.00	       0.00	       0.00	          0	      84008	      58229	      56433	   61457.18	   54873.41	   58144.29	   68615.13	      25.28	      22.57	      23.92	      28.23	           	       1.00	       1.00	       1.00	       1.00	       1.00	       1.00	       1.00	       1.00	       1.00	       1.00	       1.00	       1.00	       1.00	       1.00	       1.00	       1.00	       1.00	       1.00	       1.00	       1.00	       1.00	       1.00	       1.00	       1.00	
 2024/09/02	    3.05	    3.10	    3.05	    3.06	        8327410	       3.07	       3.08	           	           	       3.10	       1.00	           	       0.00	       0.00	       0.00	       0.00	       0.00	          0	      83274	      65821	      59495	   71182.27	   59350.23	   57959.67	   69589.57	      27.58	      23.00	      22.46	      26.96	           	       1.00	       1.00	       1.00	       1.00	       1.00	       1.00	       1.00	       1.00	       1.00	       1.00	       1.00	       1.00	       1.00	       1.00	       1.00	       1.00	       1.00	       1.00	       1.00	       1.00	       1.00	       1.00	       1.00	       1.00	
 2024/09/03	    3.06	    3.07	    3.01	    3.03	        8823770	       3.06	       3.08	           	           	       3.10	       1.00	           	       0.00	       0.00	       0.00	       0.00	       0.00	          0	      88238	      74593	      61050	   80033.61	   63389.32	   59978.14	   71239.72	      29.14	      23.08	      21.84	      25.94	           	       1.00	       1.00	       1.00	       1.00	       1.00	       1.00	       1.00	       1.00	       1.00	       1.00	       1.00	       1.00	       1.00	       1.00	       1.00	       1.00	       1.00	       1.00	       1.00	       1.00	       1.00	       1.00	       1.00	       1.00	
 2024/09/04	    3.03	    3.03	    3.00	    3.00	        5242200	       3.05	       3.07	           	           	       3.10	       1.00	           	       0.00	       0.00	       0.00	       0.00	       0.00	          0	      52422	      74511	      61546	   76985.36	   64384.92	   60240.59	   70925.94	      28.25	      23.62	      22.10	      26.02	           	       1.00	       1.00	       1.00	       1.00	       1.00	       1.00	       1.00	       1.00	       1.00	       1.00	       1.00	       1.00	       1.00	       1.00	       1.00	       1.00	       1.00	       1.00	       1.00	       1.00	       1.00	       1.00	       1.00	       1.00	
 2024/09/05	    3.00	    3.03	    3.00	    3.03	        4593940	       3.05	       3.07	           	           	       3.10	       1.00	           	       0.00	       0.00	       0.00	       0.00	       0.00	          0	      45939	      70776	      60548	   67468.30	   64462.74	   60589.73	   70571.05	      25.64	      24.50	      23.03	      26.82	           	       1.00	       1.00	       1.00	       1.00	       1.00	       1.00	       1.00	       1.00	       1.00	       1.00	       1.00	       1.00	       1.00	       1.00	       1.00	       1.00	       1.00	       1.00	       1.00	       1.00	       1.00	       1.00	       1.00	       1.00	
 2024/09/06	    3.01	    3.03	    3.01	    3.01	        4561421	       3.05	       3.06	           	           	       3.10	       1.00	           	       0.00	       0.00	       0.00	       0.00	       0.00	          0	      45614	      63097	      60663	   58053.33	   64617.80	   58603.80	   70039.02	      23.10	      25.71	      23.32	      27.87	           	       1.00	       1.00	       1.00	       1.00	       1.00	       1.00	       1.00	       1.00	       1.00	       1.00	       1.00	       1.00	       1.00	       1.00	       1.00	       1.00	       1.00	       1.00	       1.00	       1.00	       1.00	       1.00	       1.00	       1.00	
 2024/09/09	    3.01	    3.04	    2.97	    3.03	        6297340	       3.04	       3.06	           	           	           	       0.00	           	       0.00	       0.00	       0.00	       0.00	       0.00	          0	      62973	      59037	      62429	   51737.25	   65885.42	   58924.69	   70477.82	      20.94	      26.67	      23.85	      28.53	           	       1.00	       1.00	       1.00	       1.00	       1.00	       1.00	       1.00	       1.00	       1.00	       1.00	       1.00	       1.00	       1.00	       1.00	       1.00	       1.00	       1.00	       1.00	       1.00	       1.00	       1.00	       1.00	       1.00	       1.00	
 2024/09/10	    3.03	    3.06	    3.00	    3.05	        6522050	       3.04	       3.06	       3.04	           	           	       0.00	       2.97	       1.00	       0.00	       0.00	       0.00	       0.00	          0	      65221	      54434	      64514	   54936.88	   65961.11	   59709.88	   71417.45	      21.80	      26.17	      23.69	      28.34	           	       1.00	       1.00	       1.00	       1.00	       1.00	       1.00	       1.00	       1.00	       1.00	       1.00	       1.00	       1.00	       1.00	       1.00	       1.00	       1.00	       1.00	       1.00	       1.00	       1.00	       1.00	       1.00	       1.00	       1.00	
 2024/09/11	    3.04	    3.04	    3.01	    3.02	        3274769	       3.04	       3.05	           	           	           	       0.00	       2.97	       1.00	       0.00	       0.00	       0.00	       0.00	          0	      32748	      50499	      62505	   51638.95	   59553.63	   57213.52	   71203.97	      21.55	      24.85	      23.88	      29.72	           	       1.00	       1.00	       1.00	       1.00	       1.00	       1.00	       1.00	       1.00	       1.00	       1.00	       1.00	       1.00	       1.00	       1.00	       1.00	       1.00	       1.00	       1.00	       1.00	       1.00	       1.00	       1.00	       1.00	       1.00	
 2024/09/12	    3.01	    3.08	    3.01	    3.06	        7766369	       3.04	       3.06	       3.04	       3.06	           	       0.00	       2.97	       1.00	       0.00	       0.00	       0.00	       0.00	          0	      77664	      56844	      63810	   59651.32	   58852.33	   59101.28	   71974.89	      23.90	      23.58	      23.68	      28.84	           	       1.00	       1.00	       1.00	       1.00	       1.00	       1.00	       1.00	       1.00	       1.00	       1.00	       1.00	       1.00	       1.00	       1.00	       1.00	       1.00	       1.00	       1.00	       1.00	       1.00	       1.00	       1.00	       1.00	       1.00	
 2024/09/13	    3.05	    3.07	    3.03	    3.04	        5192200	       3.04	       3.05	           	           	           	       0.00	       2.97	       1.00	       0.00	       0.00	       0.00	       0.00	          0	      51922	      58105	      60601	   56888.47	   54312.86	   58851.09	   70184.48	      23.68	      22.61	      24.50	      29.21	           	       1.00	       1.00	       1.00	       1.00	       1.00	       1.00	       1.00	       1.00	       1.00	       1.00	       1.00	       1.00	       1.00	       1.00	       1.00	       1.00	       1.00	       1.00	       1.00	       1.00	       1.00	       1.00	       1.00	       1.00	
 2024/09/18	    3.02	    3.07	    3.01	    3.07	        6125260	       3.05	       3.06	       3.05	       3.06	           	       0.00	       2.97	       1.00	       0.00	       0.00	       0.00	       0.00	          0	      61253	      57761	      58399	   55896.49	   55416.69	   59900.80	   68776.16	      23.29	      23.09	      24.96	      28.66	           	       1.00	       1.00	       1.00	       1.00	       1.00	       1.00	       1.00	       1.00	       1.00	       1.00	       1.00	       1.00	       1.00	       1.00	       1.00	       1.00	       1.00	       1.00	       1.00	       1.00	       1.00	       1.00	       1.00	       1.00	
 2024/09/19	    3.06	    3.13	    3.04	    3.11	       11432022	       3.06	       3.06	       3.06	       3.06	           	       0.00	       2.97	       1.00	       0.00	       0.00	       0.00	       0.00	          0	     114320	      67581	      61008	   76289.63	   63964.29	   64213.52	   69835.87	      27.81	      23.32	      23.41	      25.46	           	       1.00	       1.00	       1.00	       1.00	       1.00	       1.00	       1.00	       1.00	       1.00	       1.00	       1.00	       1.00	       1.00	       1.00	       1.00	       1.00	       1.00	       1.00	       1.00	       1.00	       1.00	       1.00	       1.00	       1.00	
 2024/09/20	    3.10	    3.12	    3.08	    3.12	        9628668	       3.06	       3.07	       3.06	       3.07	           	       0.00	       2.97	       1.00	       0.00	       0.00	       0.00	       0.00	          0	      96287	      80289	      65394	   80945.38	   70298.34	   67458.07	   69970.38	      28.04	      24.35	      23.37	      24.24	           	       1.00	       1.00	       1.00	       1.00	       1.00	       1.00	       1.00	       1.00	       1.00	       1.00	       1.00	       1.00	       1.00	       1.00	       1.00	       1.00	       1.00	       1.00	       1.00	       1.00	       1.00	       1.00	       1.00	       1.00	
 2024/09/23	    3.12	    3.16	    3.10	    3.15	        8147962	       3.08	       3.07	       3.08	       3.07	           	       0.00	       2.97	       1.00	       0.00	       0.00	       0.00	       0.00	          0	      81480	      81052	      68948	   88334.77	   72611.63	   69248.52	   69661.48	      29.46	      24.22	      23.09	      23.23	           	       1.00	       1.00	       1.00	       1.00	       1.00	       1.00	       1.00	       1.00	       1.00	       1.00	       1.00	       1.00	       1.00	       1.00	       1.00	       1.00	       1.00	       1.00	       1.00	       1.00	       1.00	       1.00	       1.00	       1.00	
 2024/09/24	    3.16	    3.25	    3.15	    3.23	       19575652	       3.10	       3.09	       3.10	       3.09	           	       0.00	       2.97	       1.00	       0.00	       0.00	       0.00	       0.00	          0	     195757	     109819	      83962	  121960.76	   88928.63	   77444.87	   69355.20	      34.10	      24.86	      21.65	      19.39	           	       1.00	       1.00	       1.00	       1.00	       1.00	       1.00	       1.00	       1.00	       1.00	       1.00	       1.00	       1.00	       1.00	       1.00	       1.00	       1.00	       1.00	       1.00	       1.00	       1.00	       1.00	       1.00	       1.00	       1.00	
 2024/09/25	    3.26	    3.31	    3.22	    3.23	       23010372	       3.11	       3.10	       3.11	       3.10	           	       0.00	       2.97	       1.00	       0.00	       0.00	       0.00	       0.00	          0	     230104	     143589	     100675	  150906.64	  113598.13	   86575.88	   72360.09	      35.64	      26.83	      20.45	      17.09	           	       1.00	       1.00	       1.00	       1.00	       1.00	       1.00	       1.00	       1.00	       1.00	       1.00	       1.00	       1.00	       1.00	       1.00	       1.00	       1.00	       1.00	       1.00	       1.00	       1.00	       1.00	       1.00	       1.00	       1.00	
 2024/09/26	    3.23	    3.30	    3.20	    3.30	       18205726	       3.14	       3.12	       3.14	       3.12	           	       0.00	       2.97	       1.00	       0.00	       0.00	       0.00	       0.00	          0	     182057	     157137	     112359	  172349.28	  126647.33	   92749.83	   75354.76	      36.90	      27.11	      19.86	      16.13	           	       1.00	       1.00	       1.00	       1.00	       1.00	       1.00	       1.00	       1.00	       1.00	       1.00	       1.00	       1.00	       1.00	       1.00	       1.00	       1.00	       1.00	       1.00	       1.00	       1.00	       1.00	       1.00	       1.00	       1.00	
 2024/09/27	    3.32	    3.39	    3.31	    3.39	       20777000	       3.17	       3.14	       3.17	       3.14	           	       0.00	       2.97	       1.00	       0.00	       0.00	       0.00	       0.00	          0	     207770	     179433	     129861	  203921.88	  146128.33	  100220.59	   80099.38	      38.45	      27.55	      18.90	      15.10	           	       1.00	       1.00	       1.00	       1.00	       1.00	       1.00	       1.00	       1.00	       1.00	       1.00	       1.00	       1.00	       1.00	       1.00	       1.00	       1.00	       1.00	       1.00	       1.00	       1.00	       1.00	       1.00	       1.00	       1.00	
 2024/09/30	    3.58	    3.70	    3.43	    3.66	       58854224	       3.24	       3.19	       3.24	       3.19	           	       0.00	       2.97	       1.00	       0.00	       0.00	       0.00	       0.00	          0	     588542	     280846	     180949	  302118.31	  212039.53	  133728.11	   96984.34	      40.56	      28.47	      17.95	      13.02	           	       1.00	       1.00	       1.00	       1.00	       1.00	       1.00	       1.00	       1.00	       1.00	       1.00	       1.00	       1.00	       1.00	       1.00	       1.00	       1.00	       1.00	       1.00	       1.00	       1.00	       1.00	       1.00	       1.00	       1.00	
 2024/10/08	    4.03	    4.03	    3.63	    3.79	       72476896	       3.31	       3.24	       3.31	       3.24	           	       0.00	       2.97	       1.00	       0.00	       0.00	       0.00	       0.00	          0	     724769	     386648	     248234	  425784.63	  288345.63	  176154.97	  118372.35	      42.21	      28.59	      17.46	      11.74	           	       1.00	       1.00	       1.00	       1.00	       1.00	       1.00	       1.00	       1.00	       1.00	       1.00	       1.00	       1.00	       1.00	       1.00	       1.00	       1.00	       1.00	       1.00	       1.00	       1.00	       1.00	       1.00	       1.00	       1.00	
 2024/10/09	    3.74	    3.74	    3.46	    3.47	       40925988	       3.33	       3.27	       3.33	       3.27	           	       0.00	       2.97	       1.00	       0.00	       0.00	       0.00	       0.00	          0	     409260	     422480	     283035	  482585.25	  327467.25	  198882.81	  128743.30	      42.42	      28.78	      17.48	      11.32	           	       1.00	       1.00	       1.00	       1.00	       1.00	       1.00	       1.00	       1.00	       1.00	       1.00	       1.00	       1.00	       1.00	       1.00	       1.00	       1.00	       1.00	       1.00	       1.00	       1.00	       1.00	       1.00	       1.00	       1.00	
 2024/10/10	    3.48	    3.82	    3.46	    3.82	       77774072	       3.40	       3.32	       3.40	       3.32	           	       0.00	       2.97	       1.00	       0.00	       0.00	       0.00	       0.00	          0	     777741	     541616	     349377	  625077.94	  414499.91	  243555.77	  151240.23	      43.58	      28.90	      16.98	      10.54	           	       1.00	       1.00	       1.00	       1.00	       1.00	       1.00	       1.00	       1.00	       1.00	       1.00	       1.00	       1.00	       1.00	       1.00	       1.00	       1.00	       1.00	       1.00	       1.00	       1.00	       1.00	       1.00	       1.00	       1.00	
 2024/10/11	    3.82	    4.15	    3.70	    3.77	      103590160	       3.45	       3.36	       3.45	       3.36	           	       0.00	           	       0.00	       0.00	       0.00	       0.00	       0.00	          0	    1035902	     707243	     443338	  736917.81	  519518.06	  304223.28	  181966.56	      42.29	      29.81	      17.46	      10.44	           	       1.00	       1.00	       1.00	       1.00	       1.00	       1.00	       1.00	       1.00	       1.00	       1.00	       1.00	       1.00	       1.00	       1.00	       1.00	       1.00	       1.00	       1.00	       1.00	       1.00	       1.00	       1.00	       1.00	       1.00	
 2024/10/14	    3.76	    3.81	    3.60	    3.77	       56908260	       3.49	       3.39	       3.49	       3.39	       4.15	       1.00	           	       0.00	       0.00	       0.00	       0.00	       0.00	          0	     569083	     703351	     492098	  697996.25	  561890.44	  337744.22	  197478.84	      38.88	      31.30	      18.81	      11.00	           	       1.00	       1.00	       1.00	       1.00	       1.00	       1.00	       1.00	       1.00	       1.00	       1.00	       1.00	       1.00	       1.00	       1.00	       1.00	       1.00	       1.00	       1.00	       1.00	       1.00	       1.00	       1.00	       1.00	       1.00	
 2024/10/15	    3.73	    3.77	    3.59	    3.60	       47822584	       3.50	       3.41	       3.50	       3.41	       4.15	       1.00	           	       0.00	       0.00	       0.00	       0.00	       0.00	          0	     478226	     654042	     520345	  715237.75	  598911.50	  362779.38	  210940.30	      37.89	      31.72	      19.22	      11.17	           	       1.00	       1.00	       1.00	       1.00	       1.00	       1.00	       1.00	       1.00	       1.00	       1.00	       1.00	       1.00	       1.00	       1.00	       1.00	       1.00	       1.00	       1.00	       1.00	       1.00	       1.00	       1.00	       1.00	       1.00	
 2024/10/16	    3.60	    3.69	    3.56	    3.63	       28188440	       3.52	       3.43	       3.52	       3.43	       4.15	       1.00	           	       0.00	       0.00	       0.00	       0.00	       0.00	          0	     281884	     628567	     525523	  591273.63	  608175.75	  377152.00	  218001.52	      32.95	      33.89	      21.02	      12.15	           	       1.00	       1.00	       1.00	       1.00	       1.00	       1.00	       1.00	       1.00	       1.00	       1.00	       1.00	       1.00	       1.00	       1.00	       1.00	       1.00	       1.00	       1.00	       1.00	       1.00	       1.00	       1.00	       1.00	       1.00	
 2024/10/17	    3.63	    3.67	    3.54	    3.55	       29852796	       3.53	       3.44	       3.53	       3.44	       4.15	       1.00	           	       0.00	       0.00	       0.00	       0.00	       0.00	          0	     298528	     532725	     537170	  406930.22	  571924.00	  391981.72	  225941.23	      25.48	      35.82	      24.55	      14.15	           	       1.00	       1.00	       1.00	       1.00	       1.00	       1.00	       1.00	       1.00	       1.00	       1.00	       1.00	       1.00	       1.00	       1.00	       1.00	       1.00	       1.00	       1.00	       1.00	       1.00	       1.00	       1.00	       1.00	       1.00	
 2024/10/18	    3.55	    3.62	    3.49	    3.60	       33931928	       3.54	       3.46	       3.54	       3.46	           	       0.00	           	       0.00	       0.00	       0.00	       0.00	       0.00	          0	     339319	     393408	     550325	  349489.38	  523742.81	  406044.22	  235128.83	      23.08	      34.58	      26.81	      15.53	           	       1.00	       1.00	       1.00	       1.00	       1.00	       1.00	       1.00	       1.00	       1.00	       1.00	       1.00	       1.00	       1.00	       1.00	       1.00	       1.00	       1.00	       1.00	       1.00	       1.00	       1.00	       1.00	       1.00	       1.00	
 2024/10/21	    3.59	    3.70	    3.57	    3.65	       33969176	       3.55	       3.48	       3.55	       3.48	           	       0.00	       3.49	       1.00	       0.00	       0.00	       0.00	       0.00	          0	     339692	     347530	     525440	  314855.84	  515046.78	  421257.00	  244357.50	      21.05	      34.44	      28.17	      16.34	           	       1.00	       1.00	       1.00	       1.00	       1.00	       1.00	       1.00	       1.00	       1.00	       1.00	       1.00	       1.00	       1.00	       1.00	       1.00	       1.00	       1.00	       1.00	       1.00	       1.00	       1.00	       1.00	       1.00	       1.00	
 2024/10/22	    3.69	    3.69	    3.64	    3.68	       25849212	       3.57	       3.49	       3.57	       3.49	           	       0.00	       3.49	       1.00	       0.00	       0.00	       0.00	       0.00	          0	     258492	     303583	     478813	  309007.78	  450140.69	  432320.28	  250784.36	      21.43	      31.21	      29.98	      17.39	           	       1.00	       1.00	       1.00	       1.00	       1.00	       1.00	       1.00	       1.00	       1.00	       1.00	       1.00	       1.00	       1.00	       1.00	       1.00	       1.00	       1.00	       1.00	       1.00	       1.00	       1.00	       1.00	       1.00	       1.00	
 2024/10/23	    3.70	    3.98	    3.65	    3.84	       70790016	       3.60	       3.53	       3.60	       3.53	           	       0.00	       3.49	       1.00	       0.00	       0.00	       0.00	       0.00	          0	     707900	     388786	     508677	  411350.81	  409140.50	  464329.25	  270887.06	      26.44	      26.30	      29.85	      17.41	           	       1.00	       1.00	       1.00	       1.00	       1.00	       1.00	       1.00	       1.00	       1.00	       1.00	       1.00	       1.00	       1.00	       1.00	       1.00	       1.00	       1.00	       1.00	       1.00	       1.00	       1.00	       1.00	       1.00	       1.00	
 2024/10/24	    3.78	    3.95	    3.73	    3.84	       43528532	       3.64	       3.55	       3.64	       3.55	           	       0.00	       3.49	       1.00	       0.00	       0.00	       0.00	       0.00	          0	     435285	     416138	     474431	  435342.34	  392415.84	  477153.16	  281864.50	      27.44	      24.73	      30.07	      17.76	           	       1.00	       1.00	       1.00	       1.00	       1.00	       1.00	       1.00	       1.00	       1.00	       1.00	       1.00	       1.00	       1.00	       1.00	       1.00	       1.00	       1.00	       1.00	       1.00	       1.00	       1.00	       1.00	       1.00	       1.00	
 2024/10/25	    3.88	    4.09	    3.86	    3.96	       64134280	       3.68	       3.59	       3.68	       3.59	           	       0.00	       3.49	       1.00	       0.00	       0.00	       0.00	       0.00	          0	     641343	     476542	     434975	  510755.09	  412805.47	  505858.44	  299304.19	      29.55	      23.88	      29.26	      17.31	           	       1.00	       1.00	       1.00	       1.00	       1.00	       1.00	       1.00	       1.00	       1.00	       1.00	       1.00	       1.00	       1.00	       1.00	       1.00	       1.00	       1.00	       1.00	       1.00	       1.00	       1.00	       1.00	       1.00	       1.00	
 2024/10/28	    3.94	    4.20	    3.92	    4.15	       74579440	       3.74	       3.64	       3.74	       3.64	           	       0.00	           	       0.00	       0.00	       0.00	       0.00	       0.00	          0	     745794	     557763	     452646	  632580.69	  470794.25	  539485.00	  319852.81	      32.23	      23.99	      27.49	      16.30	           	       1.00	       1.00	       1.00	       1.00	       1.00	       1.00	       1.00	       1.00	       1.00	       1.00	       1.00	       1.00	       1.00	       1.00	       1.00	       1.00	       1.00	       1.00	       1.00	       1.00	       1.00	       1.00	       1.00	       1.00	
 2024/10/29	    4.12	    4.13	    3.90	    3.90	       64840380	       3.76	       3.67	       3.76	       3.67	       4.20	       1.00	           	       0.00	       0.00	       0.00	       0.00	       0.00	          0	     648404	     635745	     469664	  617706.56	  514528.69	  543226.38	  338477.25	      30.67	      25.55	      26.97	      16.81	           	       1.00	       1.00	       1.00	       1.00	       1.00	       1.00	       1.00	       1.00	       1.00	       1.00	       1.00	       1.00	       1.00	       1.00	       1.00	       1.00	       1.00	       1.00	       1.00	       1.00	       1.00	       1.00	       1.00	       1.00	
 2024/10/30	    3.86	    3.97	    3.85	    3.93	       35873256	       3.79	       3.69	       3.79	       3.69	       4.20	       1.00	           	       0.00	       0.00	       0.00	       0.00	       0.00	          0	     358733	     565912	     477349	  598568.38	  516955.34	  520349.06	  348252.03	      30.17	      26.05	      26.23	      17.55	           	       1.00	       1.00	       1.00	       1.00	       1.00	       1.00	       1.00	       1.00	       1.00	       1.00	       1.00	       1.00	       1.00	       1.00	       1.00	       1.00	       1.00	       1.00	       1.00	       1.00	       1.00	       1.00	       1.00	       1.00	
 2024/10/31	    3.93	    4.07	    3.92	    4.02	       46614700	       3.82	       3.72	       3.82	       3.72	       4.20	       1.00	           	       0.00	       0.00	       0.00	       0.00	       0.00	          0	     466147	     572084	     494111	  554769.44	  532762.25	  523904.56	  361393.72	      28.12	      27.00	      26.56	      18.32	           	       1.00	       1.00	       1.00	       1.00	       1.00	       1.00	       1.00	       1.00	       1.00	       1.00	       1.00	       1.00	       1.00	       1.00	       1.00	       1.00	       1.00	       1.00	       1.00	       1.00	       1.00	       1.00	       1.00	       1.00	
 2024/11/01	    4.03	    4.13	    3.96	    4.06	       60537004	       3.85	       3.75	       3.85	       3.75	       4.20	       1.00	           	       0.00	       0.00	       0.00	       0.00	       0.00	          0	     605370	     564890	     520716	  519663.31	  576121.94	  513131.31	  378343.63	      26.15	      28.99	      25.82	      19.04	           	       1.00	       1.00	       1.00	       1.00	       1.00	       1.00	       1.00	       1.00	       1.00	       1.00	       1.00	       1.00	       1.00	       1.00	       1.00	       1.00	       1.00	       1.00	       1.00	       1.00	       1.00	       1.00	       1.00	       1.00	
 2024/11/04	    4.06	    4.06	    3.95	    4.03	       32727140	       3.87	       3.78	       3.87	       3.78	       4.20	       1.00	           	       0.00	       0.00	       0.00	       0.00	       0.00	          0	     327271	     481185	     519474	  439380.25	  528543.38	  468841.97	  386532.72	      24.10	      28.99	      25.71	      21.20	           	       1.00	       1.00	       1.00	       1.00	       1.00	       1.00	       1.00	       1.00	       1.00	       1.00	       1.00	       1.00	       1.00	       1.00	       1.00	       1.00	       1.00	       1.00	       1.00	       1.00	       1.00	       1.00	       1.00	       1.00	
 2024/11/05	    4.00	    4.14	    3.97	    4.11	       56833440	       3.90	       3.81	       3.90	       3.81	       4.20	       1.00	           	       0.00	       0.00	       0.00	       0.00	       0.00	          0	     568334	     465171	     550458	  491780.69	  545174.56	  468795.25	  403269.81	      25.76	      28.56	      24.56	      21.12	           	       1.00	       1.00	       1.00	       1.00	       1.00	       1.00	       1.00	       1.00	       1.00	       1.00	       1.00	       1.00	       1.00	       1.00	       1.00	       1.00	       1.00	       1.00	       1.00	       1.00	       1.00	       1.00	       1.00	       1.00	
 2024/11/06	    4.11	    4.29	    4.06	    4.21	       80244096	       3.95	       3.84	       3.95	       3.84	       4.20	       1.00	           	       0.00	       0.00	       0.00	       0.00	       0.00	          0	     802441	     553913	     559912	  575854.19	  565311.81	  489058.69	  425919.13	      28.01	      27.49	      23.79	      20.71	           	       1.00	       1.00	       1.00	       1.00	       1.00	       1.00	       1.00	       1.00	       1.00	       1.00	       1.00	       1.00	       1.00	       1.00	       1.00	       1.00	       1.00	       1.00	       1.00	       1.00	       1.00	       1.00	       1.00	       1.00	
 2024/11/07	    4.13	    4.63	    4.13	    4.63	      150624528	       4.04	       3.91	       4.04	       3.91	       4.20	       1.00	           	       0.00	       0.00	       0.00	       0.00	       0.00	          0	    1506245	     761932	     667008	  801073.00	  660368.19	  565581.19	  471366.69	      32.06	      26.43	      22.64	      18.87	           	       1.00	       1.00	       1.00	       1.00	       1.00	       1.00	       1.00	       1.00	       1.00	       1.00	       1.00	       1.00	       1.00	       1.00	       1.00	       1.00	       1.00	       1.00	       1.00	       1.00	       1.00	       1.00	       1.00	       1.00	
 2024/11/08	    4.65	    5.09	    4.45	    4.88	      183658000	       4.15	       4.00	       4.15	       4.00	       4.20	       1.00	           	       0.00	       0.00	       0.00	       0.00	       0.00	          0	    1836580	    1008174	     786532	 1178400.13	  808890.19	  661709.44	  526845.69	      37.11	      25.47	      20.84	      16.59	           	       1.00	       1.00	       1.00	       1.00	       1.00	       1.00	       1.00	       1.00	       1.00	       1.00	       1.00	       1.00	       1.00	       1.00	       1.00	       1.00	       1.00	       1.00	       1.00	       1.00	       1.00	       1.00	       1.00	       1.00	
 2024/11/11	    4.68	    5.36	    4.62	    5.10	      161374128	       4.28	       4.10	       4.28	       4.10	       4.20	       1.00	           	       0.00	       0.00	       0.00	       0.00	       0.00	          0	    1613741	    1265468	     873327	 1439751.88	  965766.31	  741360.81	  573702.56	      38.70	      25.96	      19.93	      15.42	           	       1.00	       1.00	       1.00	       1.00	       1.00	       1.00	       1.00	       1.00	       1.00	       1.00	       1.00	       1.00	       1.00	       1.00	       1.00	       1.00	       1.00	       1.00	       1.00	       1.00	       1.00	       1.00	       1.00	       1.00	
 2024/11/12	    5.00	    5.49	    4.91	    5.12	      160927920	       4.39	       4.19	       4.39	       4.19	           	       0.00	           	       0.00	       0.00	       0.00	       0.00	       0.00	          0	    1609279	    1473657	     969414	 1641461.50	 1108657.88	  820710.06	  620983.56	      39.16	      26.45	      19.58	      14.81	           	       1.00	       1.00	       1.00	       1.00	       1.00	       1.00	       1.00	       1.00	       1.00	       1.00	       1.00	       1.00	       1.00	       1.00	       1.00	       1.00	       1.00	       1.00	       1.00	       1.00	       1.00	       1.00	       1.00	       1.00	
 2024/11/13	    5.00	    5.25	    4.96	    4.97	      117847504	       4.47	       4.27	       4.47	       4.27	       5.49	       1.00	           	       0.00	       0.00	       0.00	       0.00	       0.00	          0	    1178475	    1548864	    1051388	 1559518.88	 1180295.88	  878208.94	  655264.56	      36.49	      27.62	      20.55	      15.33	           	       1.00	       1.00	       1.00	       1.00	       1.00	       1.00	       1.00	       1.00	       1.00	       1.00	       1.00	       1.00	       1.00	       1.00	       1.00	       1.00	       1.00	       1.00	       1.00	       1.00	       1.00	       1.00	       1.00	       1.00	
 2024/11/14	    4.88	    4.99	    4.61	    4.64	       96118816	       4.49	       4.30	       4.49	       4.30	       5.49	       1.00	           	       0.00	       0.00	       0.00	       0.00	       0.00	          0	     961188	    1439853	    1100893	 1340671.00	 1259535.50	  894039.44	  679184.31	      32.12	      30.18	      21.42	      16.27	           	       1.00	       1.00	       1.00	       1.00	       1.00	       1.00	       1.00	       1.00	       1.00	       1.00	       1.00	       1.00	       1.00	       1.00	       1.00	       1.00	       1.00	       1.00	       1.00	       1.00	       1.00	       1.00	       1.00	       1.00	
 2024/11/15	    4.60	    4.86	    4.55	    4.68	       79921392	       4.51	       4.33	       4.51	       4.33	       5.49	       1.00	           	       0.00	       0.00	       0.00	       0.00	       0.00	          0	     799214	    1232379	    1120277	 1137039.00	 1288395.38	  916784.94	  696968.94	      28.15	      31.90	      22.70	      17.26	           	       1.00	       1.00	       1.00	       1.00	       1.00	       1.00	       1.00	       1.00	       1.00	       1.00	       1.00	       1.00	       1.00	       1.00	       1.00	       1.00	       1.00	       1.00	       1.00	       1.00	       1.00	       1.00	       1.00	       1.00	
 2024/11/18	    4.74	    5.10	    4.70	    4.97	      117336176	       4.58	       4.39	       4.58	       4.39	       5.49	       1.00	           	       0.00	       0.00	       0.00	       0.00	       0.00	          0	    1173362	    1144304	    1204886	 1028059.75	 1334760.50	  950036.13	  727947.25	      25.44	      33.03	      23.51	      18.01	           	       1.00	       1.00	       1.00	       1.00	       1.00	       1.00	       1.00	       1.00	       1.00	       1.00	       1.00	       1.00	       1.00	       1.00	       1.00	       1.00	       1.00	       1.00	       1.00	       1.00	       1.00	       1.00	       1.00	       1.00	
 2024/11/19	    4.87	    4.97	    4.71	    4.84	       79458152	       4.61	       4.43	       4.61	       4.43	       5.49	       1.00	           	       0.00	       0.00	       0.00	       0.00	       0.00	          0	     794582	     981364	    1227511	  932086.38	 1245802.63	  953085.38	  746285.13	      24.04	      32.13	      24.58	      19.25	           	       1.00	       1.00	       1.00	       1.00	       1.00	       1.00	       1.00	       1.00	       1.00	       1.00	       1.00	       1.00	       1.00	       1.00	       1.00	       1.00	       1.00	       1.00	       1.00	       1.00	       1.00	       1.00	       1.00	       1.00	
 2024/11/20	    4.74	    4.95	    4.71	    4.86	       69957464	       4.64	       4.47	       4.64	       4.47	       5.49	       1.00	           	       0.00	       0.00	       0.00	       0.00	       0.00	          0	     699575	     885584	    1217224	  866683.00	 1103676.88	  956283.50	  749754.88	      23.57	      30.02	      26.01	      20.39	           	       1.00	       1.00	       1.00	       1.00	       1.00	       1.00	       1.00	       1.00	       1.00	       1.00	       1.00	       1.00	       1.00	       1.00	       1.00	       1.00	       1.00	       1.00	       1.00	       1.00	       1.00	       1.00	       1.00	       1.00	
 2024/11/21	    4.82	    4.88	    4.74	    4.77	       57577648	       4.66	       4.50	       4.66	       4.50	       5.49	       1.00	           	       0.00	       0.00	       0.00	       0.00	       0.00	          0	     575777	     808502	    1124177	  810823.63	  973931.38	  969848.75	  745098.94	      23.17	      27.83	      27.71	      21.29	           	       1.00	       1.00	       1.00	       1.00	       1.00	       1.00	       1.00	       1.00	       1.00	       1.00	       1.00	       1.00	       1.00	       1.00	       1.00	       1.00	       1.00	       1.00	       1.00	       1.00	       1.00	       1.00	       1.00	       1.00	
 2024/11/22	    4.82	    4.96	    4.60	    4.62	       73667232	       4.66	       4.51	           	       4.51	       5.49	       1.00	           	       0.00	       0.00	       0.00	       0.00	       0.00	          0	     736672	     795993	    1014186	  701651.25	  864855.44	  986756.56	  755330.50	      21.21	      26.14	      29.82	      22.83	           	       1.00	       1.00	       1.00	       1.00	       1.00	       1.00	       1.00	       1.00	       1.00	       1.00	       1.00	       1.00	       1.00	       1.00	       1.00	       1.00	       1.00	       1.00	       1.00	       1.00	       1.00	       1.00	       1.00	       1.00	
 2024/11/25	    4.56	    4.62	    4.40	    4.49	       61829780	       4.63	       4.51	           	           	       5.49	       1.00	           	       0.00	       0.00	       0.00	       0.00	       0.00	          0	     618298	     684981	     914642	  657580.31	  794833.31	  987564.56	  750347.94	      20.61	      24.91	      30.95	      23.52	           	       1.00	       1.00	       1.00	       1.00	       1.00	       1.00	       1.00	       1.00	       1.00	       1.00	       1.00	       1.00	       1.00	       1.00	       1.00	       1.00	       1.00	       1.00	       1.00	       1.00	       1.00	       1.00	       1.00	       1.00	
 2024/11/26	    4.80	    4.91	    4.62	    4.66	       84980384	       4.64	       4.52	       4.64	       4.52	       5.49	       1.00	           	       0.00	       0.00	       0.00	       0.00	       0.00	          0	     849804	     696025	     838695	  695137.63	  780910.25	 1020222.81	  744532.31	      21.45	      24.10	      31.48	      22.97	           	       1.00	       1.00	       1.00	       1.00	       1.00	       1.00	       1.00	       1.00	       1.00	       1.00	       1.00	       1.00	       1.00	       1.00	       1.00	       1.00	       1.00	       1.00	       1.00	       1.00	       1.00	       1.00	       1.00	       1.00	
 2024/11/27	    4.58	    4.61	    4.36	    4.57	       59702660	       4.63	       4.53	           	       4.53	           	       0.00	           	       0.00	       0.00	       0.00	       0.00	       0.00	          0	     597027	     675515	     780550	  700450.13	  755636.88	 1022016.13	  745405.63	      21.73	      23.44	      31.71	      23.12	           	       1.00	       1.00	       1.00	       1.00	       1.00	       1.00	       1.00	       1.00	       1.00	       1.00	       1.00	       1.00	       1.00	       1.00	       1.00	       1.00	       1.00	       1.00	       1.00	       1.00	       1.00	       1.00	       1.00	       1.00	
 2024/11/28	    4.51	    4.57	    4.45	    4.46	       45026852	       4.61	       4.52	           	           	           	       0.00	       4.36	       1.00	       0.00	       0.00	       0.00	       0.00	          0	     450269	     650414	     729458	  628849.19	  665250.19	 1000005.31	  744531.94	      20.70	      21.89	      32.91	      24.50	           	       1.00	       1.00	       1.00	       1.00	       1.00	       1.00	       1.00	       1.00	       1.00	       1.00	       1.00	       1.00	       1.00	       1.00	       1.00	       1.00	       1.00	       1.00	       1.00	       1.00	       1.00	       1.00	       1.00	       1.00	
 2024/11/29	    4.45	    4.58	    4.36	    4.51	       56742268	       4.59	       4.52	           	           	           	       0.00	       4.36	       1.00	       0.00	       0.00	       0.00	       0.00	          0	     567423	     616564	     706279	  616130.44	  636855.31	  941328.94	  753455.06	      20.90	      21.60	      31.93	      25.56	           	       1.00	       1.00	       1.00	       1.00	       1.00	       1.00	       1.00	       1.00	       1.00	       1.00	       1.00	       1.00	       1.00	       1.00	       1.00	       1.00	       1.00	       1.00	       1.00	       1.00	       1.00	       1.00	       1.00	       1.00	
 2024/12/02	    4.51	    4.75	    4.46	    4.69	       66987980	       4.61	       4.53	       4.61	       4.53	           	       0.00	       4.36	       1.00	       0.00	       0.00	       0.00	       0.00	          0	     669880	     626880	     655930	  571149.38	  633143.50	  868410.19	  765059.81	      20.13	      22.31	      30.60	      26.96	           	       1.00	       1.00	       1.00	       1.00	       1.00	       1.00	       1.00	       1.00	       1.00	       1.00	       1.00	       1.00	       1.00	       1.00	       1.00	       1.00	       1.00	       1.00	       1.00	       1.00	       1.00	       1.00	       1.00	       1.00	
 2024/12/03	    4.70	    4.84	    4.63	    4.77	       64510120	       4.63	       4.56	       4.63	       4.56	           	       0.00	       4.36	       1.00	       0.00	       0.00	       0.00	       0.00	          0	     645101	     585940	     640982	  583168.06	  641809.13	  807870.19	  774615.44	      20.77	      22.86	      28.78	      27.59	           	       1.00	       1.00	       1.00	       1.00	       1.00	       1.00	       1.00	       1.00	       1.00	       1.00	       1.00	       1.00	       1.00	       1.00	       1.00	       1.00	       1.00	       1.00	       1.00	       1.00	       1.00	       1.00	       1.00	       1.00	
 2024/12/04	    4.71	    4.82	    4.59	    4.62	       58959180	       4.63	       4.56	           	       4.56	           	       0.00	       4.36	       1.00	       0.00	       0.00	       0.00	       0.00	          0	     589592	     584453	     629984	  617998.88	  623424.06	  744139.75	  782424.81	      22.33	      22.52	      26.88	      28.27	           	       1.00	       1.00	       1.00	       1.00	       1.00	       1.00	       1.00	       1.00	       1.00	       1.00	       1.00	       1.00	       1.00	       1.00	       1.00	       1.00	       1.00	       1.00	       1.00	       1.00	       1.00	       1.00	       1.00	       1.00	
 2024/12/05	    4.59	    4.62	    4.54	    4.61	       36756672	       4.62	       4.57	           	       4.57	           	       0.00	       4.36	       1.00	       0.00	       0.00	       0.00	       0.00	          0	     367567	     567912	     609163	  568034.88	  592082.69	  693458.00	  785833.44	      21.52	      22.43	      26.27	      29.77	           	       1.00	       1.00	       1.00	       1.00	       1.00	       1.00	       1.00	       1.00	       1.00	       1.00	       1.00	       1.00	       1.00	       1.00	       1.00	       1.00	       1.00	       1.00	       1.00	       1.00	       1.00	       1.00	       1.00	       1.00	
 2024/12/06	    4.60	    4.82	    4.57	    4.77	       70294664	       4.64	       4.58	       4.64	       4.58	           	       0.00	       4.36	       1.00	       0.00	       0.00	       0.00	       0.00	          0	     702947	     595017	     605791	  576301.63	  573725.50	  677317.94	  785678.69	      22.05	      21.96	      25.92	      30.07	           	       1.00	       1.00	       1.00	       1.00	       1.00	       1.00	       1.00	       1.00	       1.00	       1.00	       1.00	       1.00	       1.00	       1.00	       1.00	       1.00	       1.00	       1.00	       1.00	       1.00	       1.00	       1.00	       1.00	       1.00	
 2024/12/09	    4.78	    4.81	    4.62	    4.66	       50590120	       4.65	       4.59	       4.65	       4.59	           	       0.00	       4.36	       1.00	       0.00	       0.00	       0.00	       0.00	          0	     505901	     562222	     594551	  541501.56	  562334.81	  658985.88	  787885.38	      21.23	      22.05	      25.84	      30.89	           	       1.00	       1.00	       1.00	       1.00	       1.00	       1.00	       1.00	       1.00	       1.00	       1.00	       1.00	       1.00	       1.00	       1.00	       1.00	       1.00	       1.00	       1.00	       1.00	       1.00	       1.00	       1.00	       1.00	       1.00	
 2024/12/10	    4.75	    4.79	    4.62	    4.64	       61924900	       4.65	       4.60	           	       4.60	           	       0.00	       4.36	       1.00	       0.00	       0.00	       0.00	       0.00	          0	     619249	     557051	     571495	  548915.88	  583457.38	  624353.88	  787195.06	      21.58	      22.94	      24.54	      30.94	           	       1.00	       1.00	       1.00	       1.00	       1.00	       1.00	       1.00	       1.00	       1.00	       1.00	       1.00	       1.00	       1.00	       1.00	       1.00	       1.00	       1.00	       1.00	       1.00	       1.00	       1.00	       1.00	       1.00	       1.00	
 2024/12/11	    4.63	    4.80	    4.59	    4.77	       63314152	       4.66	       4.61	       4.66	       4.61	           	       0.00	       4.36	       1.00	       0.00	       0.00	       0.00	       0.00	          0	     633142	     565761	     575107	  615309.63	  591672.25	  614263.81	  783674.63	      23.62	      22.71	      23.58	      30.08	           	       1.00	       1.00	       1.00	       1.00	       1.00	       1.00	       1.00	       1.00	       1.00	       1.00	       1.00	       1.00	       1.00	       1.00	       1.00	       1.00	       1.00	       1.00	       1.00	       1.00	       1.00	       1.00	       1.00	       1.00	
 2024/12/12	    4.77	    4.81	    4.67	    4.80	       52724016	       4.68	       4.63	       4.68	       4.63	           	       0.00	       4.36	       1.00	       0.00	       0.00	       0.00	       0.00	          0	     527240	     597696	     582804	  571383.00	  573842.25	  603492.88	  779888.25	      22.60	      22.69	      23.87	      30.84	           	       1.00	       1.00	       1.00	       1.00	       1.00	       1.00	       1.00	       1.00	       1.00	       1.00	       1.00	       1.00	       1.00	       1.00	       1.00	       1.00	       1.00	       1.00	       1.00	       1.00	       1.00	       1.00	       1.00	       1.00	
 2024/12/13	    4.77	    4.80	    4.58	    4.59	       65908500	       4.67	       4.63	           	           	           	       0.00	       4.36	       1.00	       0.00	       0.00	       0.00	       0.00	          0	     659085	     588923	     591970	  609678.94	  575590.25	  608699.63	  789274.25	      23.60	      22.28	      23.56	      30.55	           	       1.00	       1.00	       1.00	       1.00	       1.00	       1.00	       1.00	       1.00	       1.00	       1.00	       1.00	       1.00	       1.00	       1.00	       1.00	       1.00	       1.00	       1.00	       1.00	       1.00	       1.00	       1.00	       1.00	       1.00	
 2024/12/16	    4.55	    4.67	    4.51	    4.55	       37938632	       4.65	       4.62	           	           	           	       0.00	       4.36	       1.00	       0.00	       0.00	       0.00	       0.00	          0	     379386	     563620	     562921	  549713.25	  549314.56	  586369.31	  786563.00	      22.24	      22.22	      23.72	      31.82	           	       1.00	       1.00	       1.00	       1.00	       1.00	       1.00	       1.00	       1.00	       1.00	       1.00	       1.00	       1.00	       1.00	       1.00	       1.00	       1.00	       1.00	       1.00	       1.00	       1.00	       1.00	       1.00	       1.00	       1.00	
 2024/12/17	    4.52	    4.55	    4.37	    4.38	       36218388	       4.62	       4.60	           	           	           	       0.00	       4.36	       1.00	       0.00	       0.00	       0.00	       0.00	          0	     362184	     512207	     534629	  481973.88	  548641.75	  570362.19	  778963.44	      20.25	      23.05	      23.97	      32.73	           	       1.00	       1.00	       1.00	       1.00	       1.00	       1.00	       1.00	       1.00	       1.00	       1.00	       1.00	       1.00	       1.00	       1.00	       1.00	       1.00	       1.00	       1.00	       1.00	       1.00	       1.00	       1.00	       1.00	       1.00	
 2024/12/18	    4.38	    4.48	    4.37	    4.41	       25385300	       4.59	       4.58	           	           	           	       0.00	       4.36	       1.00	       0.00	       0.00	       0.00	       0.00	          0	     253853	     436350	     501055	  413627.06	  492505.03	  533115.25	  776669.06	      18.67	      22.23	      24.06	      35.05	           	       1.00	       1.00	       1.00	       1.00	       1.00	       1.00	       1.00	       1.00	       1.00	       1.00	       1.00	       1.00	       1.00	       1.00	       1.00	       1.00	       1.00	       1.00	       1.00	       1.00	       1.00	       1.00	       1.00	       1.00	
 2024/12/19	    4.36	    4.37	    4.25	    4.30	       28261020	       4.55	       4.55	           	           	           	       0.00	       4.36	       1.00	       0.00	       0.00	       0.00	       0.00	          0	     282610	     387424	     492560	  319508.34	  464593.63	  513464.19	  767740.25	      15.47	      22.50	      24.86	      37.17	           	       1.00	       1.00	       1.00	       1.00	       1.00	       1.00	       1.00	       1.00	       1.00	       1.00	       1.00	       1.00	       1.00	       1.00	       1.00	       1.00	       1.00	       1.00	       1.00	       1.00	       1.00	       1.00	       1.00	       1.00	
 2024/12/20	    4.28	    4.32	    4.24	    4.26	       24108784	       4.51	       4.53	           	           	           	       0.00	       4.36	       1.00	       0.00	       0.00	       0.00	       0.00	          0	     241088	     303824	     446374	  284933.72	  417323.50	  500390.41	  750198.00	      14.59	      21.37	      25.62	      38.42	           	       1.00	       1.00	       1.00	       1.00	       1.00	       1.00	       1.00	       1.00	       1.00	       1.00	       1.00	       1.00	       1.00	       1.00	       1.00	       1.00	       1.00	       1.00	       1.00	       1.00	       1.00	       1.00	       1.00	       1.00	
 2024/12/23	    4.27	    4.28	    4.10	    4.14	       26761664	       4.46	       4.49	           	           	           	       0.00	           	       0.00	       0.00	       0.00	       0.00	       0.00	          0	     267617	     281470	     422545	  261291.91	  371632.88	  481652.53	  711490.81	      14.31	      20.35	      26.38	      38.96	           	       1.00	       1.00	       1.00	       1.00	       1.00	       1.00	       1.00	       1.00	       1.00	       1.00	       1.00	       1.00	       1.00	       1.00	       1.00	       1.00	       1.00	       1.00	       1.00	       1.00	       1.00	       1.00	       1.00	       1.00	
 2024/12/24	    4.15	    4.21	    4.11	    4.17	       19755840	       4.42	       4.46	           	           	           	       0.00	       4.10	       1.00	       0.00	       0.00	       0.00	       0.00	          0	     197558	     248545	     380376	  247218.27	  330422.66	  452132.44	  660271.44	      14.63	      19.55	      26.75	      39.07	           	       1.00	       1.00	       1.00	       1.00	       1.00	       1.00	       1.00	       1.00	       1.00	       1.00	       1.00	       1.00	       1.00	       1.00	       1.00	       1.00	       1.00	       1.00	       1.00	       1.00	       1.00	       1.00	       1.00	       1.00	
 2024/12/25	    4.17	    4.35	    4.14	    4.35	       53803044	       4.41	       4.45	           	           	           	       0.00	       4.10	       1.00	       0.00	       0.00	       0.00	       0.00	          0	     538030	     305381	     370865	  311073.34	  315290.84	  445440.53	  626655.38	      18.32	      18.56	      26.23	      36.90	           	       1.00	       1.00	       1.00	       1.00	       1.00	       1.00	       1.00	       1.00	       1.00	       1.00	       1.00	       1.00	       1.00	       1.00	       1.00	       1.00	       1.00	       1.00	       1.00	       1.00	       1.00	       1.00	       1.00	       1.00	
 2024/12/26	    4.33	    4.33	    4.22	    4.26	       31036184	       4.39	       4.44	           	           	           	       0.00	       4.10	       1.00	       0.00	       0.00	       0.00	       0.00	          0	     310362	     310931	     349177	  328391.81	  306662.75	  427988.63	  586064.25	      19.91	      18.60	      25.95	      35.54	           	       1.00	       1.00	       1.00	       1.00	       1.00	       1.00	       1.00	       1.00	       1.00	       1.00	       1.00	       1.00	       1.00	       1.00	       1.00	       1.00	       1.00	       1.00	       1.00	       1.00	       1.00	       1.00	       1.00	       1.00	
 2024/12/27	    4.24	    4.59	    4.20	    4.40	       52311260	       4.39	       4.43	       4.39	           	           	       0.00	           	       0.00	       0.00	       0.00	       0.00	       0.00	          0	     523113	     367336	     335580	  392265.81	  326778.88	  437710.28	  565584.19	      22.78	      18.97	      25.41	      32.84	           	       1.00	       1.00	       1.00	       1.00	       1.00	       1.00	       1.00	       1.00	       1.00	       1.00	       1.00	       1.00	       1.00	       1.00	       1.00	       1.00	       1.00	       1.00	       1.00	       1.00	       1.00	       1.00	       1.00	       1.00	
 2024/12/30	    4.34	    4.40	    4.30	    4.32	       30206292	       4.38	       4.42	           	           	       4.59	       1.00	           	       0.00	       0.00	       0.00	       0.00	       0.00	          0	     302063	     374225	     327848	  418391.94	  332805.09	  412655.03	  544986.50	      24.48	      19.48	      24.15	      31.89	           	       1.00	       1.00	       1.00	       1.00	       1.00	       1.00	       1.00	       1.00	       1.00	       1.00	       1.00	       1.00	       1.00	       1.00	       1.00	       1.00	       1.00	       1.00	       1.00	       1.00	       1.00	       1.00	       1.00	       1.00	
 2024/12/31	    4.29	    4.51	    4.29	    4.33	       44546260	       4.38	       4.41	           	           	       4.59	       1.00	           	       0.00	       0.00	       0.00	       0.00	       0.00	          0	     445463	     423806	     336176	  395250.00	  353161.66	  408877.66	  533931.75	      23.37	      20.88	      24.18	      31.57	           	       1.00	       1.00	       1.00	       1.00	       1.00	       1.00	       1.00	       1.00	       1.00	       1.00	       1.00	       1.00	       1.00	       1.00	       1.00	       1.00	       1.00	       1.00	       1.00	       1.00	       1.00	       1.00	       1.00	       1.00	
 2025/01/02	    4.40	    4.42	    4.00	    4.10	       47625424	       4.34	       4.39	           	           	       4.59	       1.00	           	       0.00	       0.00	       0.00	       0.00	       0.00	          0	     476254	     411451	     358416	  436723.09	  382557.50	  399940.50	  512147.19	      25.22	      22.10	      23.10	      29.58	           	       1.00	       1.00	       1.00	       1.00	       1.00	       1.00	       1.00	       1.00	       1.00	       1.00	       1.00	       1.00	       1.00	       1.00	       1.00	       1.00	       1.00	       1.00	       1.00	       1.00	       1.00	       1.00	       1.00	       1.00	
 2025/01/03	    4.05	    4.12	    3.88	    3.91	       35690860	       4.28	       4.34	           	           	       4.59	       1.00	           	       0.00	       0.00	       0.00	       0.00	       0.00	          0	     356909	     420760	     365846	  395172.09	  393718.97	  382675.94	  498469.91	      23.66	      23.58	      22.91	      29.85	           	       1.00	       1.00	       1.00	       1.00	       1.00	       1.00	       1.00	       1.00	       1.00	       1.00	       1.00	       1.00	       1.00	       1.00	       1.00	       1.00	       1.00	       1.00	       1.00	       1.00	       1.00	       1.00	       1.00	       1.00	
 2025/01/06	    3.90	    3.99	    3.79	    3.86	       24338760	       4.23	       4.30	           	           	       4.59	       1.00	           	       0.00	       0.00	       0.00	       0.00	       0.00	          0	     243388	     364815	     366076	  380503.28	  399447.59	  364935.16	  484214.06	      23.36	      24.52	      22.40	      29.72	           	       1.00	       1.00	       1.00	       1.00	       1.00	       1.00	       1.00	       1.00	       1.00	       1.00	       1.00	       1.00	       1.00	       1.00	       1.00	       1.00	       1.00	       1.00	       1.00	       1.00	       1.00	       1.00	       1.00	       1.00	
 2025/01/07	    3.86	    3.92	    3.83	    3.92	       20716742	       4.19	       4.26	           	           	       4.59	       1.00	           	       0.00	       0.00	       0.00	       0.00	       0.00	          0	     207167	     345836	     360031	  320929.47	  358089.72	  336690.31	  472695.03	      21.56	      24.06	      22.62	      31.76	           	       1.00	       1.00	       1.00	       1.00	       1.00	       1.00	       1.00	       1.00	       1.00	       1.00	       1.00	       1.00	       1.00	       1.00	       1.00	       1.00	       1.00	       1.00	       1.00	       1.00	       1.00	       1.00	       1.00	       1.00	
 2025/01/08	    3.89	    3.91	    3.76	    3.87	       23364380	       4.14	       4.23	           	           	       4.59	       1.00	           	       0.00	       0.00	       0.00	       0.00	       0.00	          0	     233644	     303472	     363639	  260276.84	  348499.97	  327581.38	  456975.41	      18.68	      25.01	      23.51	      32.80	           	       1.00	       1.00	       1.00	       1.00	       1.00	       1.00	       1.00	       1.00	       1.00	       1.00	       1.00	       1.00	       1.00	       1.00	       1.00	       1.00	       1.00	       1.00	       1.00	       1.00	       1.00	       1.00	       1.00	       1.00	
 2025/01/09	    3.85	    3.89	    3.80	    3.86	       15610800	       4.11	       4.19	           	           	       4.59	       1.00	           	       0.00	       0.00	       0.00	       0.00	       0.00	          0	     156108	     239443	     325447	  210076.72	  302624.41	  314701.63	  442531.97	      16.54	      23.83	      24.78	      34.85	           	       1.00	       1.00	       1.00	       1.00	       1.00	       1.00	       1.00	       1.00	       1.00	       1.00	       1.00	       1.00	       1.00	       1.00	       1.00	       1.00	       1.00	       1.00	       1.00	       1.00	       1.00	       1.00	       1.00	       1.00	
 2025/01/10	    3.88	    3.98	    3.75	    3.76	       24530340	       4.06	       4.15	           	           	       4.59	       1.00	           	       0.00	       0.00	       0.00	       0.00	       0.00	          0	     245303	     217122	     318941	  210555.66	  295529.47	  314167.28	  423641.34	      16.93	      23.76	      25.26	      34.06	           	       1.00	       1.00	       1.00	       1.00	       1.00	       1.00	       1.00	       1.00	       1.00	       1.00	       1.00	       1.00	       1.00	       1.00	       1.00	       1.00	       1.00	       1.00	       1.00	       1.00	       1.00	       1.00	       1.00	       1.00	
 2025/01/13	    3.70	    3.76	    3.67	    3.75	       14875791	       4.02	       4.12	           	           	           	       0.00	           	       0.00	       0.00	       0.00	       0.00	       0.00	          0	     148758	     198196	     281506	  195953.28	  258441.38	  305801.50	  409632.91	      16.75	      22.09	      26.14	      35.02	           	       1.00	       1.00	       1.00	       1.00	       1.00	       1.00	       1.00	       1.00	       1.00	       1.00	       1.00	       1.00	       1.00	       1.00	       1.00	       1.00	       1.00	       1.00	       1.00	       1.00	       1.00	       1.00	       1.00	       1.00	
 2025/01/14	    3.75	    3.88	    3.75	    3.88	       24512900	       4.00	       4.10	           	           	           	       0.00	       3.67	       1.00	       0.00	       0.00	       0.00	       0.00	          0	     245129	     205788	     275812	  198824.58	  229550.72	  306054.06	  403222.28	      17.48	      20.18	      26.90	      35.44	           	       1.00	       1.00	       1.00	       1.00	       1.00	       1.00	       1.00	       1.00	       1.00	       1.00	       1.00	       1.00	       1.00	       1.00	       1.00	       1.00	       1.00	       1.00	       1.00	       1.00	       1.00	       1.00	       1.00	       1.00	
 2025/01/15	    3.85	    3.90	    3.83	    3.86	       17468680	       3.98	       4.07	           	           	           	       0.00	       3.67	       1.00	       0.00	       0.00	       0.00	       0.00	          0	     174687	     193997	     248735	  203469.28	  206772.98	  300245.97	  390949.28	      18.47	      18.77	      27.26	      35.49	           	       1.00	       1.00	       1.00	       1.00	       1.00	       1.00	       1.00	       1.00	       1.00	       1.00	       1.00	       1.00	       1.00	       1.00	       1.00	       1.00	       1.00	       1.00	       1.00	       1.00	       1.00	       1.00	       1.00	       1.00	
 2025/01/16	    3.89	    3.98	    3.88	    3.91	       25144500	       3.97	       4.06	           	           	           	       0.00	           	       0.00	       0.00	       0.00	       0.00	       0.00	          0	     251445	     213064	     226254	  205004.69	  207780.16	  303613.88	  377873.19	      18.73	      18.99	      27.75	      34.53	           	       1.00	       1.00	       1.00	       1.00	       1.00	       1.00	       1.00	       1.00	       1.00	       1.00	       1.00	       1.00	       1.00	       1.00	       1.00	       1.00	       1.00	       1.00	       1.00	       1.00	       1.00	       1.00	       1.00	       1.00	
 2025/01/17	    3.91	    3.91	    3.85	    3.87	       13232720	       3.96	       4.04	           	           	       3.98	       1.00	           	       0.00	       0.00	       0.00	       0.00	       0.00	          0	     132327	     190469	     203796	  200897.00	  198425.13	  278257.41	  361849.00	      19.33	      19.09	      26.77	      34.81	           	       1.00	       1.00	       1.00	       1.00	       1.00	       1.00	       1.00	       1.00	       1.00	       1.00	       1.00	       1.00	       1.00	       1.00	       1.00	       1.00	       1.00	       1.00	       1.00	       1.00	       1.00	       1.00	       1.00	       1.00	
 2025/01/20	    3.90	    3.91	    3.84	    3.88	       14785929	       3.95	       4.03	           	           	       3.98	       1.00	           	       0.00	       0.00	       0.00	       0.00	       0.00	          0	     147859	     190289	     194243	  176579.58	  187702.08	  268101.00	  348044.88	      18.01	      19.14	      27.35	      35.50	           	       1.00	       1.00	       1.00	       1.00	       1.00	       1.00	       1.00	       1.00	       1.00	       1.00	       1.00	       1.00	       1.00	       1.00	       1.00	       1.00	       1.00	       1.00	       1.00	       1.00	       1.00	       1.00	       1.00	       1.00	
 2025/01/21	    3.89	    3.90	    3.82	    3.84	       14412480	       3.93	       4.01	           	           	       3.98	       1.00	           	       0.00	       0.00	       0.00	       0.00	       0.00	          0	     144125	     170089	     187939	  168939.08	  186204.17	  244414.27	  341062.28	      17.96	      19.80	      25.98	      36.26	           	       1.00	       1.00	       1.00	       1.00	       1.00	       1.00	       1.00	       1.00	       1.00	       1.00	       1.00	       1.00	       1.00	       1.00	       1.00	       1.00	       1.00	       1.00	       1.00	       1.00	       1.00	       1.00	       1.00	       1.00	
 2025/01/22	    3.83	    3.85	    3.78	    3.79	       11468904	       3.91	       3.99	           	           	       3.98	       1.00	           	       0.00	       0.00	       0.00	       0.00	       0.00	          0	     114689	     158089	     176043	  134750.08	  169877.38	  232703.39	  322679.25	      15.67	      19.75	      27.06	      37.52	           	       1.00	       1.00	       1.00	       1.00	       1.00	       1.00	       1.00	       1.00	       1.00	       1.00	       1.00	       1.00	       1.00	       1.00	       1.00	       1.00	       1.00	       1.00	       1.00	       1.00	       1.00	       1.00	       1.00	       1.00	
 2025/01/23	    3.84	    3.89	    3.80	    3.80	       16380900	       3.90	       3.97	           	           	       3.98	       1.00	           	       0.00	       0.00	       0.00	       0.00	       0.00	          0	     163809	     140562	     176813	  142620.53	  171758.77	  215100.06	  311988.84	      16.95	      20.41	      25.56	      37.08	           	       1.00	       1.00	       1.00	       1.00	       1.00	       1.00	       1.00	       1.00	       1.00	       1.00	       1.00	       1.00	       1.00	       1.00	       1.00	       1.00	       1.00	       1.00	       1.00	       1.00	       1.00	       1.00	       1.00	       1.00	
 2025/01/24	    3.81	    3.83	    3.76	    3.81	       13829101	       3.89	       3.96	           	           	       3.98	       1.00	           	       0.00	       0.00	       0.00	       0.00	       0.00	          0	     138291	     141755	     166112	  140228.45	  158404.00	  193977.34	  296958.94	      17.76	      20.06	      24.57	      37.61	           	       1.00	       1.00	       1.00	       1.00	       1.00	       1.00	       1.00	       1.00	       1.00	       1.00	       1.00	       1.00	       1.00	       1.00	       1.00	       1.00	       1.00	       1.00	       1.00	       1.00	       1.00	       1.00	       1.00	       1.00	
 2025/01/27	    3.80	    3.90	    3.76	    3.77	       19059874	       3.87	       3.94	           	           	       3.98	       1.00	           	       0.00	       0.00	       0.00	       0.00	       0.00	          0	     190599	     150303	     170296	  151846.95	  160393.02	  183582.98	  283129.44	      19.49	      20.59	      23.57	      36.35	           	       1.00	       1.00	       1.00	       1.00	       1.00	       1.00	       1.00	       1.00	       1.00	       1.00	       1.00	       1.00	       1.00	       1.00	       1.00	       1.00	       1.00	       1.00	       1.00	       1.00	       1.00	       1.00	       1.00	       1.00	
 2025/02/05	    3.79	    3.81	    3.75	    3.78	       13962560	       3.86	       3.93	           	           	       3.98	       1.00	           	       0.00	       0.00	       0.00	       0.00	       0.00	          0	     139626	     149403	     159746	  158081.08	  146415.59	  177097.88	  271016.50	      21.00	      19.45	      23.53	      36.01	           	       1.00	       1.00	       1.00	       1.00	       1.00	       1.00	       1.00	       1.00	       1.00	       1.00	       1.00	       1.00	       1.00	       1.00	       1.00	       1.00	       1.00	       1.00	       1.00	       1.00	       1.00	       1.00	       1.00	       1.00	
 2025/02/06	    3.78	    3.81	    3.73	    3.81	       19585374	       3.85	       3.92	           	           	           	       0.00	           	       0.00	       0.00	       0.00	       0.00	       0.00	          0	     195854	     165636	     161862	  166092.27	  154356.39	  176390.77	  256540.53	      22.05	      20.49	      23.41	      34.05	           	       1.00	       1.00	       1.00	       1.00	       1.00	       1.00	       1.00	       1.00	       1.00	       1.00	       1.00	       1.00	       1.00	       1.00	       1.00	       1.00	       1.00	       1.00	       1.00	       1.00	       1.00	       1.00	       1.00	       1.00	
 2025/02/07	    3.80	    3.91	    3.78	    3.89	       28752920	       3.86	       3.91	       3.86	           	           	       0.00	       3.73	       1.00	       0.00	       0.00	       0.00	       0.00	          0	     287529	     190380	     165471	  203401.81	  171815.13	  179758.61	  253669.98	      25.15	      21.25	      22.23	      31.37	           	       1.00	       1.00	       1.00	       1.00	       1.00	       1.00	       1.00	       1.00	       1.00	       1.00	       1.00	       1.00	       1.00	       1.00	       1.00	       1.00	       1.00	       1.00	       1.00	       1.00	       1.00	       1.00	       1.00	       1.00	
 2025/02/10	    3.88	    3.95	    3.84	    3.95	       23918568	       3.87	       3.92	       3.87	       3.92	           	       0.00	       3.73	       1.00	       0.00	       0.00	       0.00	       0.00	          0	     239186	     210559	     176157	  215548.56	  183697.75	  184950.97	  249826.30	      25.84	      22.03	      22.18	      29.95	           	       1.00	       1.00	       1.00	       1.00	       1.00	       1.00	       1.00	       1.00	       1.00	       1.00	       1.00	       1.00	       1.00	       1.00	       1.00	       1.00	       1.00	       1.00	       1.00	       1.00	       1.00	       1.00	       1.00	       1.00	
 2025/02/11	    3.94	    3.96	    3.85	    3.89	       17762800	       3.87	       3.91	       3.87	           	           	       0.00	           	       0.00	       0.00	       0.00	       0.00	       0.00	          0	     177628	     207964	     179133	  225049.16	  191565.13	  180721.25	  247444.27	      26.64	      22.68	      21.39	      29.29	           	       1.00	       1.00	       1.00	       1.00	       1.00	       1.00	       1.00	       1.00	       1.00	       1.00	       1.00	       1.00	       1.00	       1.00	       1.00	       1.00	       1.00	       1.00	       1.00	       1.00	       1.00	       1.00	       1.00	       1.00	
 2025/02/12	    3.90	    3.94	    3.85	    3.89	       16426859	       3.87	       3.91	       3.87	           	       3.96	       1.00	           	       0.00	       0.00	       0.00	       0.00	       0.00	          0	     164269	     212893	     181148	  217152.86	  191622.56	  181690.66	  243746.11	      26.03	      22.97	      21.78	      29.22	           	       1.00	       1.00	       1.00	       1.00	       1.00	       1.00	       1.00	       1.00	       1.00	       1.00	       1.00	       1.00	       1.00	       1.00	       1.00	       1.00	       1.00	       1.00	       1.00	       1.00	       1.00	       1.00	       1.00	       1.00	
 2025/02/13	    3.86	    3.93	    3.86	    3.89	       19869280	       3.88	       3.91	       3.88	           	       3.96	       1.00	           	       0.00	       0.00	       0.00	       0.00	       0.00	          0	     198693	     213461	     189548	  194943.77	  199172.80	  178788.41	  242421.27	      23.91	      24.43	      21.93	      29.73	           	       1.00	       1.00	       1.00	       1.00	       1.00	       1.00	       1.00	       1.00	       1.00	       1.00	       1.00	       1.00	       1.00	       1.00	       1.00	       1.00	       1.00	       1.00	       1.00	       1.00	       1.00	       1.00	       1.00	       1.00	
 2025/02/14	    3.89	    3.92	    3.82	    3.83	       21406160	       3.87	       3.90	           	           	       3.96	       1.00	           	       0.00	       0.00	       0.00	       0.00	       0.00	          0	     214062	     198767	     194574	  188662.75	  202105.66	  181249.33	  240747.66	      23.21	      24.87	      22.30	      29.62	           	       1.00	       1.00	       1.00	       1.00	       1.00	       1.00	       1.00	       1.00	       1.00	       1.00	       1.00	       1.00	       1.00	       1.00	       1.00	       1.00	       1.00	       1.00	       1.00	       1.00	       1.00	       1.00	       1.00	       1.00	
 2025/02/17	    3.83	    3.89	    3.79	    3.87	       21117900	       3.87	       3.90	           	           	       3.96	       1.00	           	       0.00	       0.00	       0.00	       0.00	       0.00	          0	     211179	     193166	     201862	  197050.50	  211049.84	  178732.72	  241173.30	      23.80	      25.49	      21.59	      29.13	           	       1.00	       1.00	       1.00	       1.00	       1.00	       1.00	       1.00	       1.00	       1.00	       1.00	       1.00	       1.00	       1.00	       1.00	       1.00	       1.00	       1.00	       1.00	       1.00	       1.00	       1.00	       1.00	       1.00	       1.00	
 2025/02/18	    3.86	    3.87	    3.75	    3.76	       21437800	       3.86	       3.89	           	           	       3.96	       1.00	           	       0.00	       0.00	       0.00	       0.00	       0.00	          0	     214378	     200516	     204240	  209577.86	  213365.38	  183860.88	  231059.16	      25.01	      25.47	      21.94	      27.58	           	       1.00	       1.00	       1.00	       1.00	       1.00	       1.00	       1.00	       1.00	       1.00	       1.00	       1.00	       1.00	       1.00	       1.00	       1.00	       1.00	       1.00	       1.00	       1.00	       1.00	       1.00	       1.00	       1.00	       1.00	
 2025/02/19	    3.76	    3.78	    3.73	    3.77	       16619859	       3.84	       3.88	           	           	       3.96	       1.00	           	       0.00	       0.00	       0.00	       0.00	       0.00	          0	     166199	     200902	     206898	  201454.31	  198199.03	  185007.08	  226554.06	      24.83	      24.43	      22.81	      27.93	           	       1.00	       1.00	       1.00	       1.00	       1.00	       1.00	       1.00	       1.00	       1.00	       1.00	       1.00	       1.00	       1.00	       1.00	       1.00	       1.00	       1.00	       1.00	       1.00	       1.00	       1.00	       1.00	       1.00	       1.00	
 2025/02/20	    3.75	    3.81	    3.74	    3.81	       19228500	       3.84	       3.87	           	           	       3.96	       1.00	           	       0.00	       0.00	       0.00	       0.00	       0.00	          0	     192285	     199620	     206541	  196010.16	  192336.45	  188017.09	  216215.70	      24.73	      24.27	      23.72	      27.28	           	       1.00	       1.00	       1.00	       1.00	       1.00	       1.00	       1.00	       1.00	       1.00	       1.00	       1.00	       1.00	       1.00	       1.00	       1.00	       1.00	       1.00	       1.00	       1.00	       1.00	       1.00	       1.00	       1.00	       1.00	
 2025/02/21	    3.81	    3.81	    3.72	    3.77	       20700564	       3.83	       3.86	           	           	       3.96	       1.00	           	       0.00	       0.00	       0.00	       0.00	       0.00	          0	     207006	     198209	     198488	  194966.81	  196008.66	  193786.89	  213245.14	      24.43	      24.56	      24.28	      26.72	           	       1.00	       1.00	       1.00	       1.00	       1.00	       1.00	       1.00	       1.00	       1.00	       1.00	       1.00	       1.00	       1.00	       1.00	       1.00	       1.00	       1.00	       1.00	       1.00	       1.00	       1.00	       1.00	       1.00	       1.00	
 2025/02/24	    3.76	    3.82	    3.74	    3.79	       17218100	       3.83	       3.85	           	           	       3.96	       1.00	           	       0.00	       0.00	       0.00	       0.00	       0.00	          0	     172181	     190410	     191788	  184417.56	  196997.70	  194310.14	  204705.13	      23.63	      25.24	      24.90	      26.23	           	       1.00	       1.00	       1.00	       1.00	       1.00	       1.00	       1.00	       1.00	       1.00	       1.00	       1.00	       1.00	       1.00	       1.00	       1.00	       1.00	       1.00	       1.00	       1.00	       1.00	       1.00	       1.00	       1.00	       1.00	
 2025/02/25	    3.78	    3.82	    3.74	    3.75	       21346920	       3.82	       3.85	           	           	       3.96	       1.00	           	       0.00	       0.00	       0.00	       0.00	       0.00	          0	     213469	     190228	     195372	  196235.20	  198844.75	  199008.78	  196493.09	      24.82	      25.15	      25.17	      24.85	           	       1.00	       1.00	       1.00	       1.00	       1.00	       1.00	       1.00	       1.00	       1.00	       1.00	       1.00	       1.00	       1.00	       1.00	       1.00	       1.00	       1.00	       1.00	       1.00	       1.00	       1.00	       1.00	       1.00	       1.00	
 2025/02/26	    3.76	    3.83	    3.76	    3.82	       22065074	       3.82	       3.84	       3.82	           	       3.96	       1.00	           	       0.00	       0.00	       0.00	       0.00	       0.00	          0	     220651	     201118	     201010	  203326.64	  199668.39	  200887.02	  192235.02	      25.54	      25.08	      25.23	      24.15	           	       1.00	       1.00	       1.00	       1.00	       1.00	       1.00	       1.00	       1.00	       1.00	       1.00	       1.00	       1.00	       1.00	       1.00	       1.00	       1.00	       1.00	       1.00	       1.00	       1.00	       1.00	       1.00	       1.00	       1.00	
 2025/02/27	    3.82	    3.87	    3.75	    3.80	       21302900	       3.81	       3.84	           	           	           	       0.00	           	       0.00	       0.00	       0.00	       0.00	       0.00	          0	     213029	     205267	     202444	  204832.48	  199899.64	  205474.73	  191286.31	      25.56	      24.94	      25.64	      23.87	           	       1.00	       1.00	       1.00	       1.00	       1.00	       1.00	       1.00	       1.00	       1.00	       1.00	       1.00	       1.00	       1.00	       1.00	       1.00	       1.00	       1.00	       1.00	       1.00	       1.00	       1.00	       1.00	       1.00	       1.00	
 2025/02/28	    3.80	    3.82	    3.71	    3.72	       21662824	       3.80	       3.83	           	           	       3.87	       1.00	           	       0.00	       0.00	       0.00	       0.00	       0.00	          0	     216628	     207192	     202700	  215944.30	  200180.94	  206773.14	  191581.98	      26.51	      24.58	      25.39	      23.52	           	       1.00	       1.00	       1.00	       1.00	       1.00	       1.00	       1.00	       1.00	       1.00	       1.00	       1.00	       1.00	       1.00	       1.00	       1.00	       1.00	       1.00	       1.00	       1.00	       1.00	       1.00	       1.00	       1.00	       1.00	
 2025/03/03	    3.72	    3.79	    3.70	    3.73	       17414960	       3.79	       3.82	           	           	       3.87	       1.00	           	       0.00	       0.00	       0.00	       0.00	       0.00	          0	     174150	     207585	     198998	  206114.39	  201174.80	  199686.91	  189722.78	      25.87	      25.25	      25.06	      23.81	           	       1.00	       1.00	       1.00	       1.00	       1.00	       1.00	       1.00	       1.00	       1.00	       1.00	       1.00	       1.00	       1.00	       1.00	       1.00	       1.00	       1.00	       1.00	       1.00	       1.00	       1.00	       1.00	       1.00	       1.00	
 2025/03/04	    3.77	    3.80	    3.71	    3.76	       17619260	       3.79	       3.81	           	           	       3.87	       1.00	           	       0.00	       0.00	       0.00	       0.00	       0.00	          0	     176193	     200130	     195179	  194999.86	  199163.25	  195749.83	  190350.42	      24.99	      25.53	      25.09	      24.40	           	       1.00	       1.00	       1.00	       1.00	       1.00	       1.00	       1.00	       1.00	       1.00	       1.00	       1.00	       1.00	       1.00	       1.00	       1.00	       1.00	       1.00	       1.00	       1.00	       1.00	       1.00	       1.00	       1.00	       1.00	
 2025/03/05	    3.74	    3.74	    3.64	    3.69	       23174960	       3.77	       3.80	           	           	           	       0.00	           	       0.00	       0.00	       0.00	       0.00	       0.00	          0	     231750	     202350	     201734	  199680.00	  202256.25	  199132.44	  189926.86	      25.24	      25.57	      25.17	      24.01	           	       1.00	       1.00	       1.00	       1.00	       1.00	       1.00	       1.00	       1.00	       1.00	       1.00	       1.00	       1.00	       1.00	       1.00	       1.00	       1.00	       1.00	       1.00	       1.00	       1.00	       1.00	       1.00	       1.00	       1.00	
 2025/03/06	    3.69	    3.73	    3.65	    3.72	       18868152	       3.77	       3.80	           	           	           	       0.00	       3.64	       1.00	       0.00	       0.00	       0.00	       0.00	          0	     188682	     197480	     201374	  192693.34	  204318.83	  200658.25	  191174.45	      24.43	      25.90	      25.44	      24.23	           	       1.00	       1.00	       1.00	       1.00	       1.00	       1.00	       1.00	       1.00	       1.00	       1.00	       1.00	       1.00	       1.00	       1.00	       1.00	       1.00	       1.00	       1.00	       1.00	       1.00	       1.00	       1.00	       1.00	       1.00	
 2025/03/07	    3.71	    3.85	    3.68	    3.78	       41382972	       3.77	       3.79	       3.77	           	           	       0.00	       3.64	       1.00	       0.00	       0.00	       0.00	       0.00	          0	     413830	     236921	     222056	  252613.38	  229363.89	  214104.33	  196446.34	      28.30	      25.70	      23.99	      22.01	           	       1.00	       1.00	       1.00	       1.00	       1.00	       1.00	       1.00	       1.00	       1.00	       1.00	       1.00	       1.00	       1.00	       1.00	       1.00	       1.00	       1.00	       1.00	       1.00	       1.00	       1.00	       1.00	       1.00	       1.00	
 2025/03/10	    3.77	    4.03	    3.77	    3.96	       65124804	       3.79	       3.81	       3.79	       3.81	           	       0.00	       3.64	       1.00	       0.00	       0.00	       0.00	       0.00	          0	     651248	     332340	     269963	  371377.22	  283188.56	  241428.48	  211338.88	      33.54	      25.57	      21.80	      19.09	           	       1.00	       1.00	       1.00	       1.00	       1.00	       1.00	       1.00	       1.00	       1.00	       1.00	       1.00	       1.00	       1.00	       1.00	       1.00	       1.00	       1.00	       1.00	       1.00	       1.00	       1.00	       1.00	       1.00	       1.00	
 2025/03/11	    3.88	    3.98	    3.83	    3.96	       42497784	       3.82	       3.82	       3.82	       3.82	           	       0.00	       3.64	       1.00	       0.00	       0.00	       0.00	       0.00	          0	     424978	     382097	     291114	  419684.28	  309682.16	  254790.91	  216761.78	      34.95	      25.79	      21.22	      18.05	           	       1.00	       1.00	       1.00	       1.00	       1.00	       1.00	       1.00	       1.00	       1.00	       1.00	       1.00	       1.00	       1.00	       1.00	       1.00	       1.00	       1.00	       1.00	       1.00	       1.00	       1.00	       1.00	       1.00	       1.00	
 2025/03/12	    3.95	    3.99	    3.88	    3.90	       27371234	       3.83	       3.83	       3.83	       3.83	           	       0.00	       3.64	       1.00	       0.00	       0.00	       0.00	       0.00	          0	     273712	     390490	     296420	  440942.00	  316817.63	  258499.28	  221180.06	      35.63	      25.60	      20.89	      17.87	           	       1.00	       1.00	       1.00	       1.00	       1.00	       1.00	       1.00	       1.00	       1.00	       1.00	       1.00	       1.00	       1.00	       1.00	       1.00	       1.00	       1.00	       1.00	       1.00	       1.00	       1.00	       1.00	       1.00	       1.00	
 2025/03/13	    3.89	    4.25	    3.87	    4.17	      106169976	       3.87	       3.86	       3.87	       3.86	           	       0.00	       3.64	       1.00	       0.00	       0.00	       0.00	       0.00	          0	    1061700	     565094	     381287	  602909.50	  427761.41	  314468.06	  249737.55	      37.80	      26.82	      19.72	      15.66	           	       1.00	       1.00	       1.00	       1.00	       1.00	       1.00	       1.00	       1.00	       1.00	       1.00	       1.00	       1.00	       1.00	       1.00	       1.00	       1.00	       1.00	       1.00	       1.00	       1.00	       1.00	       1.00	       1.00	       1.00	
 2025/03/14	    4.06	    4.17	    4.04	    4.14	       65384988	       3.91	       3.89	       3.91	       3.89	           	       0.00	       3.64	       1.00	       0.00	       0.00	       0.00	       0.00	          0	     653850	     613098	     425009	  603559.94	  487468.56	  343315.84	  265666.44	      35.50	      28.67	      20.19	      15.63	           	       1.00	       1.00	       1.00	       1.00	       1.00	       1.00	       1.00	       1.00	       1.00	       1.00	       1.00	       1.00	       1.00	       1.00	       1.00	       1.00	       1.00	       1.00	       1.00	       1.00	       1.00	       1.00	       1.00	       1.00	
 2025/03/17	    4.14	    4.14	    4.06	    4.08	       39821740	       3.93	       3.90	       3.93	       3.90	           	       0.00	       3.64	       1.00	       0.00	       0.00	       0.00	       0.00	          0	     398217	     562491	     447416	  596869.81	  508277.03	  355266.59	  274526.72	      34.40	      29.30	      20.48	      15.82	  314963.50	       1.00	       1.00	       1.00	       1.00	       1.00	       1.00	       1.00	       1.00	       1.00	       1.00	       1.00	       1.00	       1.00	       1.00	       1.00	       1.00	       1.00	       1.00	       1.00	       1.00	       1.00	       1.00	       1.00	       1.00	
 2025/03/18	    4.08	    4.12	    4.02	    4.09	       29818768	       3.95	       3.92	       3.95	       3.92	           	       0.00	       3.64	       1.00	       0.00	       0.00	       0.00	       0.00	          0	     298188	     537133	     459615	  602988.69	  521965.31	  363142.00	  278726.06	      34.13	      29.54	      20.55	      15.78	  316163.59	       1.00	       1.00	       1.00	       1.00	       1.00	       1.00	       1.00	       1.00	       1.00	       1.00	       1.00	       1.00	       1.00	       1.00	       1.00	       1.00	       1.00	       1.00	       1.00	       1.00	       1.00	       1.00	       1.00	       1.00	
 2025/03/19	    4.07	    4.20	    4.05	    4.09	       41363544	       3.97	       3.94	       3.97	       3.94	           	       0.00	       3.64	       1.00	       0.00	       0.00	       0.00	       0.00	          0	     413635	     565118	     477804	  440972.59	  521941.00	  375652.38	  287330.59	      27.12	      32.10	      23.10	      17.67	  318053.03	       1.00	       1.00	       1.00	       1.00	       1.00	       1.00	       1.00	       1.00	       1.00	       1.00	       1.00	       1.00	       1.00	       1.00	       1.00	       1.00	       1.00	       1.00	       1.00	       1.00	       1.00	       1.00	       1.00	       1.00	
 2025/03/20	    4.08	    4.28	    4.05	    4.13	       68190392	       3.99	       3.95	       3.99	       3.95	           	       0.00	           	       0.00	       0.00	       0.00	       0.00	       0.00	          0	     681904	     489159	     527126	  447986.09	  525773.00	  404480.72	  302683.88	      26.65	      31.28	      24.06	      18.01	  321537.09	       1.00	       1.00	       1.00	       1.00	       1.00	       1.00	       1.00	       1.00	       1.00	       1.00	       1.00	       1.00	       1.00	       1.00	       1.00	       1.00	       1.00	       1.00	       1.00	       1.00	       1.00	       1.00	       1.00	       1.00	
 2025/03/21	    4.10	    4.19	    4.06	    4.09	       44558304	       4.01	       3.97	       4.01	       3.97	       4.28	       1.00	           	       0.00	       0.00	       0.00	       0.00	       0.00	          0	     445583	     447506	     530302	  459827.56	  528348.69	  419015.38	  312245.09	      26.74	      30.73	      24.37	      18.16	  323395.44	       1.00	       1.00	       1.00	       1.00	       1.00	       1.00	       1.00	       1.00	       1.00	       1.00	       1.00	       1.00	       1.00	       1.00	       1.00	       1.00	       1.00	       1.00	       1.00	       1.00	       1.00	       1.00	       1.00	       1.00	
 2025/03/24	    4.08	    4.12	    3.95	    4.01	       37678896	       4.01	       3.97	       4.01	       3.97	           	       0.00	           	       0.00	       0.00	       0.00	       0.00	       0.00	          0	     376789	     443220	     502856	  479477.88	  541233.25	  429025.44	  317899.31	      27.13	      30.62	      24.27	      17.98	  325171.31	       1.00	       1.00	       1.00	       1.00	       1.00	       1.00	       1.00	       1.00	       1.00	       1.00	       1.00	       1.00	       1.00	       1.00	       1.00	       1.00	       1.00	       1.00	       1.00	       1.00	       1.00	       1.00	       1.00	       1.00	
 2025/03/25	    4.04	    4.20	    3.98	    4.20	       59983664	       4.03	       3.99	       4.03	       3.99	           	       0.00	       3.95	       1.00	       0.00	       0.00	       0.00	       0.00	          0	     599837	     503550	     520342	  526028.13	  483500.38	  455630.91	  327658.97	      29.34	      26.97	      25.41	      18.28	  327966.34	       1.00	       1.00	       1.00	       1.00	       1.00	       1.00	       1.00	       1.00	       1.00	       1.00	       1.00	       1.00	       1.00	       1.00	       1.00	       1.00	       1.00	       1.00	       1.00	       1.00	       1.00	       1.00	       1.00	       1.00	
 2025/03/26	    4.15	    4.22	    4.13	    4.18	       37492600	       4.05	       4.01	       4.05	       4.01	           	       0.00	       3.95	       1.00	       0.00	       0.00	       0.00	       0.00	          0	     374926	     495808	     530463	  449283.66	  448634.91	  468051.75	  331900.84	      26.46	      26.42	      27.57	      19.55	  329654.44	       1.00	       1.00	       1.00	       1.00	       1.00	       1.00	       1.00	       1.00	       1.00	       1.00	       1.00	       1.00	       1.00	       1.00	       1.00	       1.00	       1.00	       1.00	       1.00	       1.00	       1.00	       1.00	       1.00	       1.00	
 2025/03/27	    4.15	    4.18	    4.06	    4.11	       35288724	       4.06	       4.02	       4.06	       4.02	           	       0.00	       3.95	       1.00	       0.00	       0.00	       0.00	       0.00	          0	     352887	     430004	     459582	  426109.72	  442968.66	  475622.84	  337377.69	      25.33	      26.33	      28.28	      20.06	  331278.25	       1.00	       1.00	       1.00	       1.00	       1.00	       1.00	       1.00	       1.00	       1.00	       1.00	       1.00	       1.00	       1.00	       1.00	       1.00	       1.00	       1.00	       1.00	       1.00	       1.00	       1.00	       1.00	       1.00	       1.00	
 2025/03/28	    4.10	    4.10	    3.98	    3.99	       25564400	       4.05	       4.01	           	           	           	       0.00	       3.95	       1.00	       0.00	       0.00	       0.00	       0.00	          0	     255644	     392017	     419761	  395823.47	  437650.69	  479808.00	  340233.16	      23.94	      26.47	      29.02	      20.58	  332229.03	       1.00	       1.00	       1.00	       1.00	       1.00	       1.00	       1.00	       1.00	       1.00	       1.00	       1.00	       1.00	       1.00	       1.00	       1.00	       1.00	       1.00	       1.00	       1.00	       1.00	       1.00	       1.00	       1.00	       1.00	
 2025/03/31	    4.04	    4.20	    4.01	    4.05	       51910788	       4.05	       4.02	           	       4.02	           	       0.00	       3.95	       1.00	       0.00	       0.00	       0.00	       0.00	          0	     519108	     420480	     431850	  375641.28	  450834.72	  486387.91	  350246.16	      22.59	      27.11	      29.25	      21.06	  334632.81	       1.00	       1.00	       1.00	       1.00	       1.00	       1.00	       1.00	       1.00	       1.00	       1.00	       1.00	       1.00	       1.00	       1.00	       1.00	       1.00	       1.00	       1.00	       1.00	       1.00	       1.00	       1.00	       1.00	       1.00	
 2025/04/01	    4.03	    4.17	    4.03	    4.10	       33092040	       4.06	       4.03	       4.06	       4.03	           	       0.00	       3.95	       1.00	       0.00	       0.00	       0.00	       0.00	          0	     330920	     366697	     435123	  364639.88	  406961.75	  466367.41	  353898.00	      22.91	      25.57	      29.30	      22.23	  336134.72	       1.00	       1.00	       1.00	       1.00	       1.00	       1.00	       1.00	       1.00	       1.00	       1.00	       1.00	       1.00	       1.00	       1.00	       1.00	       1.00	       1.00	       1.00	       1.00	       1.00	       1.00	       1.00	       1.00	       1.00	
 2025/04/02	    4.08	    4.12	    4.04	    4.05	       25750400	       4.06	       4.03	           	       4.03	           	       0.00	       3.95	       1.00	       0.00	       0.00	       0.00	       0.00	          0	     257504	     343213	     419510	  340794.06	  383451.88	  455900.28	  355345.66	      22.19	      24.97	      29.69	      23.14	  337091.22	       1.00	       1.00	       1.00	       1.00	       1.00	       1.00	       1.00	       1.00	       1.00	       1.00	       1.00	       1.00	       1.00	       1.00	       1.00	       1.00	       1.00	       1.00	       1.00	       1.00	       1.00	       1.00	       1.00	       1.00	
 2025/04/03	    4.03	    4.07	    4.01	    4.04	       21293600	       4.05	       4.03	           	       4.03	           	       0.00	       3.95	       1.00	       0.00	       0.00	       0.00	       0.00	          0	     212936	     315222	     372613	  330117.06	  362970.25	  452101.75	  355300.63	      22.00	      24.19	      30.13	      23.68	  337950.13	       1.00	       1.00	       1.00	       1.00	       1.00	       1.00	       1.00	       1.00	       1.00	       1.00	       1.00	       1.00	       1.00	       1.00	       1.00	       1.00	       1.00	       1.00	       1.00	       1.00	       1.00	       1.00	       1.00	       1.00	
 2025/04/07	    3.82	    3.86	    3.64	    3.64	       31928574	       4.00	       3.99	           	           	           	       0.00	       3.95	       1.00	       0.00	       0.00	       0.00	       0.00	          0	     319286	     327951	     359984	  280161.53	  327901.41	  405700.91	  360084.59	      20.39	      23.87	      29.53	      26.21	  339238.88	       1.00	       1.00	       1.00	       1.00	       1.00	       1.00	       1.00	       1.00	       1.00	       1.00	       1.00	       1.00	       1.00	       1.00	       1.00	       1.00	       1.00	       1.00	       1.00	       1.00	       1.00	       1.00	       1.00	       1.00	
 2025/04/08	    3.61	    3.69	    3.55	    3.66	       36923440	       3.95	       3.96	           	           	           	       0.00	       3.95	       1.00	       0.00	       0.00	       0.00	       0.00	          0	     369234	     297976	     359228	  289740.03	  327189.97	  387912.44	  365614.25	      21.14	      23.87	      28.31	      26.68	  340781.47	       1.00	       1.00	       1.00	       1.00	       1.00	       1.00	       1.00	       1.00	       1.00	       1.00	       1.00	       1.00	       1.00	       1.00	       1.00	       1.00	       1.00	       1.00	       1.00	       1.00	       1.00	       1.00	       1.00	       1.00	
 2025/04/09	    3.58	    3.68	    3.34	    3.66	       36969120	       3.91	       3.94	           	           	           	       0.00	           	       0.00	       0.00	       0.00	       0.00	       0.00	          0	     369691	     305730	     336214	  317786.84	  329290.44	  386129.53	  370698.16	      22.64	      23.46	      27.50	      26.40	  342228.50	       1.00	       1.00	       1.00	       1.00	       1.00	       1.00	       1.00	       1.00	       1.00	       1.00	       1.00	       1.00	       1.00	       1.00	       1.00	       1.00	       1.00	       1.00	       1.00	       1.00	       1.00	       1.00	       1.00	       1.00	
 2025/04/10	    3.72	    3.77	    3.66	    3.69	       35169732	       3.88	       3.91	           	           	           	       0.00	       3.34	       1.00	       0.00	       0.00	       0.00	       0.00	          0	     351697	     324569	     333891	  352477.16	  341297.13	  389473.91	  376308.03	      24.15	      23.38	      26.68	      25.78	  343634.56	       1.00	       1.00	       1.00	       1.00	       1.00	       1.00	       1.00	       1.00	       1.00	       1.00	       1.00	       1.00	       1.00	       1.00	       1.00	       1.00	       1.00	       1.00	       1.00	       1.00	       1.00	       1.00	       1.00	       1.00	
 2025/04/11	    3.68	    3.71	    3.62	    3.69	       20682080	       3.86	       3.89	           	           	           	       0.00	       3.34	       1.00	       0.00	       0.00	       0.00	       0.00	          0	     206821	     323346	     319284	  324360.94	  302261.25	  376548.00	  376100.28	      23.52	      21.91	      27.30	      27.27	  344417.13	       1.00	       1.00	       1.00	       1.00	       1.00	       1.00	       1.00	       1.00	       1.00	       1.00	       1.00	       1.00	       1.00	       1.00	       1.00	       1.00	       1.00	       1.00	       1.00	       1.00	       1.00	       1.00	       1.00	       1.00	
 2025/04/14	    3.72	    3.93	    3.72	    3.86	       40945940	       3.86	       3.89	       3.86	           	           	       0.00	           	       0.00	       0.00	       0.00	       0.00	       0.00	          0	     409459	     341381	     334666	  334417.19	  312078.63	  359520.22	  382000.56	      24.09	      22.48	      25.90	      27.52	  346279.00	       1.00	       1.00	       1.00	       1.00	       1.00	       1.00	       1.00	       1.00	       1.00	       1.00	       1.00	       1.00	       1.00	       1.00	       1.00	       1.00	       1.00	       1.00	       1.00	       1.00	       1.00	       1.00	       1.00	       1.00	
 2025/04/15	    3.84	    3.86	    3.77	    3.83	       26372720	       3.85	       3.88	           	           	       3.93	       1.00	           	       0.00	       0.00	       0.00	       0.00	       0.00	          0	     263727	     320279	     309128	  307926.19	  312856.50	  348154.22	  383584.88	      22.77	      23.13	      25.74	      28.36	  347230.03	       1.00	       1.00	       1.00	       1.00	       1.00	       1.00	       1.00	       1.00	       1.00	       1.00	       1.00	       1.00	       1.00	       1.00	       1.00	       1.00	       1.00	       1.00	       1.00	       1.00	       1.00	       1.00	       1.00	       1.00	
 2025/04/16	    3.80	    3.85	    3.71	    3.78	       19787072	       3.84	       3.88	           	           	       3.93	       1.00	           	       0.00	       0.00	       0.00	       0.00	       0.00	          0	     197871	     285915	     295823	  269469.53	  310973.38	  336971.84	  382998.72	      20.72	      23.91	      25.91	      29.45	  348000.13	       1.00	       1.00	       1.00	       1.00	       1.00	       1.00	       1.00	       1.00	       1.00	       1.00	       1.00	       1.00	       1.00	       1.00	       1.00	       1.00	       1.00	       1.00	       1.00	       1.00	       1.00	       1.00	       1.00	       1.00	
 2025/04/17	    3.76	    3.80	    3.72	    3.77	       14958727	       3.83	       3.87	           	           	       3.93	       1.00	           	       0.00	       0.00	       0.00	       0.00	       0.00	          0	     149587	     245493	     285031	  255161.16	  289761.06	  308831.25	  382231.13	      20.64	      23.44	      24.99	      30.93	  348541.75	       1.00	       1.00	       1.00	       1.00	       1.00	       1.00	       1.00	       1.00	       1.00	       1.00	       1.00	       1.00	       1.00	       1.00	       1.00	       1.00	       1.00	       1.00	       1.00	       1.00	       1.00	       1.00	       1.00	       1.00	
 2025/04/18	    3.78	    3.78	    3.72	    3.76	       12838100	       3.82	       3.86	           	           	       3.93	       1.00	           	       0.00	       0.00	       0.00	       0.00	       0.00	          0	     128381	     229805	     276576	  184891.53	  259654.34	  293422.19	  380737.00	      16.53	      23.21	      26.23	      34.03	  349058.16	       1.00	       1.00	       1.00	       1.00	       1.00	       1.00	       1.00	       1.00	       1.00	       1.00	       1.00	       1.00	       1.00	       1.00	       1.00	       1.00	       1.00	       1.00	       1.00	       1.00	       1.00	       1.00	       1.00	       1.00	
 2025/04/21	    3.77	    3.80	    3.75	    3.78	       13937641	       3.82	       3.85	           	           	       3.93	       1.00	           	       0.00	       0.00	       0.00	       0.00	       0.00	          0	     139376	     175789	     258585	  153803.84	  230865.00	  280077.75	  377850.31	      14.75	      22.14	      26.86	      36.24	  349485.44	       1.00	       1.00	       1.00	       1.00	       1.00	       1.00	       1.00	       1.00	       1.00	       1.00	       1.00	       1.00	       1.00	       1.00	       1.00	       1.00	       1.00	       1.00	       1.00	       1.00	       1.00	       1.00	       1.00	       1.00	
 2025/04/22	    3.76	    3.84	    3.75	    3.78	       15707420	       3.81	       3.84	           	           	       3.93	       1.00	           	       0.00	       0.00	       0.00	       0.00	       0.00	          0	     157074	     154458	     237369	  143604.72	  206537.13	  273917.13	  376862.56	      14.35	      20.63	      27.37	      37.65	  350039.75	       1.00	       1.00	       1.00	       1.00	       1.00	       1.00	       1.00	       1.00	       1.00	       1.00	       1.00	       1.00	       1.00	       1.00	       1.00	       1.00	       1.00	       1.00	       1.00	       1.00	       1.00	       1.00	       1.00	       1.00	
 2025/04/23	    3.80	    3.80	    3.77	    3.78	       13463432	       3.81	       3.84	           	           	       3.93	       1.00	           	       0.00	       0.00	       0.00	       0.00	       0.00	          0	     134634	     141811	     213863	  139866.47	  197513.80	  249887.53	  368137.72	      14.64	      20.67	      26.16	      38.53	  350439.75	       1.00	       1.00	       1.00	       1.00	       1.00	       1.00	       1.00	       1.00	       1.00	       1.00	       1.00	       1.00	       1.00	       1.00	       1.00	       1.00	       1.00	       1.00	       1.00	       1.00	       1.00	       1.00	       1.00	       1.00	
 2025/04/24	    3.79	    3.84	    3.77	    3.79	       21277400	       3.81	       3.83	           	           	       3.93	       1.00	           	       0.00	       0.00	       0.00	       0.00	       0.00	          0	     212774	     154448	     199971	  160964.72	  172928.13	  242503.38	  354435.41	      17.29	      18.58	      26.05	      38.08	  351349.97	       1.00	       1.00	       1.00	       1.00	       1.00	       1.00	       1.00	       1.00	       1.00	       1.00	       1.00	       1.00	       1.00	       1.00	       1.00	       1.00	       1.00	       1.00	       1.00	       1.00	       1.00	       1.00	       1.00	       1.00	
 2025/04/25	    3.80	    4.17	    3.75	    4.05	       71658256	       3.84	       3.85	       3.84	       3.85	           	       0.00	           	       0.00	       0.00	       0.00	       0.00	       0.00	          0	     716583	     272088	     250947	  305266.28	  229535.06	  271195.81	  363548.03	      26.10	      19.63	      23.19	      31.08	  355135.69	       1.00	       1.00	       1.00	       1.00	       1.00	       1.00	       1.00	       1.00	       1.00	       1.00	       1.00	       1.00	       1.00	       1.00	       1.00	       1.00	       1.00	       1.00	       1.00	       1.00	       1.00	       1.00	       1.00	       1.00	
 2025/04/28	    3.85	    3.86	    3.65	    3.66	       70692064	       3.82	       3.84	           	           	       4.17	       1.00	           	       0.00	       0.00	       0.00	       0.00	       0.00	          0	     706921	     385597	     280693	  442727.88	  293166.28	  302069.81	  377085.81	      31.29	      20.72	      21.35	      26.65	  358843.13	       1.00	       1.00	       1.00	       1.00	       1.00	       1.00	       1.00	       1.00	       1.00	       1.00	       1.00	       1.00	       1.00	       1.00	       1.00	       1.00	       1.00	       1.00	       1.00	       1.00	       1.00	       1.00	       1.00	       1.00	
 2025/04/29	    3.61	    3.63	    3.56	    3.61	       24055680	       3.79	       3.81	           	           	           	       0.00	           	       0.00	       0.00	       0.00	       0.00	       0.00	          0	     240557	     402294	     278376	  469208.50	  304537.50	  297149.28	  351425.09	      32.99	      21.41	      20.89	      24.71	  359885.13	       1.00	       1.00	       1.00	       1.00	       1.00	       1.00	       1.00	       1.00	       1.00	       1.00	       1.00	       1.00	       1.00	       1.00	       1.00	       1.00	       1.00	       1.00	       1.00	       1.00	       1.00	       1.00	       1.00	       1.00	
 2025/04/30	    3.60	    3.64	    3.59	    3.59	       16238641	       3.76	       3.79	           	           	           	       0.00	       3.56	       1.00	       0.00	       0.00	       0.00	       0.00	          0	     162386	     407844	     274827	  456611.56	  308788.16	  284221.25	  336066.81	      32.95	      22.28	      20.51	      24.25	  360180.50	       1.00	       1.00	       1.00	       1.00	       1.00	       1.00	       1.00	       1.00	       1.00	       1.00	       1.00	       1.00	       1.00	       1.00	       1.00	       1.00	       1.00	       1.00	       1.00	       1.00	       1.00	       1.00	       1.00	       1.00	
 2025/05/06	    3.62	    3.68	    3.61	    3.68	       16962020	       3.75	       3.78	           	           	           	       0.00	       3.56	       1.00	       0.00	       0.00	       0.00	       0.00	          0	     169620	     399213	     276831	  319871.00	  312568.63	  271716.84	  328923.19	      25.94	      25.35	      22.04	      26.67	  360532.19	       1.00	       1.00	       1.00	       1.00	       1.00	       1.00	       1.00	       1.00	       1.00	       1.00	       1.00	       1.00	       1.00	       1.00	       1.00	       1.00	       1.00	       1.00	       1.00	       1.00	       1.00	       1.00	       1.00	       1.00	
 2025/05/07	    3.68	    3.73	    3.66	    3.68	       19453520	       3.74	       3.77	           	           	           	       0.00	       3.56	       1.00	       0.00	       0.00	       0.00	       0.00	          0	     194535	     294804	     283446	  191774.66	  317251.25	  261894.20	  325684.06	      17.49	      28.93	      23.88	      29.70	  361166.22	       1.00	       1.00	       1.00	       1.00	       1.00	       1.00	       1.00	       1.00	       1.00	       1.00	       1.00	       1.00	       1.00	       1.00	       1.00	       1.00	       1.00	       1.00	       1.00	       1.00	       1.00	       1.00	       1.00	       1.00	
 2025/05/08	    3.67	    3.71	    3.64	    3.68	       14928700	       3.73	       3.77	           	           	           	       0.00	       3.56	       1.00	       0.00	       0.00	       0.00	       0.00	          0	     149287	     183277	     284437	  168957.19	  319082.84	  258298.34	  317423.19	      15.88	      30.00	      24.28	      29.84	  361484.56	       1.00	       1.00	       1.00	       1.00	       1.00	       1.00	       1.00	       1.00	       1.00	       1.00	       1.00	       1.00	       1.00	       1.00	       1.00	       1.00	       1.00	       1.00	       1.00	       1.00	       1.00	       1.00	       1.00	       1.00	
 2025/05/09	    3.69	    3.70	    3.65	    3.66	       11319000	       3.72	       3.76	           	           	           	       0.00	       3.56	       1.00	       0.00	       0.00	       0.00	       0.00	          0	     113190	     157804	     280049	  156658.09	  306634.84	  239781.50	  299650.88	      15.62	      30.58	      23.91	      29.88	  361605.84	       1.00	       1.00	       1.00	       1.00	       1.00	       1.00	       1.00	       1.00	       1.00	       1.00	       1.00	       1.00	       1.00	       1.00	       1.00	       1.00	       1.00	       1.00	       1.00	       1.00	       1.00	       1.00	       1.00	       1.00	
 2025/05/12	    3.68	    3.69	    3.64	    3.68	       10452540	       3.72	       3.75	           	           	           	       0.00	       3.56	       1.00	       0.00	       0.00	       0.00	       0.00	          0	     104525	     146232	     277038	  140384.41	  230127.70	  229831.39	  288992.84	      15.79	      25.88	      25.84	      32.50	  361044.56	       1.00	       1.00	       1.00	       1.00	       1.00	       1.00	       1.00	       1.00	       1.00	       1.00	       1.00	       1.00	       1.00	       1.00	       1.00	       1.00	       1.00	       1.00	       1.00	       1.00	       1.00	       1.00	       1.00	       1.00	
 2025/05/13	    3.70	    3.76	    3.68	    3.72	       25569892	       3.72	       3.75	       3.72	           	           	       0.00	       3.56	       1.00	       0.00	       0.00	       0.00	       0.00	          0	     255699	     163447	     281330	  155675.33	  173724.98	  233445.64	  285208.75	      18.36	      20.49	      27.53	      33.63	  361720.97	       1.00	       1.00	       1.00	       1.00	       1.00	       1.00	       1.00	       1.00	       1.00	       1.00	       1.00	       1.00	       1.00	       1.00	       1.00	       1.00	       1.00	       1.00	       1.00	       1.00	       1.00	       1.00	       1.00	       1.00	
 2025/05/14	    3.73	    3.74	    3.68	    3.74	       18554072	       3.72	       3.75	       3.72	           	           	       0.00	       3.56	       1.00	       0.00	       0.00	       0.00	       0.00	          0	     185541	     161648	     228226	  164738.75	  166847.97	  235692.72	  272262.00	      19.62	      19.87	      28.07	      32.43	  362272.72	       1.00	       1.00	       1.00	       1.00	       1.00	       1.00	       1.00	       1.00	       1.00	       1.00	       1.00	       1.00	       1.00	       1.00	       1.00	       1.00	       1.00	       1.00	       1.00	       1.00	       1.00	       1.00	       1.00	       1.00	
 2025/05/15	    3.73	    3.84	    3.72	    3.75	       34600300	       3.72	       3.75	       3.72	       3.75	           	       0.00	       3.56	       1.00	       0.00	       0.00	       0.00	       0.00	          0	     346003	     200992	     192134	  222942.02	  189800.06	  249294.11	  271358.16	      23.89	      20.33	      26.71	      29.07	  363884.16	       1.00	       1.00	       1.00	       1.00	       1.00	       1.00	       1.00	       1.00	       1.00	       1.00	       1.00	       1.00	       1.00	       1.00	       1.00	       1.00	       1.00	       1.00	       1.00	       1.00	       1.00	       1.00	       1.00	       1.00	
 2025/05/16	    3.71	    3.95	    3.68	    3.82	       34837032	       3.74	       3.75	       3.74	       3.75	           	       0.00	       3.56	       1.00	       0.00	       0.00	       0.00	       0.00	          0	     348370	     248028	     202916	  283903.22	  212143.81	  262356.22	  271216.97	      27.57	      20.60	      25.48	      26.34	  365551.63	       1.00	       1.00	       1.00	       1.00	       1.00	       1.00	       1.00	       1.00	       1.00	       1.00	       1.00	       1.00	       1.00	       1.00	       1.00	       1.00	       1.00	       1.00	       1.00	       1.00	       1.00	       1.00	       1.00	       1.00	
 2025/05/19	    3.81	    3.93	    3.81	    3.87	       36913700	       3.76	       3.76	       3.76	       3.76	           	       0.00	       3.56	       1.00	       0.00	       0.00	       0.00	       0.00	          0	     369137	     300950	     223591	  312262.75	  233969.03	  275610.16	  274763.63	      28.48	      21.34	      25.13	      25.06	  367378.19	       1.00	       1.00	       1.00	       1.00	       1.00	       1.00	       1.00	       1.00	       1.00	       1.00	       1.00	       1.00	       1.00	       1.00	       1.00	       1.00	       1.00	       1.00	       1.00	       1.00	       1.00	       1.00	       1.00	       1.00	
 2025/05/20	    3.88	    3.91	    3.82	    3.88	       28043100	       3.77	       3.77	       3.77	       3.77	           	       0.00	       3.56	       1.00	       0.00	       0.00	       0.00	       0.00	          0	     280431	     305896	     234672	  335985.31	  250362.03	  284722.44	  267304.97	      29.51	      21.99	      25.01	      23.48	  368506.19	       1.00	       1.00	       1.00	       1.00	       1.00	       1.00	       1.00	       1.00	       1.00	       1.00	       1.00	       1.00	       1.00	       1.00	       1.00	       1.00	       1.00	       1.00	       1.00	       1.00	       1.00	       1.00	       1.00	       1.00	
 2025/05/21	    3.87	    4.00	    3.85	    3.95	       44277880	       3.80	       3.79	       3.80	       3.79	           	       0.00	           	       0.00	       0.00	       0.00	       0.00	       0.00	          0	     442779	     357344	     259496	  360179.25	  291560.66	  299097.75	  270800.56	      29.48	      23.87	      24.48	      22.17	  370644.75	       1.00	       1.00	       1.00	       1.00	       1.00	       1.00	       1.00	       1.00	       1.00	       1.00	       1.00	       1.00	       1.00	       1.00	       1.00	       1.00	       1.00	       1.00	       1.00	       1.00	       1.00	       1.00	       1.00	       1.00	
 2025/05/22	    3.90	    3.93	    3.81	    3.82	       31130920	       3.80	       3.79	       3.80	       3.79	       4.00	       1.00	           	       0.00	       0.00	       0.00	       0.00	       0.00	          0	     311309	     350405	     275698	  350914.00	  317408.63	  273768.19	  272482.00	      28.89	      26.13	      22.54	      22.43	  372081.72	       1.00	       1.00	       1.00	       1.00	       1.00	       1.00	       1.00	       1.00	       1.00	       1.00	       1.00	       1.00	       1.00	       1.00	       1.00	       1.00	       1.00	       1.00	       1.00	       1.00	       1.00	       1.00	       1.00	       1.00	
 2025/05/23	    3.80	    3.86	    3.73	    3.75	       24693220	       3.79	       3.79	           	           	       4.00	       1.00	           	       0.00	       0.00	       0.00	       0.00	       0.00	          0	     246932	     330118	     289073	  320362.81	  316312.78	  245018.91	  273544.38	      27.73	      27.38	      21.21	      23.68	  373049.78	       1.00	       1.00	       1.00	       1.00	       1.00	       1.00	       1.00	       1.00	       1.00	       1.00	       1.00	       1.00	       1.00	       1.00	       1.00	       1.00	       1.00	       1.00	       1.00	       1.00	       1.00	       1.00	       1.00	       1.00	
 2025/05/26	    3.77	    3.94	    3.76	    3.84	       29845660	       3.80	       3.79	       3.80	       3.79	       4.00	       1.00	           	       0.00	       0.00	       0.00	       0.00	       0.00	          0	     298457	     315982	     308466	  324869.19	  330427.25	  248637.64	  272893.44	      27.61	      28.08	      21.13	      23.19	  374444.28	       1.00	       1.00	       1.00	       1.00	       1.00	       1.00	       1.00	       1.00	       1.00	       1.00	       1.00	       1.00	       1.00	       1.00	       1.00	       1.00	       1.00	       1.00	       1.00	       1.00	       1.00	       1.00	       1.00	       1.00	
 2025/05/27	    3.82	    3.85	    3.75	    3.80	       18986984	       3.80	       3.79	       3.80	       3.79	       4.00	       1.00	           	       0.00	       0.00	       0.00	       0.00	       0.00	          0	     189870	     297869	     301883	  261641.95	  310910.59	  250355.34	  267288.31	      24.00	      28.52	      22.96	      24.52	  375188.34	       1.00	       1.00	       1.00	       1.00	       1.00	       1.00	       1.00	       1.00	       1.00	       1.00	       1.00	       1.00	       1.00	       1.00	       1.00	       1.00	       1.00	       1.00	       1.00	       1.00	       1.00	       1.00	       1.00	       1.00	
 2025/05/28	    3.80	    3.80	    3.76	    3.77	       10799721	       3.79	       3.79	           	           	       4.00	       1.00	           	       0.00	       0.00	       0.00	       0.00	       0.00	          0	     107997	     230913	     294129	  210813.95	  280863.97	  246503.91	  259110.38	      21.14	      28.16	      24.72	      25.98	  375541.38	       1.00	       1.00	       1.00	       1.00	       1.00	       1.00	       1.00	       1.00	       1.00	       1.00	       1.00	       1.00	       1.00	       1.00	       1.00	       1.00	       1.00	       1.00	       1.00	       1.00	       1.00	       1.00	       1.00	       1.00	
 2025/05/29	    3.78	    3.80	    3.75	    3.80	       12580760	       3.80	       3.79	       3.80	       3.79	       4.00	       1.00	           	       0.00	       0.00	       0.00	       0.00	       0.00	          0	     125808	     193813	     272109	  180532.81	  250447.81	  242208.44	  252051.33	      19.51	      27.07	      26.18	      27.24	  375988.53	       1.00	       1.00	       1.00	       1.00	       1.00	       1.00	       1.00	       1.00	       1.00	       1.00	       1.00	       1.00	       1.00	       1.00	       1.00	       1.00	       1.00	       1.00	       1.00	       1.00	       1.00	       1.00	       1.00	       1.00	
 2025/05/30	    3.79	    3.79	    3.72	    3.72	       15171660	       3.79	       3.79	           	           	       4.00	       1.00	           	       0.00	       0.00	       0.00	       0.00	       0.00	          0	     151717	     174770	     252444	  143847.81	  234358.50	  242360.28	  250329.30	      16.52	      26.91	      27.83	      28.74	  376584.84	       1.00	       1.00	       1.00	       1.00	       1.00	       1.00	       1.00	       1.00	       1.00	       1.00	       1.00	       1.00	       1.00	       1.00	       1.00	       1.00	       1.00	       1.00	       1.00	       1.00	       1.00	       1.00	       1.00	       1.00	
 2025/06/03	    3.72	    3.75	    3.69	    3.74	       13410961	       3.78	       3.78	           	           	           	       0.00	           	       0.00	       0.00	       0.00	       0.00	       0.00	          0	     134110	     141900	     228941	  129907.75	  195774.88	  243667.77	  241724.63	      16.02	      24.14	      30.04	      29.80	  377036.41	       1.00	       1.00	       1.00	       1.00	       1.00	       1.00	       1.00	       1.00	       1.00	       1.00	       1.00	       1.00	       1.00	       1.00	       1.00	       1.00	       1.00	       1.00	       1.00	       1.00	       1.00	       1.00	       1.00	       1.00	
 2025/06/04	    3.74	    3.91	    3.72	    3.90	       41425020	       3.80	       3.79	       3.80	       3.79	           	       0.00	       3.69	       1.00	       0.00	       0.00	       0.00	       0.00	          0	     414250	     186776	     242323	  206471.00	  208642.48	  263025.53	  246428.45	      22.33	      22.57	      28.45	      26.65	  378978.84	       1.00	       1.00	       1.00	       1.00	       1.00	       1.00	       1.00	       1.00	       1.00	       1.00	       1.00	       1.00	       1.00	       1.00	       1.00	       1.00	       1.00	       1.00	       1.00	       1.00	       1.00	       1.00	       1.00	       1.00	
 2025/06/05	    3.86	    3.94	    3.79	    3.83	       31158140	       3.80	       3.80	       3.80	       3.80	           	       0.00	       3.69	       1.00	       0.00	       0.00	       0.00	       0.00	          0	     311581	     227493	     229203	  252914.47	  216723.66	  266518.22	  249981.94	      25.65	      21.98	      27.03	      25.35	  380243.16	       1.00	       1.00	       1.00	       1.00	       1.00	       1.00	       1.00	       1.00	       1.00	       1.00	       1.00	       1.00	       1.00	       1.00	       1.00	       1.00	       1.00	       1.00	       1.00	       1.00	       1.00	       1.00	       1.00	       1.00	
 2025/06/06	    3.83	    3.94	    3.83	    3.86	       27984652	       3.81	       3.80	       3.81	       3.80	           	       0.00	       3.69	       1.00	       0.00	       0.00	       0.00	       0.00	          0	     279847	     258301	     226057	  284946.94	  214397.39	  272412.31	  254052.52	      27.78	      20.90	      26.56	      24.77	  381335.19	       1.00	       1.00	       1.00	       1.00	       1.00	       1.00	       1.00	       1.00	       1.00	       1.00	       1.00	       1.00	       1.00	       1.00	       1.00	       1.00	       1.00	       1.00	       1.00	       1.00	       1.00	       1.00	       1.00	       1.00	
 2025/06/09	    3.83	    3.95	    3.82	    3.93	       34093412	       3.82	       3.81	       3.82	       3.81	           	       0.00	       3.69	       1.00	       0.00	       0.00	       0.00	       0.00	          0	     340934	     296144	     235457	  336653.06	  233280.42	  272095.53	  260694.81	      30.53	      21.15	      24.67	      23.64	  382739.06	       1.00	       1.00	       1.00	       1.00	       1.00	       1.00	       1.00	       1.00	       1.00	       1.00	       1.00	       1.00	       1.00	       1.00	       1.00	       1.00	       1.00	       1.00	       1.00	       1.00	       1.00	       1.00	       1.00	       1.00	
 2025/06/10	    3.95	    3.95	    3.83	    3.88	       27520540	       3.83	       3.82	       3.83	       3.82	           	       0.00	       3.69	       1.00	       0.00	       0.00	       0.00	       0.00	          0	     275205	     324364	     233132	  301891.84	  254181.42	  267522.69	  264939.47	      27.73	      23.35	      24.58	      24.34	  383976.72	       1.00	       1.00	       1.00	       1.00	       1.00	       1.00	       1.00	       1.00	       1.00	       1.00	       1.00	       1.00	       1.00	       1.00	       1.00	       1.00	       1.00	       1.00	       1.00	       1.00	       1.00	       1.00	       1.00	       1.00	
 2025/06/11	    3.87	    3.91	    3.86	    3.88	       18648320	       3.84	       3.83	       3.84	       3.83	           	       0.00	       3.69	       1.00	       0.00	       0.00	       0.00	       0.00	          0	     186483	     278810	     232793	  270617.31	  261765.88	  256106.83	  265858.47	      25.67	      24.83	      24.29	      25.22	  384757.56	       1.00	       1.00	       1.00	       1.00	       1.00	       1.00	       1.00	       1.00	       1.00	       1.00	       1.00	       1.00	       1.00	       1.00	       1.00	       1.00	       1.00	       1.00	       1.00	       1.00	       1.00	       1.00	       1.00	       1.00	
 2025/06/12	    3.88	    3.89	    3.81	    3.84	       15250500	       3.84	       3.83	       3.84	       3.83	           	       0.00	       3.69	       1.00	       0.00	       0.00	       0.00	       0.00	          0	     152505	     246995	     237244	  238781.94	  261864.42	  248111.45	  266416.94	      23.52	      25.80	      24.44	      26.24	  385351.38	       1.00	       1.00	       1.00	       1.00	       1.00	       1.00	       1.00	       1.00	       1.00	       1.00	       1.00	       1.00	       1.00	       1.00	       1.00	       1.00	       1.00	       1.00	       1.00	       1.00	       1.00	       1.00	       1.00	       1.00	
 2025/06/13	    3.84	    4.00	    3.82	    3.88	       43536296	       3.84	       3.83	       3.84	       3.83	           	       0.00	           	       0.00	       0.00	       0.00	       0.00	       0.00	          0	     435363	     278098	     268199	  262389.16	  299521.09	  247647.95	  273372.84	      24.23	      27.66	      22.87	      25.24	  387420.22	       1.00	       1.00	       1.00	       1.00	       1.00	       1.00	       1.00	       1.00	       1.00	       1.00	       1.00	       1.00	       1.00	       1.00	       1.00	       1.00	       1.00	       1.00	       1.00	       1.00	       1.00	       1.00	       1.00	       1.00	
 2025/06/16	    3.91	    3.99	    3.90	    3.97	       47511992	       3.86	       3.84	       3.86	       3.84	       4.00	       1.00	           	       0.00	       0.00	       0.00	       0.00	       0.00	          0	     475120	     304935	     300540	  312367.78	  307129.84	  257886.14	  265827.16	      27.32	      26.87	      22.56	      23.25	  389697.38	       1.00	       1.00	       1.00	       1.00	       1.00	       1.00	       1.00	       1.00	       1.00	       1.00	       1.00	       1.00	       1.00	       1.00	       1.00	       1.00	       1.00	       1.00	       1.00	       1.00	       1.00	       1.00	       1.00	       1.00	
 2025/06/17	    3.94	    3.96	    3.88	    3.94	       26723040	       3.87	       3.85	       3.87	       3.85	       4.00	       1.00	           	       0.00	       0.00	       0.00	       0.00	       0.00	          0	     267230	     303340	     313852	  332554.56	  301585.94	  259154.77	  252086.83	      29.03	      26.33	      22.63	      22.01	  391000.09	       1.00	       1.00	       1.00	       1.00	       1.00	       1.00	       1.00	       1.00	       1.00	       1.00	       1.00	       1.00	       1.00	       1.00	       1.00	       1.00	       1.00	       1.00	       1.00	       1.00	       1.00	       1.00	       1.00	       1.00	
 2025/06/18	    3.94	    3.95	    3.85	    3.88	       21676180	       3.87	       3.86	       3.87	       3.86	       4.00	       1.00	           	       0.00	       0.00	       0.00	       0.00	       0.00	          0	     216762	     309396	     294103	  348618.78	  293700.38	  254048.86	  251343.23	      30.38	      25.59	      22.14	      21.90	  391772.84	       1.00	       1.00	       1.00	       1.00	       1.00	       1.00	       1.00	       1.00	       1.00	       1.00	       1.00	       1.00	       1.00	       1.00	       1.00	       1.00	       1.00	       1.00	       1.00	       1.00	       1.00	       1.00	       1.00	       1.00	
 2025/06/19	    3.87	    3.88	    3.75	    3.80	       21571680	       3.86	       3.85	           	           	           	       0.00	           	       0.00	       0.00	       0.00	       0.00	       0.00	          0	     215717	     322038	     284517	  293707.22	  278048.19	  255664.28	  253009.80	      27.18	      25.73	      23.66	      23.42	  392682.84	       1.00	       1.00	       1.00	       1.00	       1.00	       1.00	       1.00	       1.00	       1.00	       1.00	       1.00	       1.00	       1.00	       1.00	       1.00	       1.00	       1.00	       1.00	       1.00	       1.00	       1.00	       1.00	       1.00	       1.00	
 2025/06/20	    3.80	    3.84	    3.77	    3.78	       11685920	       3.85	       3.84	           	           	           	       0.00	       3.75	       1.00	       0.00	       0.00	       0.00	       0.00	          0	     116859	     258338	     268218	  204142.06	  258254.92	  256218.17	  251361.03	      21.05	      26.62	      26.41	      25.91	  392991.78	       1.00	       1.00	       1.00	       1.00	       1.00	       1.00	       1.00	       1.00	       1.00	       1.00	       1.00	       1.00	       1.00	       1.00	       1.00	       1.00	       1.00	       1.00	       1.00	       1.00	       1.00	       1.00	       1.00	       1.00	
 2025/06/23	    3.81	    3.90	    3.76	    3.87	       22910200	       3.85	       3.85	       3.85	       3.85	           	       0.00	       3.75	       1.00	       0.00	       0.00	       0.00	       0.00	          0	     229102	     209134	     257035	  194609.95	  263582.25	  262674.09	  252441.25	      19.99	      27.08	      26.99	      25.94	  393629.47	       1.00	       1.00	       1.00	       1.00	       1.00	       1.00	       1.00	       1.00	       1.00	       1.00	       1.00	       1.00	       1.00	       1.00	       1.00	       1.00	       1.00	       1.00	       1.00	       1.00	       1.00	       1.00	       1.00	       1.00	
 2025/06/24	    3.82	    3.86	    3.78	    3.85	       21085000	       3.85	       3.85	           	       3.85	           	       0.00	       3.75	       1.00	       0.00	       0.00	       0.00	       0.00	          0	     210850	     197858	     250599	  193132.00	  270875.38	  266369.94	  254365.09	      19.61	      27.51	      27.05	      25.83	  394265.91	       1.00	       1.00	       1.00	       1.00	       1.00	       1.00	       1.00	       1.00	       1.00	       1.00	       1.00	       1.00	       1.00	       1.00	       1.00	       1.00	       1.00	       1.00	       1.00	       1.00	       1.00	       1.00	       1.00	       1.00	
 2025/06/25	    3.86	    3.86	    3.81	    3.86	       20508000	       3.85	       3.85	       3.85	       3.85	           	       0.00	       3.75	       1.00	       0.00	       0.00	       0.00	       0.00	          0	     205080	     195522	     252459	  190472.80	  242090.00	  270805.56	  257236.64	      19.83	      25.20	      28.19	      26.78	  394952.56	       1.00	       1.00	       1.00	       1.00	       1.00	       1.00	       1.00	       1.00	       1.00	       1.00	       1.00	       1.00	       1.00	       1.00	       1.00	       1.00	       1.00	       1.00	       1.00	       1.00	       1.00	       1.00	       1.00	       1.00	
 2025/06/26	    3.85	    3.89	    3.84	    3.86	       16867132	       3.86	       3.85	       3.86	       3.85	           	       0.00	       3.75	       1.00	       0.00	       0.00	       0.00	       0.00	          0	     168671	     186113	     254075	  203425.83	  203783.92	  255456.88	  259241.19	      22.07	      22.10	      27.71	      28.12	  394802.09	       1.00	       1.00	       1.00	       1.00	       1.00	       1.00	       1.00	       1.00	       1.00	       1.00	       1.00	       1.00	       1.00	       1.00	       1.00	       1.00	       1.00	       1.00	       1.00	       1.00	       1.00	       1.00	       1.00	       1.00	
 2025/06/27	    3.88	    4.03	    3.87	    3.94	       35258752	       3.87	       3.86	       3.87	       3.86	           	       0.00	       3.75	       1.00	       0.00	       0.00	       0.00	       0.00	          0	     352588	     233258	     245798	  234297.22	  214453.58	  258019.78	  262268.97	      24.18	      22.13	      26.63	      27.06	  395482.56	       1.00	       1.00	       1.00	       1.00	       1.00	       1.00	       1.00	       1.00	       1.00	       1.00	       1.00	       1.00	       1.00	       1.00	       1.00	       1.00	       1.00	       1.00	       1.00	       1.00	       1.00	       1.00	       1.00	       1.00	
 2025/06/30	    3.97	    3.99	    3.91	    3.94	       18984480	       3.88	       3.86	       3.88	       3.86	           	       0.00	       3.75	       1.00	       0.00	       0.00	       0.00	       0.00	          0	     189845	     225407	     217270	  229045.91	  211088.95	  252394.66	  262403.47	      23.99	      22.11	      26.43	      27.48	  395525.81	       1.00	       1.00	       1.00	       1.00	       1.00	       1.00	       1.00	       1.00	       1.00	       1.00	       1.00	       1.00	       1.00	       1.00	       1.00	       1.00	       1.00	       1.00	       1.00	       1.00	       1.00	       1.00	       1.00	       1.00	
 2025/07/01	    3.94	    3.97	    3.90	    3.94	       21486660	       3.88	       3.87	       3.88	       3.87	           	       0.00	       3.75	       1.00	       0.00	       0.00	       0.00	       0.00	          0	     214867	     226210	     212034	  231492.55	  210982.69	  244515.45	  258305.47	      24.49	      22.32	      25.87	      27.33	  395565.28	       1.00	       1.00	       1.00	       1.00	       1.00	       1.00	       1.00	       1.00	       1.00	       1.00	       1.00	       1.00	       1.00	       1.00	       1.00	       1.00	       1.00	       1.00	       1.00	       1.00	       1.00	       1.00	       1.00	       1.00	
 2025/07/02	    3.92	    4.01	    3.92	    4.00	       43568200	       3.90	       3.88	       3.90	       3.88	           	       0.00	       3.75	       1.00	       0.00	       0.00	       0.00	       0.00	          0	     435682	     272330	     233926	  298245.25	  250835.53	  254545.23	  261033.94	      28.01	      23.56	      23.91	      24.52	  394716.03	       1.00	       1.00	       1.00	       1.00	       1.00	       1.00	       1.00	       1.00	       1.00	       1.00	       1.00	       1.00	       1.00	       1.00	       1.00	       1.00	       1.00	       1.00	       1.00	       1.00	       1.00	       1.00	       1.00	       1.00	
 2025/07/03	    4.00	    4.02	    3.93	    3.99	       34404920	       3.91	       3.89	       3.91	       3.89	           	       0.00	       3.75	       1.00	       0.00	       0.00	       0.00	       0.00	          0	     344049	     307406	     246759	  296110.63	  265203.91	  264393.09	  260249.94	      27.27	      24.42	      24.35	      23.97	  392600.94	       1.00	       1.00	       1.00	       1.00	       1.00	       1.00	       1.00	       1.00	       1.00	       1.00	       1.00	       1.00	       1.00	       1.00	       1.00	       1.00	       1.00	       1.00	       1.00	       1.00	       1.00	       1.00	       1.00	       1.00	
 2025/07/04	    3.97	    4.04	    3.93	    3.94	       38127420	       3.92	       3.90	       3.92	       3.90	           	       0.00	       3.75	       1.00	       0.00	       0.00	       0.00	       0.00	          0	     381274	     313143	     273201	  343968.00	  286506.94	  278691.16	  263401.28	      29.33	      24.43	      23.77	      22.46	  392445.50	       1.00	       1.00	       1.00	       1.00	       1.00	       1.00	       1.00	       1.00	       1.00	       1.00	       1.00	       1.00	       1.00	       1.00	       1.00	       1.00	       1.00	       1.00	       1.00	       1.00	       1.00	       1.00	       1.00	       1.00	
 2025/07/07	    3.98	    4.11	    3.95	    4.09	       69813600	       3.94	       3.91	       3.94	       3.91	           	       0.00	       3.75	       1.00	       0.00	       0.00	       0.00	       0.00	          0	     698136	     414802	     320104	  464785.38	  348138.97	  295114.50	  271381.22	      33.69	      25.24	      21.39	      19.67	  392003.25	       1.00	       1.00	       1.00	       1.00	       1.00	       1.00	       1.00	       1.00	       1.00	       1.00	       1.00	       1.00	       1.00	       1.00	       1.00	       1.00	       1.00	       1.00	       1.00	       1.00	       1.00	       1.00	       1.00	       1.00	
 2025/07/08	    4.08	    4.10	    4.01	    4.08	       43982180	       3.96	       3.93	       3.96	       3.93	           	       0.00	       3.75	       1.00	       0.00	       0.00	       0.00	       0.00	          0	     439822	     459793	     343001	  465820.31	  382032.75	  292908.38	  275397.25	      32.89	      26.98	      20.68	      19.45	  388691.69	       1.00	       1.00	       1.00	       1.00	       1.00	       1.00	       1.00	       1.00	       1.00	       1.00	       1.00	       1.00	       1.00	       1.00	       1.00	       1.00	       1.00	       1.00	       1.00	       1.00	       1.00	       1.00	       1.00	       1.00	
 2025/07/09	    4.06	    4.17	    4.04	    4.12	       58901440	       3.98	       3.95	       3.98	       3.95	           	       0.00	       3.75	       1.00	       0.00	       0.00	       0.00	       0.00	          0	     589014	     490459	     381395	  527061.63	  411586.13	  313019.88	  286087.34	      34.27	      26.77	      20.36	      18.60	  388802.50	       1.00	       1.00	       1.00	       1.00	       1.00	       1.00	       1.00	       1.00	       1.00	       1.00	       1.00	       1.00	       1.00	       1.00	       1.00	       1.00	       1.00	       1.00	       1.00	       1.00	       1.00	       1.00	       1.00	       1.00	
 2025/07/10	    4.10	    4.25	    4.07	    4.23	       82164344	       4.01	       3.97	       4.01	       3.97	           	       0.00	       3.75	       1.00	       0.00	       0.00	       0.00	       0.00	          0	     821643	     585978	     446692	  637153.88	  490560.94	  350824.97	  302436.94	      35.78	      27.54	      19.70	      16.98	  390710.34	       1.00	       1.00	       1.00	       1.00	       1.00	       1.00	       1.00	       1.00	       1.00	       1.00	       1.00	       1.00	       1.00	       1.00	       1.00	       1.00	       1.00	       1.00	       1.00	       1.00	       1.00	       1.00	       1.00	       1.00	
 2025/07/11	    4.23	    4.28	    4.16	    4.20	       70842664	       4.04	       3.99	       4.04	       3.99	           	       0.00	       3.75	       1.00	       0.00	       0.00	       0.00	       0.00	          0	     708427	     651408	     482276	  639726.56	  552256.00	  381619.34	  318641.88	      33.81	      29.19	      20.17	      16.84	  393080.03	       1.00	       1.00	       1.00	       1.00	       1.00	       1.00	       1.00	       1.00	       1.00	       1.00	       1.00	       1.00	       1.00	       1.00	       1.00	       1.00	       1.00	       1.00	       1.00	       1.00	       1.00	       1.00	       1.00	       1.00	
 2025/07/14	    4.08	    4.62	    4.03	    4.41	      158315232	       4.09	       4.03	       4.09	       4.03	           	       0.00	           	       0.00	       0.00	       0.00	       0.00	       0.00	          0	    1583152	     828412	     621607	  925559.25	  695689.75	  473262.66	  364740.44	      37.64	      28.29	      19.24	      14.83	  400216.75	       1.00	       1.00	       1.00	       1.00	       1.00	       1.00	       1.00	       1.00	       1.00	       1.00	       1.00	       1.00	       1.00	       1.00	       1.00	       1.00	       1.00	       1.00	       1.00	       1.00	       1.00	       1.00	       1.00	       1.00	
 2025/07/15	    4.37	    4.39	    4.13	    4.21	      120090800	       4.10	       4.05	       4.10	       4.05	       4.62	       1.00	           	       0.00	       0.00	       0.00	       0.00	       0.00	          0	    1200908	     980629	     720211	 1078532.63	  802797.13	  534000.50	  398337.28	      38.33	      28.53	      18.98	      14.16	  405003.28	       1.00	       1.00	       1.00	       1.00	       1.00	       1.00	       1.00	       1.00	       1.00	       1.00	       1.00	       1.00	       1.00	       1.00	       1.00	       1.00	       1.00	       1.00	       1.00	       1.00	       1.00	       1.00	       1.00	       1.00	
 2025/07/16	    4.22	    4.25	    4.08	    4.12	       65019728	       4.11	       4.05	       4.11	       4.05	       4.62	       1.00	           	       0.00	       0.00	       0.00	       0.00	       0.00	          0	     650197	     992866	     741662	 1035671.00	  836412.50	  561459.69	  413914.78	      36.37	      29.37	      19.72	      14.54	  406728.34	       1.00	       1.00	       1.00	       1.00	       1.00	       1.00	       1.00	       1.00	       1.00	       1.00	       1.00	       1.00	       1.00	       1.00	       1.00	       1.00	       1.00	       1.00	       1.00	       1.00	       1.00	       1.00	       1.00	       1.00	
 2025/07/17	    4.10	    4.20	    4.10	    4.15	       54473800	       4.11	       4.06	       4.11	       4.06	       4.62	       1.00	           	       0.00	       0.00	       0.00	       0.00	       0.00	          0	     544738	     937484	     761731	  994748.88	  817237.75	  582688.38	  426746.94	      35.26	      28.97	      20.65	      15.13	  408318.56	       1.00	       1.00	       1.00	       1.00	       1.00	       1.00	       1.00	       1.00	       1.00	       1.00	       1.00	       1.00	       1.00	       1.00	       1.00	       1.00	       1.00	       1.00	       1.00	       1.00	       1.00	       1.00	       1.00	       1.00	
 2025/07/18	    4.16	    4.22	    4.12	    4.13	       54529872	       4.11	       4.07	       4.11	       4.07	       4.62	       1.00	           	       0.00	       0.00	       0.00	       0.00	       0.00	          0	     545299	     904859	     778134	  735285.50	  830422.38	  606227.63	  430842.22	      28.25	      31.91	      23.29	      16.55	  407415.19	       1.00	       1.00	       1.00	       1.00	       1.00	       1.00	       1.00	       1.00	       1.00	       1.00	       1.00	       1.00	       1.00	       1.00	       1.00	       1.00	       1.00	       1.00	       1.00	       1.00	       1.00	       1.00	       1.00	       1.00	
 2025/07/21	    4.09	    4.22	    4.09	    4.17	       61866580	       4.12	       4.08	       4.12	       4.08	       4.62	       1.00	           	       0.00	       0.00	       0.00	       0.00	       0.00	          0	     618666	     711962	     770187	  589724.94	  834128.75	  622857.44	  440438.59	      23.71	      33.54	      25.04	      17.71	  408433.91	       1.00	       1.00	       1.00	       1.00	       1.00	       1.00	       1.00	       1.00	       1.00	       1.00	       1.00	       1.00	       1.00	       1.00	       1.00	       1.00	       1.00	       1.00	       1.00	       1.00	       1.00	       1.00	       1.00	       1.00	
 2025/07/22	    4.17	    4.56	    4.15	    4.45	      134918496	       4.17	       4.11	       4.17	       4.11	       4.62	       1.00	           	       0.00	       0.00	       0.00	       0.00	       0.00	          0	    1349185	     741617	     861123	  764471.88	  900071.50	  695316.25	  473855.44	      26.98	      31.76	      24.54	      16.72	  412366.34	       1.00	       1.00	       1.00	       1.00	       1.00	       1.00	       1.00	       1.00	       1.00	       1.00	       1.00	       1.00	       1.00	       1.00	       1.00	       1.00	       1.00	       1.00	       1.00	       1.00	       1.00	       1.00	       1.00	       1.00	
 2025/07/23	    4.50	    4.54	    4.30	    4.32	       92128960	       4.19	       4.13	       4.19	       4.13	       4.62	       1.00	           	       0.00	       0.00	       0.00	       0.00	       0.00	          0	     921290	     795835	     894350	  858609.75	  926679.31	  739467.56	  491991.50	      28.46	      30.72	      24.51	      16.31	  413341.34	       1.00	       1.00	       1.00	       1.00	       1.00	       1.00	       1.00	       1.00	       1.00	       1.00	       1.00	       1.00	       1.00	       1.00	       1.00	       1.00	       1.00	       1.00	       1.00	       1.00	       1.00	       1.00	       1.00	       1.00	
 2025/07/24	    4.29	    4.43	    4.24	    4.38	       64145200	       4.21	       4.15	       4.21	       4.15	       4.62	       1.00	           	       0.00	       0.00	       0.00	       0.00	       0.00	          0	     641452	     815178	     876331	  882648.06	  808966.75	  752328.19	  503436.72	      29.95	      27.45	      25.53	      17.08	  413302.75	       1.00	       1.00	       1.00	       1.00	       1.00	       1.00	       1.00	       1.00	       1.00	       1.00	       1.00	       1.00	       1.00	       1.00	       1.00	       1.00	       1.00	       1.00	       1.00	       1.00	       1.00	       1.00	       1.00	       1.00	
 2025/07/25	    4.39	    4.82	    4.39	    4.55	      178236400	       4.26	       4.19	       4.26	       4.19	           	       0.00	           	       0.00	       0.00	       0.00	       0.00	       0.00	          0	    1782364	    1062591	     983725	 1173572.63	  881648.75	  842222.88	  553308.00	      34.01	      25.55	      24.41	      16.03	  421211.81	       1.00	       1.00	       1.00	       1.00	       1.00	       1.00	       1.00	       1.00	       1.00	       1.00	       1.00	       1.00	       1.00	       1.00	       1.00	       1.00	       1.00	       1.00	       1.00	       1.00	       1.00	       1.00	       1.00	       1.00	
 2025/07/28	    4.38	    4.42	    4.26	    4.26	      114370504	       4.26	       4.20	       4.26	       4.20	       4.82	       1.00	           	       0.00	       0.00	       0.00	       0.00	       0.00	          0	    1143705	    1167599	     939780	 1122202.63	  943337.25	  889874.81	  584282.94	      31.70	      26.65	      25.14	      16.51	  424976.00	       1.00	       1.00	       1.00	       1.00	       1.00	       1.00	       1.00	       1.00	       1.00	       1.00	       1.00	       1.00	       1.00	       1.00	       1.00	       1.00	       1.00	       1.00	       1.00	       1.00	       1.00	       1.00	       1.00	       1.00	
 2025/07/29	    4.27	    4.35	    4.19	    4.28	       67772936	       4.26	       4.20	       4.26	       4.20	       4.82	       1.00	           	       0.00	       0.00	       0.00	       0.00	       0.00	          0	     677729	    1033308	     887463	 1061312.63	  959961.25	  888599.44	  591857.00	      30.31	      27.41	      25.38	      16.90	  425378.09	       1.00	       1.00	       1.00	       1.00	       1.00	       1.00	       1.00	       1.00	       1.00	       1.00	       1.00	       1.00	       1.00	       1.00	       1.00	       1.00	       1.00	       1.00	       1.00	       1.00	       1.00	       1.00	       1.00	       1.00	
 2025/07/30	    4.37	    4.42	    4.26	    4.29	       69312712	       4.26	       4.21	       4.26	       4.21	       4.82	       1.00	           	       0.00	       0.00	       0.00	       0.00	       0.00	          0	     693127	     987676	     891756	 1074231.38	  978439.75	  904431.00	  598669.69	      30.21	      27.52	      25.44	      16.84	  427410.56	       1.00	       1.00	       1.00	       1.00	       1.00	       1.00	       1.00	       1.00	       1.00	       1.00	       1.00	       1.00	       1.00	       1.00	       1.00	       1.00	       1.00	       1.00	       1.00	       1.00	       1.00	       1.00	       1.00	       1.00	
 2025/07/31	    4.20	    4.23	    4.10	    4.10	       59055164	       4.24	       4.20	           	           	       4.82	       1.00	           	       0.00	       0.00	       0.00	       0.00	       0.00	          0	     590552	     977495	     896337	  776278.25	  974925.44	  904527.06	  608773.44	      23.78	      29.86	      27.71	      18.65	  427533.97	       1.00	       1.00	       1.00	       1.00	       1.00	       1.00	       1.00	       1.00	       1.00	       1.00	       1.00	       1.00	       1.00	       1.00	       1.00	       1.00	       1.00	       1.00	       1.00	       1.00	       1.00	       1.00	       1.00	       1.00	
 2025/08/01	    4.08	    4.14	    4.06	    4.11	       26921236	       4.22	       4.19	           	           	           	       0.00	           	       0.00	       0.00	       0.00	       0.00	       0.00	          0	     269212	     674865	     868728	  557655.13	  839928.88	  870000.19	  610412.56	      19.38	      29.18	      30.23	      21.21	  424571.59	       1.00	       1.00	       1.00	       1.00	       1.00	       1.00	       1.00	       1.00	       1.00	       1.00	       1.00	       1.00	       1.00	       1.00	       1.00	       1.00	       1.00	       1.00	       1.00	       1.00	       1.00	       1.00	       1.00	       1.00	
 2025/08/04	    4.09	    4.14	    4.06	    4.14	       19058916	       4.21	       4.19	           	           	           	       0.00	       4.06	       1.00	       0.00	       0.00	       0.00	       0.00	          0	     190589	     484242	     825921	  435870.06	  748591.31	  837635.31	  609627.38	      16.56	      28.44	      31.83	      23.16	  417262.41	       1.00	       1.00	       1.00	       1.00	       1.00	       1.00	       1.00	       1.00	       1.00	       1.00	       1.00	       1.00	       1.00	       1.00	       1.00	       1.00	       1.00	       1.00	       1.00	       1.00	       1.00	       1.00	       1.00	       1.00	
 2025/08/05	    4.15	    4.24	    4.12	    4.21	       38012236	       4.21	       4.19	           	       4.19	           	       0.00	       4.06	       1.00	       0.00	       0.00	       0.00	       0.00	          0	     380122	     424721	     729014	  357618.88	  715925.13	  762446.00	  617854.31	      14.57	      29.18	      31.07	      25.18	  409171.03	       1.00	       1.00	       1.00	       1.00	       1.00	       1.00	       1.00	       1.00	       1.00	       1.00	       1.00	       1.00	       1.00	       1.00	       1.00	       1.00	       1.00	       1.00	       1.00	       1.00	       1.00	       1.00	       1.00	       1.00	
 2025/08/06	    4.19	    4.30	    4.16	    4.25	       46958856	       4.22	       4.20	       4.22	       4.20	           	       0.00	       4.06	       1.00	       0.00	       0.00	       0.00	       0.00	          0	     469589	     380013	     683844	  327378.13	  551828.19	  716738.50	  625369.50	      14.74	      24.84	      32.27	      28.15	  402814.56	       1.00	       1.00	       1.00	       1.00	       1.00	       1.00	       1.00	       1.00	       1.00	       1.00	       1.00	       1.00	       1.00	       1.00	       1.00	       1.00	       1.00	       1.00	       1.00	       1.00	       1.00	       1.00	       1.00	       1.00	
 2025/08/07	    4.23	    4.23	    4.14	    4.18	       35313312	       4.21	       4.19	           	           	           	       0.00	       4.06	       1.00	       0.00	       0.00	       0.00	       0.00	          0	     353133	     332529	     655012	  348358.28	  453006.69	  698172.00	  629815.81	      16.36	      21.27	      32.79	      29.58	  395836.00	       1.00	       1.00	       1.00	       1.00	       1.00	       1.00	       1.00	       1.00	       1.00	       1.00	       1.00	       1.00	       1.00	       1.00	       1.00	       1.00	       1.00	       1.00	       1.00	       1.00	       1.00	       1.00	       1.00	       1.00	
 2025/08/08	    4.16	    4.20	    4.13	    4.15	       27459940	       4.20	       4.19	           	           	           	       0.00	       4.06	       1.00	       0.00	       0.00	       0.00	       0.00	          0	     274599	     333607	     504236	  369360.84	  402615.44	  681288.31	  631988.31	      17.71	      19.31	      32.67	      30.31	  390814.50	       1.00	       1.00	       1.00	       1.00	       1.00	       1.00	       1.00	       1.00	       1.00	       1.00	       1.00	       1.00	       1.00	       1.00	       1.00	       1.00	       1.00	       1.00	       1.00	       1.00	       1.00	       1.00	       1.00	       1.00	
 2025/08/11	    4.14	    4.18	    4.13	    4.16	       22581428	       4.20	       4.19	           	           	           	       0.00	       4.06	       1.00	       0.00	       0.00	       0.00	       0.00	          0	     225814	     340652	     412447	  330783.84	  344201.38	  661320.56	  633774.06	      16.79	      17.47	      33.57	      32.17	  386729.06	       1.00	       1.00	       1.00	       1.00	       1.00	       1.00	       1.00	       1.00	       1.00	       1.00	       1.00	       1.00	       1.00	       1.00	       1.00	       1.00	       1.00	       1.00	       1.00	       1.00	       1.00	       1.00	       1.00	       1.00	
 2025/08/12	    4.19	    4.25	    4.17	    4.21	       38187748	       4.20	       4.19	       4.20	       4.19	           	       0.00	       4.06	       1.00	       0.00	       0.00	       0.00	       0.00	          0	     381877	     341003	     382862	  308856.06	  318117.06	  646521.25	  634689.31	      16.19	      16.67	      33.88	      33.26	  384410.50	       1.00	       1.00	       1.00	       1.00	       1.00	       1.00	       1.00	       1.00	       1.00	       1.00	       1.00	       1.00	       1.00	       1.00	       1.00	       1.00	       1.00	       1.00	       1.00	       1.00	       1.00	       1.00	       1.00	       1.00	
 2025/08/13	    4.17	    4.19	    4.13	    4.14	       33554820	       4.19	       4.18	           	           	           	       0.00	       4.06	       1.00	       0.00	       0.00	       0.00	       0.00	          0	     335548	     314194	     347104	  304459.81	  326409.09	  583169.00	  639242.63	      16.43	      17.61	      31.47	      34.49	  379756.00	       1.00	       1.00	       1.00	       1.00	       1.00	       1.00	       1.00	       1.00	       1.00	       1.00	       1.00	       1.00	       1.00	       1.00	       1.00	       1.00	       1.00	       1.00	       1.00	       1.00	       1.00	       1.00	       1.00	       1.00	
 2025/08/14	    4.13	    4.14	    4.03	    4.04	       39120696	       4.17	       4.17	           	           	           	       0.00	           	       0.00	       0.00	       0.00	       0.00	       0.00	          0	     391207	     321809	     327169	  333611.72	  351486.31	  550038.81	  644753.25	      17.75	      18.70	      29.26	      34.30	  377514.97	       1.00	       1.00	       1.00	       1.00	       1.00	       1.00	       1.00	       1.00	       1.00	       1.00	       1.00	       1.00	       1.00	       1.00	       1.00	       1.00	       1.00	       1.00	       1.00	       1.00	       1.00	       1.00	       1.00	       1.00	
 2025/08/15	    4.04	    4.08	    4.03	    4.08	       21011296	       4.16	       4.16	           	           	           	       0.00	       4.03	       1.00	       0.00	       0.00	       0.00	       0.00	          0	     210113	     308912	     321259	  329686.41	  330235.13	  523080.13	  637704.25	      18.11	      18.14	      28.73	      35.03	  374795.78	       1.00	       1.00	       1.00	       1.00	       1.00	       1.00	       1.00	       1.00	       1.00	       1.00	       1.00	       1.00	       1.00	       1.00	       1.00	       1.00	       1.00	       1.00	       1.00	       1.00	       1.00	       1.00	       1.00	       1.00	
 2025/08/18	    4.10	    4.13	    4.06	    4.09	       30735328	       4.15	       4.16	           	           	           	       0.00	       4.03	       1.00	       0.00	       0.00	       0.00	       0.00	          0	     307353	     325220	     332936	  311055.38	  309955.75	  430891.97	  636557.50	      18.42	      18.36	      25.52	      37.70	  373304.53	       1.00	       1.00	       1.00	       1.00	       1.00	       1.00	       1.00	       1.00	       1.00	       1.00	       1.00	       1.00	       1.00	       1.00	       1.00	       1.00	       1.00	       1.00	       1.00	       1.00	       1.00	       1.00	       1.00	       1.00	
 2025/08/19	    4.08	    4.11	    4.04	    4.08	       20118960	       4.14	       4.15	           	           	           	       0.00	       4.03	       1.00	       0.00	       0.00	       0.00	       0.00	          0	     201190	     289082	     315042	  277465.69	  290962.78	  371984.75	  630929.81	      17.66	      18.52	      23.67	      40.15	  370329.66	       1.00	       1.00	       1.00	       1.00	       1.00	       1.00	       1.00	       1.00	       1.00	       1.00	       1.00	       1.00	       1.00	       1.00	       1.00	       1.00	       1.00	       1.00	       1.00	       1.00	       1.00	       1.00	       1.00	       1.00	
 2025/08/20	    4.06	    4.09	    4.05	    4.09	       18751796	       4.13	       4.14	           	           	           	       0.00	       4.03	       1.00	       0.00	       0.00	       0.00	       0.00	          0	     187518	     259476	     286835	  226543.45	  280077.59	  341346.53	  614973.00	      15.49	      19.14	      23.33	      42.04	  367936.44	       1.00	       1.00	       1.00	       1.00	       1.00	       1.00	       1.00	       1.00	       1.00	       1.00	       1.00	       1.00	       1.00	       1.00	       1.00	       1.00	       1.00	       1.00	       1.00	       1.00	       1.00	       1.00	       1.00	       1.00	
 2025/08/21	    4.09	    4.13	    4.07	    4.11	       26422404	       4.13	       4.14	           	           	           	       0.00	       4.03	       1.00	       0.00	       0.00	       0.00	       0.00	          0	     264224	     234080	     277944	  240071.22	  284878.81	  314540.09	  609485.56	      16.57	      19.66	      21.71	      42.06	  364683.22	       1.00	       1.00	       1.00	       1.00	       1.00	       1.00	       1.00	       1.00	       1.00	       1.00	       1.00	       1.00	       1.00	       1.00	       1.00	       1.00	       1.00	       1.00	       1.00	       1.00	       1.00	       1.00	       1.00	       1.00	
 2025/08/22	    4.10	    4.15	    4.06	    4.13	       32486114	       4.13	       4.14	           	           	           	       0.00	       4.03	       1.00	       0.00	       0.00	       0.00	       0.00	          0	     324861	     257029	     282971	  244448.16	  277751.75	  297934.44	  601230.81	      17.20	      19.54	      20.96	      42.30	  363171.16	       1.00	       1.00	       1.00	       1.00	       1.00	       1.00	       1.00	       1.00	       1.00	       1.00	       1.00	       1.00	       1.00	       1.00	       1.00	       1.00	       1.00	       1.00	       1.00	       1.00	       1.00	       1.00	       1.00	       1.00	
 2025/08/25	    4.15	    4.19	    4.12	    4.17	       42261320	       4.14	       4.14	       4.14	       4.14	           	       0.00	       4.03	       1.00	       0.00	       0.00	       0.00	       0.00	          0	     422613	     280081	     302651	  299804.09	  288634.91	  307522.00	  588761.13	      20.19	      19.44	      20.71	      39.65	  363017.53	       1.00	       1.00	       1.00	       1.00	       1.00	       1.00	       1.00	       1.00	       1.00	       1.00	       1.00	       1.00	       1.00	       1.00	       1.00	       1.00	       1.00	       1.00	       1.00	       1.00	       1.00	       1.00	       1.00	       1.00	
 2025/08/26	    4.17	    4.28	    4.15	    4.26	       60854112	       4.15	       4.15	       4.15	       4.15	           	       0.00	           	       0.00	       0.00	       0.00	       0.00	       0.00	          0	     608541	     361552	     325317	  405059.88	  315801.69	  333644.00	  585639.63	      24.70	      19.25	      20.34	      35.71	  363245.97	       1.00	       1.00	       1.00	       1.00	       1.00	       1.00	       1.00	       1.00	       1.00	       1.00	       1.00	       1.00	       1.00	       1.00	       1.00	       1.00	       1.00	       1.00	       1.00	       1.00	       1.00	       1.00	       1.00	       1.00	
 2025/08/27	    4.23	    4.25	    4.09	    4.10	       43493016	       4.15	       4.15	           	           	       4.28	       1.00	           	       0.00	       0.00	       0.00	       0.00	       0.00	          0	     434930	     411034	     335255	  447736.41	  343903.78	  337069.47	  549757.75	      26.68	      20.49	      20.08	      32.75	  361940.69	       1.00	       1.00	       1.00	       1.00	       1.00	       1.00	       1.00	       1.00	       1.00	       1.00	       1.00	       1.00	       1.00	       1.00	       1.00	       1.00	       1.00	       1.00	       1.00	       1.00	       1.00	       1.00	       1.00	       1.00	
 2025/08/28	    4.08	    4.12	    3.98	    4.08	       34486884	       4.14	       4.14	           	           	       4.28	       1.00	           	       0.00	       0.00	       0.00	       0.00	       0.00	          0	     344869	     427163	     330621	  452738.31	  348593.25	  329274.50	  523006.50	      27.38	      21.08	      19.91	      31.63	  360272.75	       1.00	       1.00	       1.00	       1.00	       1.00	       1.00	       1.00	       1.00	       1.00	       1.00	       1.00	       1.00	       1.00	       1.00	       1.00	       1.00	       1.00	       1.00	       1.00	       1.00	       1.00	       1.00	       1.00	       1.00	
 2025/08/29	    4.08	    4.10	    4.03	    4.04	       18752650	       4.12	       4.13	           	           	       4.28	       1.00	           	       0.00	       0.00	       0.00	       0.00	       0.00	          0	     187527	     399696	     328363	  393966.66	  346885.38	  318924.09	  508548.06	      25.12	      22.12	      20.34	      32.43	  358039.06	       1.00	       1.00	       1.00	       1.00	       1.00	       1.00	       1.00	       1.00	       1.00	       1.00	       1.00	       1.00	       1.00	       1.00	       1.00	       1.00	       1.00	       1.00	       1.00	       1.00	       1.00	       1.00	       1.00	       1.00	
 2025/09/01	    4.02	    4.08	    4.00	    4.07	       16140535	       4.12	       4.13	           	           	       4.28	       1.00	           	       0.00	       0.00	       0.00	       0.00	       0.00	          0	     161405	     347454	     313768	  282182.72	  343621.31	  311849.47	  496568.91	      19.67	      23.96	      21.74	      34.62	  356893.69	       1.00	       1.00	       1.00	       1.00	       1.00	       1.00	       1.00	       1.00	       1.00	       1.00	       1.00	       1.00	       1.00	       1.00	       1.00	       1.00	       1.00	       1.00	       1.00	       1.00	       1.00	       1.00	       1.00	       1.00	
 2025/09/02	    4.06	    4.07	    4.01	    4.04	       19548082	       4.11	       4.12	           	           	       4.28	       1.00	           	       0.00	       0.00	       0.00	       0.00	       0.00	          0	     195481	     264842	     313197	  222320.38	  335028.38	  309953.56	  485637.06	      16.43	      24.76	      22.91	      35.89	  354074.44	       1.00	       1.00	       1.00	       1.00	       1.00	       1.00	       1.00	       1.00	       1.00	       1.00	       1.00	       1.00	       1.00	       1.00	       1.00	       1.00	       1.00	       1.00	       1.00	       1.00	       1.00	       1.00	       1.00	       1.00	
 2025/09/03	    4.03	    4.06	    3.95	    3.95	       18834716	       4.09	       4.10	           	           	       4.28	       1.00	           	       0.00	       0.00	       0.00	       0.00	       0.00	          0	     188347	     215526	     313280	  183189.95	  317964.16	  297857.94	  472189.63	      14.41	      25.01	      23.43	      37.15	  352310.28	       1.00	       1.00	       1.00	       1.00	       1.00	       1.00	       1.00	       1.00	       1.00	       1.00	       1.00	       1.00	       1.00	       1.00	       1.00	       1.00	       1.00	       1.00	       1.00	       1.00	       1.00	       1.00	       1.00	       1.00	
 2025/09/04	    3.94	    3.99	    3.93	    3.98	       13239426	       4.07	       4.09	           	           	           	       0.00	           	       0.00	       0.00	       0.00	       0.00	       0.00	          0	     132394	     173031	     300097	  169406.91	  281686.78	  285160.81	  434164.91	      14.47	      24.07	      24.36	      37.09	  349605.50	       1.00	       1.00	       1.00	       1.00	       1.00	       1.00	       1.00	       1.00	       1.00	       1.00	       1.00	       1.00	       1.00	       1.00	       1.00	       1.00	       1.00	       1.00	       1.00	       1.00	       1.00	       1.00	       1.00	       1.00	
 2025/09/05	    3.99	    4.05	    3.96	    4.04	       15027140	       4.07	       4.09	           	           	           	       0.00	       3.93	       1.00	       0.00	       0.00	       0.00	       0.00	          0	     150271	     165580	     282638	  166623.41	  224403.06	  270102.34	  410070.56	      15.55	      20.95	      25.21	      38.28	  346922.91	       1.00	       1.00	       1.00	       1.00	       1.00	       1.00	       1.00	       1.00	       1.00	       1.00	       1.00	       1.00	       1.00	       1.00	       1.00	       1.00	       1.00	       1.00	       1.00	       1.00	       1.00	       1.00	       1.00	       1.00	
 2025/09/08	    4.04	    4.06	    4.02	    4.05	       14353503	       4.07	       4.08	           	           	           	       0.00	       3.93	       1.00	       0.00	       0.00	       0.00	       0.00	          0	     143535	     162006	     254730	  153636.97	  187978.67	  265941.25	  394510.69	      15.33	      18.76	      26.54	      39.37	  344791.22	       1.00	       1.00	       1.00	       1.00	       1.00	       1.00	       1.00	       1.00	       1.00	       1.00	       1.00	       1.00	       1.00	       1.00	       1.00	       1.00	       1.00	       1.00	       1.00	       1.00	       1.00	       1.00	       1.00	       1.00	
 2025/09/09	    4.04	    4.08	    4.03	    4.06	       14396980	       4.06	       4.08	           	           	           	       0.00	       3.93	       1.00	       0.00	       0.00	       0.00	       0.00	          0	     143970	     151704	     208273	  142542.63	  162866.28	  255729.78	  343310.88	      15.76	      18.01	      28.27	      37.96	  341929.47	       1.00	       1.00	       1.00	       1.00	       1.00	       1.00	       1.00	       1.00	       1.00	       1.00	       1.00	       1.00	       1.00	       1.00	       1.00	       1.00	       1.00	       1.00	       1.00	       1.00	       1.00	       1.00	       1.00	       1.00	
 2025/09/10	    4.06	    4.06	    4.02	    4.04	       12203781	       4.06	       4.08	           	           	           	       0.00	       3.93	       1.00	       0.00	       0.00	       0.00	       0.00	          0	     122038	     138442	     176984	  139953.52	  154680.20	  250782.81	  311383.78	      16.33	      18.05	      29.27	      36.34	  340499.81	       1.00	       1.00	       1.00	       1.00	       1.00	       1.00	       1.00	       1.00	       1.00	       1.00	       1.00	       1.00	       1.00	       1.00	       1.00	       1.00	       1.00	       1.00	       1.00	       1.00	       1.00	       1.00	       1.00	       1.00	
 2025/09/11	    4.04	    4.05	    4.01	    4.05	       11695671	       4.06	       4.08	           	           	           	       0.00	       3.93	       1.00	       0.00	       0.00	       0.00	       0.00	          0	     116957	     135354	     154192	  131624.84	  149124.13	  246372.72	  293859.63	      16.03	      18.16	      30.01	      35.79	  339137.41	       1.00	       1.00	       1.00	       1.00	       1.00	       1.00	       1.00	       1.00	       1.00	       1.00	       1.00	       1.00	       1.00	       1.00	       1.00	       1.00	       1.00	       1.00	       1.00	       1.00	       1.00	       1.00	       1.00	       1.00	
 2025/09/12	    4.05	    4.10	    4.03	    4.09	       24626282	       4.06	       4.08	       4.06	       4.08	           	       0.00	       3.93	       1.00	       0.00	       0.00	       0.00	       0.00	          0	     246263	     154552	     160066	  157306.78	  155471.86	  245250.16	  279895.13	      18.77	      18.55	      29.27	      33.40	  339095.25	       1.00	       1.00	       1.00	       1.00	       1.00	       1.00	       1.00	       1.00	       1.00	       1.00	       1.00	       1.00	       1.00	       1.00	       1.00	       1.00	       1.00	       1.00	       1.00	       1.00	       1.00	       1.00	       1.00	       1.00	
 2025/09/15	    4.08	    4.14	    4.06	    4.13	       28627046	       4.07	       4.08	       4.07	       4.08	           	       0.00	       3.93	       1.00	       0.00	       0.00	       0.00	       0.00	          0	     286270	     183100	     172553	  192881.94	  167712.28	  242838.23	  270386.34	      22.07	      19.19	      27.79	      30.94	  339115.56	       1.00	       1.00	       1.00	       1.00	       1.00	       1.00	       1.00	       1.00	       1.00	       1.00	       1.00	       1.00	       1.00	       1.00	       1.00	       1.00	       1.00	       1.00	       1.00	       1.00	       1.00	       1.00	       1.00	       1.00	
 2025/09/16	    4.18	    4.19	    4.12	    4.15	       29735612	       4.08	       4.09	       4.08	       4.09	           	       0.00	       3.93	       1.00	       0.00	       0.00	       0.00	       0.00	          0	     297356	     213777	     182740	  236711.53	  188332.52	  235009.63	  271265.81	      25.42	      20.22	      25.23	      29.13	  339428.16	       1.00	       1.00	       1.00	       1.00	       1.00	       1.00	       1.00	       1.00	       1.00	       1.00	       1.00	       1.00	       1.00	       1.00	       1.00	       1.00	       1.00	       1.00	       1.00	       1.00	       1.00	       1.00	       1.00	       1.00	
 2025/09/17	    4.14	    4.20	    4.10	    4.16	       30555246	       4.09	       4.09	       4.09	       4.09	           	       0.00	           	       0.00	       0.00	       0.00	       0.00	       0.00	          0	     305552	     250480	     194461	  283860.50	  207742.66	  216072.84	  274858.41	      28.89	      21.14	      21.99	      27.97	  339638.91	       1.00	       1.00	       1.00	       1.00	       1.00	       1.00	       1.00	       1.00	       1.00	       1.00	       1.00	       1.00	       1.00	       1.00	       1.00	       1.00	       1.00	       1.00	       1.00	       1.00	       1.00	       1.00	       1.00	       1.00	
 2025/09/18	    4.15	    4.16	    4.04	    4.06	       29644754	       4.09	       4.09	           	           	       4.20	       1.00	           	       0.00	       0.00	       0.00	       0.00	       0.00	          0	     296448	     286378	     210866	  296406.66	  226856.72	  207417.69	  272243.59	      29.55	      22.62	      20.68	      27.14	  340188.28	       1.00	       1.00	       1.00	       1.00	       1.00	       1.00	       1.00	       1.00	       1.00	       1.00	       1.00	       1.00	       1.00	       1.00	       1.00	       1.00	       1.00	       1.00	       1.00	       1.00	       1.00	       1.00	       1.00	       1.00	
 2025/09/19	    4.07	    4.13	    4.04	    4.13	       28041492	       4.09	       4.10	       4.09	       4.10	       4.20	       1.00	           	       0.00	       0.00	       0.00	       0.00	       0.00	          0	     280415	     293208	     223880	  294942.75	  243912.34	  203389.31	  266331.91	      29.24	      24.18	      20.17	      26.41	  338757.09	       1.00	       1.00	       1.00	       1.00	       1.00	       1.00	       1.00	       1.00	       1.00	       1.00	       1.00	       1.00	       1.00	       1.00	       1.00	       1.00	       1.00	       1.00	       1.00	       1.00	       1.00	       1.00	       1.00	       1.00	
 2025/09/22	    4.13	    4.15	    4.06	    4.08	       17487148	       4.09	       4.09	           	           	       4.20	       1.00	           	       0.00	       0.00	       0.00	       0.00	       0.00	          0	     174871	     270929	     227014	  264321.59	  250516.56	  202598.38	  260761.22	      27.02	      25.61	      20.71	      26.66	  338004.38	       1.00	       1.00	       1.00	       1.00	       1.00	       1.00	       1.00	       1.00	       1.00	       1.00	       1.00	       1.00	       1.00	       1.00	       1.00	       1.00	       1.00	       1.00	       1.00	       1.00	       1.00	       1.00	       1.00	       1.00	
 2025/09/23	    4.07	    4.14	    4.04	    4.12	       29460672	       4.10	       4.10	       4.10	       4.10	       4.20	       1.00	           	       0.00	       0.00	       0.00	       0.00	       0.00	          0	     294607	     270379	     242078	  261585.16	  272722.81	  210923.47	  261386.44	      25.99	      27.09	      20.95	      25.97	  336734.91	       1.00	       1.00	       1.00	       1.00	       1.00	       1.00	       1.00	       1.00	       1.00	       1.00	       1.00	       1.00	       1.00	       1.00	       1.00	       1.00	       1.00	       1.00	       1.00	       1.00	       1.00	       1.00	       1.00	       1.00	
 2025/09/24	    4.10	    4.19	    4.07	    4.19	       38197040	       4.11	       4.10	       4.11	       4.10	       4.20	       1.00	           	       0.00	       0.00	       0.00	       0.00	       0.00	          0	     381970	     285662	     268071	  282965.88	  289686.25	  222579.06	  266266.31	      26.66	      27.29	      20.97	      25.08	  337178.78	       1.00	       1.00	       1.00	       1.00	       1.00	       1.00	       1.00	       1.00	       1.00	       1.00	       1.00	       1.00	       1.00	       1.00	       1.00	       1.00	       1.00	       1.00	       1.00	       1.00	       1.00	       1.00	       1.00	       1.00	
 2025/09/25	    4.15	    4.19	    4.10	    4.11	       25575780	       4.11	       4.11	       4.11	       4.11	       4.20	       1.00	           	       0.00	       0.00	       0.00	       0.00	       0.00	          0	     255758	     277524	     281951	  276801.59	  285872.19	  226792.23	  262325.09	      26.32	      27.18	      21.56	      24.94	  336124.88	       1.00	       1.00	       1.00	       1.00	       1.00	       1.00	       1.00	       1.00	       1.00	       1.00	       1.00	       1.00	       1.00	       1.00	       1.00	       1.00	       1.00	       1.00	       1.00	       1.00	       1.00	       1.00	       1.00	       1.00	
 2025/09/26	    4.13	    4.21	    4.12	    4.15	       28783072	       4.11	       4.11	       4.11	       4.11	       4.20	       1.00	           	       0.00	       0.00	       0.00	       0.00	       0.00	          0	     287831	     279007	     286108	  305041.41	  284681.50	  236507.00	  260833.92	      28.06	      26.19	      21.76	      23.99	  335078.06	       1.00	       1.00	       1.00	       1.00	       1.00	       1.00	       1.00	       1.00	       1.00	       1.00	       1.00	       1.00	       1.00	       1.00	       1.00	       1.00	       1.00	       1.00	       1.00	       1.00	       1.00	       1.00	       1.00	       1.00	
 2025/09/29	    4.10	    4.11	    4.01	    4.07	       28631140	       4.11	       4.11	           	           	           	       0.00	           	       0.00	       0.00	       0.00	       0.00	       0.00	          0	     286311	     301295	     286112	  302967.59	  282276.38	  245009.50	  257555.94	      27.85	      25.95	      22.52	      23.68	  334685.88	       1.00	       1.00	       1.00	       1.00	       1.00	       1.00	       1.00	       1.00	       1.00	       1.00	       1.00	       1.00	       1.00	       1.00	       1.00	       1.00	       1.00	       1.00	       1.00	       1.00	       1.00	       1.00	       1.00	       1.00	
 2025/09/30	    4.06	    4.09	    4.04	    4.07	       15933600	       4.10	       4.10	           	           	           	       0.00	       4.01	       1.00	       0.00	       0.00	       0.00	       0.00	          0	     159336	     274241	     272310	  247308.98	  265137.44	  245997.06	  255969.16	      24.38	      26.14	      24.25	      25.23	  334218.91	       1.00	       1.00	       1.00	       1.00	       1.00	       1.00	       1.00	       1.00	       1.00	       1.00	       1.00	       1.00	       1.00	       1.00	       1.00	       1.00	       1.00	       1.00	       1.00	       1.00	       1.00	       1.00	       1.00	       1.00	
 2025/10/09	    4.07	    4.18	    4.05	    4.17	       35082136	       4.11	       4.11	       4.11	       4.11	           	       0.00	       4.01	       1.00	       0.00	       0.00	       0.00	       0.00	          0	     350821	     268011	     276837	  271074.88	  273938.22	  258925.30	  257327.53	      25.54	      25.81	      24.40	      24.25	  335016.97	       1.00	       1.00	       1.00	       1.00	       1.00	       1.00	       1.00	       1.00	       1.00	       1.00	       1.00	       1.00	       1.00	       1.00	       1.00	       1.00	       1.00	       1.00	       1.00	       1.00	       1.00	       1.00	       1.00	       1.00	
 2025/10/10	    4.17	    4.32	    4.14	    4.27	       65513472	       4.13	       4.12	       4.13	       4.12	           	       0.00	       4.01	       1.00	       0.00	       0.00	       0.00	       0.00	          0	     655135	     347887	     312706	  362900.88	  333971.16	  292243.88	  271513.34	      28.79	      26.49	      23.18	      21.54	  337358.56	       1.00	       1.00	       1.00	       1.00	       1.00	       1.00	       1.00	       1.00	       1.00	       1.00	       1.00	       1.00	       1.00	       1.00	       1.00	       1.00	       1.00	       1.00	       1.00	       1.00	       1.00	       1.00	       1.00	       1.00	
 2025/10/13	    4.17	    4.26	    4.14	    4.25	       38400636	       4.15	       4.13	       4.15	       4.13	           	       0.00	       4.01	       1.00	       0.00	       0.00	       0.00	       0.00	          0	     384006	     367122	     323065	  387324.63	  345146.09	  308934.47	  277653.59	      29.36	      26.17	      23.42	      21.05	  338624.69	       1.00	       1.00	       1.00	       1.00	       1.00	       1.00	       1.00	       1.00	       1.00	       1.00	       1.00	       1.00	       1.00	       1.00	       1.00	       1.00	       1.00	       1.00	       1.00	       1.00	       1.00	       1.00	       1.00	       1.00	
 2025/10/14	    4.25	    4.67	    4.25	    4.49	      121435992	       4.19	       4.17	       4.19	       4.17	           	       0.00	       4.01	       1.00	       0.00	       0.00	       0.00	       0.00	          0	    1214360	     552732	     427014	  651080.63	  449194.81	  369440.53	  307345.34	      36.64	      25.28	      20.79	      17.30	  344008.38	       1.00	       1.00	       1.00	       1.00	       1.00	       1.00	       1.00	       1.00	       1.00	       1.00	       1.00	       1.00	       1.00	       1.00	       1.00	       1.00	       1.00	       1.00	       1.00	       1.00	       1.00	       1.00	       1.00	       1.00	
 2025/10/15	    4.45	    4.83	    4.40	    4.62	      124583264	       4.25	       4.21	       4.25	       4.21	           	       0.00	       4.01	       1.00	       0.00	       0.00	       0.00	       0.00	          0	    1245833	     770031	     522136	  874833.44	  572954.13	  429413.16	  336125.72	      39.53	      25.89	      19.40	      15.19	  350103.25	       1.00	       1.00	       1.00	       1.00	       1.00	       1.00	       1.00	       1.00	       1.00	       1.00	       1.00	       1.00	       1.00	       1.00	       1.00	       1.00	       1.00	       1.00	       1.00	       1.00	       1.00	       1.00	       1.00	       1.00	
 2025/10/16	    4.55	    5.06	    4.50	    4.92	      154392272	       4.34	       4.27	       4.34	       4.27	           	       0.00	       4.01	       1.00	       0.00	       0.00	       0.00	       0.00	          0	    1543923	    1008651	     638331	 1097030.50	  729965.75	  507323.63	  371166.63	      40.55	      26.98	      18.75	      13.72	  357318.75	       1.00	       1.00	       1.00	       1.00	       1.00	       1.00	       1.00	       1.00	       1.00	       1.00	       1.00	       1.00	       1.00	       1.00	       1.00	       1.00	       1.00	       1.00	       1.00	       1.00	       1.00	       1.00	       1.00	       1.00	
 2025/10/17	    4.80	    5.32	    4.76	    4.95	      182417104	       4.42	       4.33	       4.42	       4.33	           	       0.00	       4.01	       1.00	       0.00	       0.00	       0.00	       0.00	          0	    1824171	    1242459	     795173	 1457071.63	  922198.19	  602237.31	  409155.03	      42.97	      27.20	      17.76	      12.07	  366482.56	       1.00	       1.00	       1.00	       1.00	       1.00	       1.00	       1.00	       1.00	       1.00	       1.00	       1.00	       1.00	       1.00	       1.00	       1.00	       1.00	       1.00	       1.00	       1.00	       1.00	       1.00	       1.00	       1.00	       1.00	
 2025/10/20	    4.96	    5.45	    4.89	    5.45	      179332592	       4.56	       4.44	       4.56	       4.44	           	       0.00	       4.01	       1.00	       0.00	       0.00	       0.00	       0.00	          0	    1793326	    1524323	     945722	 1601813.13	 1126446.88	  695792.13	  451604.91	      41.33	      29.06	      17.95	      11.65	  375048.56	       1.00	       1.00	       1.00	       1.00	       1.00	       1.00	       1.00	       1.00	       1.00	       1.00	       1.00	       1.00	       1.00	       1.00	       1.00	       1.00	       1.00	       1.00	       1.00	       1.00	       1.00	       1.00	       1.00	       1.00	
 2025/10/21	    5.78	    5.90	    5.30	    5.48	      263398256	       4.68	       4.53	       4.68	       4.53	           	       0.00	       4.01	       1.00	       0.00	       0.00	       0.00	       0.00	          0	    2633983	    1808247	    1180489	 1948850.50	 1411842.00	  842890.06	  523139.69	      41.23	      29.87	      17.83	      11.07	  388946.72	       1.00	       1.00	       1.00	       1.00	       1.00	       1.00	       1.00	       1.00	       1.00	       1.00	       1.00	       1.00	       1.00	       1.00	       1.00	       1.00	       1.00	       1.00	       1.00	       1.00	       1.00	       1.00	       1.00	       1.00	
 2025/10/22	    5.21	    5.37	    5.03	    5.09	      176132640	       4.74	       4.58	       4.74	       4.58	           	       0.00	       4.01	       1.00	       0.00	       0.00	       0.00	       0.00	          0	    1761326	    1911346	    1340688	 2003201.50	 1550116.00	  942043.56	  572321.00	      39.53	      30.59	      18.59	      11.29	  397910.53	       1.00	       1.00	       1.00	       1.00	       1.00	       1.00	       1.00	       1.00	       1.00	       1.00	       1.00	       1.00	       1.00	       1.00	       1.00	       1.00	       1.00	       1.00	       1.00	       1.00	       1.00	       1.00	       1.00	       1.00	
 2025/10/23	    5.00	    5.60	    5.00	    5.60	       81936720	       4.85	       4.67	       4.85	       4.67	           	       0.00	       4.01	       1.00	       0.00	       0.00	       0.00	       0.00	          0	     819367	    1766435	    1387543	 1752000.50	 1604536.13	  974841.06	  592882.25	      35.58	      32.58	      19.80	      12.04	  401661.91	       1.00	       1.00	       1.00	       1.00	       1.00	       1.00	       1.00	       1.00	       1.00	       1.00	       1.00	       1.00	       1.00	       1.00	       1.00	       1.00	       1.00	       1.00	       1.00	       1.00	       1.00	       1.00	       1.00	       1.00	
 2025/10/24	    5.55	    5.55	    5.07	    5.12	      175375808	       4.89	       4.71	       4.89	       4.71	           	       0.00	       4.01	       1.00	       0.00	       0.00	       0.00	       0.00	          0	    1753758	    1752352	    1497405	 1742108.50	 1671960.88	 1060577.75	  641578.38	      34.05	      32.68	      20.73	      12.54	  410767.78	       1.00	       1.00	       1.00	       1.00	       1.00	       1.00	       1.00	       1.00	       1.00	       1.00	       1.00	       1.00	       1.00	       1.00	       1.00	       1.00	       1.00	       1.00	       1.00	       1.00	       1.00	       1.00	       1.00	       1.00	
 2025/10/27	    5.01	    5.63	    4.85	    5.63	      275326720	       4.99	       4.80	       4.99	       4.80	           	       0.00	           	       0.00	       0.00	       0.00	       0.00	       0.00	          0	    2753267	    1944340	    1734331	 1771929.75	 1860390.25	 1216672.13	  721732.13	      31.81	      33.40	      21.84	      12.96	  425153.66	       1.00	       1.00	       1.00	       1.00	       1.00	       1.00	       1.00	       1.00	       1.00	       1.00	       1.00	       1.00	       1.00	       1.00	       1.00	       1.00	       1.00	       1.00	       1.00	       1.00	       1.00	       1.00	       1.00	       1.00	
 2025/10/28	    5.50	    6.08	    5.50	    5.99	      296190144	       5.12	       4.91	       5.12	       4.91	           	       0.00	           	       0.00	       0.00	       0.00	       0.00	       0.00	          0	    2961902	    2009924	    1909085	 2072073.50	 2037637.38	 1383801.50	  810154.19	      32.87	      32.32	      21.95	      12.85	  440840.41	       1.00	       1.00	       1.00	       1.00	       1.00	       1.00	       1.00	       1.00	       1.00	       1.00	       1.00	       1.00	       1.00	       1.00	       1.00	       1.00	       1.00	       1.00	       1.00	       1.00	       1.00	       1.00	       1.00	       1.00	
 2025/10/29	    5.60	    6.08	    5.55	    5.83	      216917952	       5.21	       4.99	       5.21	       4.99	       6.08	       1.00	           	       0.00	       0.00	       0.00	       0.00	       0.00	          0	    2169180	    2091495	    2001420	 2409526.50	 2080763.50	 1501480.75	  873245.06	      35.10	      30.31	      21.87	      12.72	  451832.44	       1.00	       1.00	       1.00	       1.00	       1.00	       1.00	       1.00	       1.00	       1.00	       1.00	       1.00	       1.00	       1.00	       1.00	       1.00	       1.00	       1.00	       1.00	       1.00	       1.00	       1.00	       1.00	       1.00	       1.00	
 2025/10/30	    5.67	    5.87	    5.39	    5.41	      157900384	       5.24	       5.03	       5.24	       5.03	       6.08	       1.00	           	       0.00	       0.00	       0.00	       0.00	       0.00	          0	    1579004	    2243422	    2004928	 2365838.00	 2053973.25	 1590210.00	  918103.44	      34.15	      29.65	      22.95	      13.25	  459829.03	       1.00	       1.00	       1.00	       1.00	       1.00	       1.00	       1.00	       1.00	       1.00	       1.00	       1.00	       1.00	       1.00	       1.00	       1.00	       1.00	       1.00	       1.00	       1.00	       1.00	       1.00	       1.00	       1.00	       1.00	
 2025/10/31	    5.29	    5.47	    5.22	    5.25	       93364880	       5.24	       5.05	       5.24	       5.05	       6.08	       1.00	           	       0.00	       0.00	       0.00	       0.00	       0.00	          0	     933649	    2079400	    1915876	 1910933.38	 1841431.50	 1626636.63	  942780.88	      30.23	      29.13	      25.73	      14.91	  463927.78	       1.00	       1.00	       1.00	       1.00	       1.00	       1.00	       1.00	       1.00	       1.00	       1.00	       1.00	       1.00	       1.00	       1.00	       1.00	       1.00	       1.00	       1.00	       1.00	       1.00	       1.00	       1.00	       1.00	       1.00	
 2025/11/03	    5.25	    5.51	    5.23	    5.32	      113527840	       5.25	       5.07	       5.25	       5.07	       6.08	       1.00	           	       0.00	       0.00	       0.00	       0.00	       0.00	          0	    1135278	    1755802	    1850071	 1454277.63	 1763175.50	 1656645.50	  974444.56	      24.87	      30.15	      28.33	      16.66	  468637.50	       1.00	       1.00	       1.00	       1.00	       1.00	       1.00	       1.00	       1.00	       1.00	       1.00	       1.00	       1.00	       1.00	       1.00	       1.00	       1.00	       1.00	       1.00	       1.00	       1.00	       1.00	       1.00	       1.00	       1.00	
 2025/11/04	    5.23	    5.74	    5.21	    5.48	      139424832	       5.28	       5.11	       5.28	       5.11	       6.08	       1.00	           	       0.00	       0.00	       0.00	       0.00	       0.00	          0	    1394248	    1442272	    1726098	 1260544.88	 1835035.63	 1719785.63	 1014359.94	      21.62	      31.48	      29.50	      17.40	  475054.56	       1.00	       1.00	       1.00	       1.00	       1.00	       1.00	       1.00	       1.00	       1.00	       1.00	       1.00	       1.00	       1.00	       1.00	       1.00	       1.00	       1.00	       1.00	       1.00	       1.00	       1.00	       1.00	       1.00	       1.00	
 2025/11/05	    5.45	    5.70	    5.36	    5.46	      154737872	       5.31	       5.14	       5.31	       5.14	       6.08	       1.00	           	       0.00	       0.00	       0.00	       0.00	       0.00	          0	    1547379	    1317912	    1704703	 1252638.63	 1809238.38	 1740599.38	 1055019.88	      21.39	      30.89	      29.72	      18.01	  482664.31	       1.00	       1.00	       1.00	       1.00	       1.00	       1.00	       1.00	       1.00	       1.00	       1.00	       1.00	       1.00	       1.00	       1.00	       1.00	       1.00	       1.00	       1.00	       1.00	       1.00	       1.00	       1.00	       1.00	       1.00	
 2025/11/06	    5.55	    5.74	    5.35	    5.63	      157805936	       5.35	       5.19	       5.35	       5.19	       6.08	       1.00	           	       0.00	       0.00	       0.00	       0.00	       0.00	          0	    1578059	    1317723	    1780573	 1413741.25	 1662337.50	 1761363.88	 1095388.50	      23.83	      28.02	      29.69	      18.46	  490518.81	       1.00	       1.00	       1.00	       1.00	       1.00	       1.00	       1.00	       1.00	       1.00	       1.00	       1.00	       1.00	       1.00	       1.00	       1.00	       1.00	       1.00	       1.00	       1.00	       1.00	       1.00	       1.00	       1.00	       1.00	
 2025/11/07	    5.50	    5.85	    5.45	    5.48	      121621928	       5.37	       5.21	       5.37	       5.21	           	       0.00	           	       0.00	       0.00	       0.00	       0.00	       0.00	          0	    1216219	    1374237	    1726819	 1433976.38	 1444127.00	 1740882.25	 1124103.00	      24.97	      25.15	      30.31	      19.57	  496171.72	       1.00	       1.00	       1.00	       1.00	       1.00	       1.00	       1.00	       1.00	       1.00	       1.00	       1.00	       1.00	       1.00	       1.00	       1.00	       1.00	       1.00	       1.00	       1.00	       1.00	       1.00	       1.00	       1.00	       1.00	
 2025/11/10	    5.48	    5.72	    5.37	    5.49	      135931184	       5.38	       5.24	       5.38	       5.24	       5.85	       1.00	           	       0.00	       0.00	       0.00	       0.00	       0.00	          0	    1359312	    1419044	    1587423	 1425242.25	 1342893.63	 1711828.63	 1157033.00	      25.28	      23.82	      30.37	      20.53	  502534.31	       1.00	       1.00	       1.00	       1.00	       1.00	       1.00	       1.00	       1.00	       1.00	       1.00	       1.00	       1.00	       1.00	       1.00	       1.00	       1.00	       1.00	       1.00	       1.00	       1.00	       1.00	       1.00	       1.00	       1.00	
 2025/11/11	    5.40	    5.43	    5.10	    5.36	      124156176	       5.38	       5.25	           	       5.25	       5.85	       1.00	           	       0.00	       0.00	       0.00	       0.00	       0.00	          0	    1241562	    1388506	    1415389	 1348788.00	 1300713.38	 1677343.38	 1186567.88	      24.46	      23.59	      30.42	      21.52	  508258.63	       1.00	       1.00	       1.00	       1.00	       1.00	       1.00	       1.00	       1.00	       1.00	       1.00	       1.00	       1.00	       1.00	       1.00	       1.00	       1.00	       1.00	       1.00	       1.00	       1.00	       1.00	       1.00	       1.00	       1.00	
 2025/11/12	    5.25	    5.42	    5.17	    5.18	       78886288	       5.35	       5.24	           	           	       5.85	       1.00	           	       0.00	       0.00	       0.00	       0.00	       0.00	          0	     788863	    1236803	    1277357	 1151489.00	 1282615.00	 1562023.38	 1202456.88	      22.15	      24.67	      30.05	      23.13	  511450.22	       1.00	       1.00	       1.00	       1.00	       1.00	       1.00	       1.00	       1.00	       1.00	       1.00	       1.00	       1.00	       1.00	       1.00	       1.00	       1.00	       1.00	       1.00	       1.00	       1.00	       1.00	       1.00	       1.00	       1.00	
 2025/11/13	    5.18	    5.34	    5.15	    5.32	       88003728	       5.35	       5.25	           	       5.25	       5.85	       1.00	           	       0.00	       0.00	       0.00	       0.00	       0.00	          0	     880037	    1097199	    1207461	 1067443.50	 1250709.88	 1506942.88	 1224493.38	      21.14	      24.77	      29.84	      24.25	  515415.97	       1.00	       1.00	       1.00	       1.00	       1.00	       1.00	       1.00	       1.00	       1.00	       1.00	       1.00	       1.00	       1.00	       1.00	       1.00	       1.00	       1.00	       1.00	       1.00	       1.00	       1.00	       1.00	       1.00	       1.00	
 2025/11/14	    5.27	    5.58	    5.27	    5.47	      121099304	       5.37	       5.27	       5.37	       5.27	       5.85	       1.00	           	       0.00	       0.00	       0.00	       0.00	       0.00	          0	    1210993	    1096153	    1235195	 1030363.69	 1227803.00	 1531419.38	 1253130.38	      20.43	      24.35	      30.37	      24.85	  521075.44	       1.00	       1.00	       1.00	       1.00	       1.00	       1.00	       1.00	       1.00	       1.00	       1.00	       1.00	       1.00	       1.00	       1.00	       1.00	       1.00	       1.00	       1.00	       1.00	       1.00	       1.00	       1.00	       1.00	       1.00	
 2025/11/17	    5.43	    5.61	    5.38	    5.54	      118203624	       5.39	       5.29	       5.39	       5.29	       5.85	       1.00	           	       0.00	       0.00	       0.00	       0.00	       0.00	          0	    1182036	    1060698	    1239871	 1015482.38	 1182135.13	 1495686.75	 1278132.38	      20.43	      23.78	      30.09	      25.71	  526492.25	       1.00	       1.00	       1.00	       1.00	       1.00	       1.00	       1.00	       1.00	       1.00	       1.00	       1.00	       1.00	       1.00	       1.00	       1.00	       1.00	       1.00	       1.00	       1.00	       1.00	       1.00	       1.00	       1.00	       1.00	
 2025/11/18	    5.47	    5.48	    5.00	    5.08	      125115152	       5.35	       5.28	           	           	       5.85	       1.00	           	       0.00	       0.00	       0.00	       0.00	       0.00	          0	    1251152	    1062616	    1225561	 1131054.50	 1141271.75	 1401804.50	 1309238.50	      22.70	      22.90	      28.13	      26.27	  532486.50	       1.00	       1.00	       1.00	       1.00	       1.00	       1.00	       1.00	       1.00	       1.00	       1.00	       1.00	       1.00	       1.00	       1.00	       1.00	       1.00	       1.00	       1.00	       1.00	       1.00	       1.00	       1.00	       1.00	       1.00	
 2025/11/19	    4.99	    5.04	    4.71	    4.77	       88311360	       5.27	       5.23	           	           	       5.85	       1.00	           	       0.00	       0.00	       0.00	       0.00	       0.00	          0	     883114	    1081466	    1159135	 1131823.50	 1099633.50	 1271880.25	 1327841.00	      23.43	      22.76	      26.33	      27.48	  536206.69	       1.00	       1.00	       1.00	       1.00	       1.00	       1.00	       1.00	       1.00	       1.00	       1.00	       1.00	       1.00	       1.00	       1.00	       1.00	       1.00	       1.00	       1.00	       1.00	       1.00	       1.00	       1.00	       1.00	       1.00	
 2025/11/20	    4.71	    4.76	    4.62	    4.65	       56464660	       5.19	       5.18	           	           	       5.85	       1.00	           	       0.00	       0.00	       0.00	       0.00	       0.00	          0	     564647	    1018388	    1057793	  970237.00	 1000300.38	 1171596.88	 1336539.00	      21.66	      22.33	      26.16	      29.84	  538117.81	       1.00	       1.00	       1.00	       1.00	       1.00	       1.00	       1.00	       1.00	       1.00	       1.00	       1.00	       1.00	       1.00	       1.00	       1.00	       1.00	       1.00	       1.00	       1.00	       1.00	       1.00	       1.00	       1.00	       1.00	
 2025/11/21	    4.60	    4.63	    4.40	    4.42	       60564676	       5.09	       5.11	           	           	       5.85	       1.00	           	       0.00	       0.00	       0.00	       0.00	       0.00	          0	     605647	     897319	     996736	  826139.63	  920811.00	 1110762.13	 1350486.25	      19.63	      21.88	      26.40	      32.09	  540299.00	       1.00	       1.00	       1.00	       1.00	       1.00	       1.00	       1.00	       1.00	       1.00	       1.00	       1.00	       1.00	       1.00	       1.00	       1.00	       1.00	       1.00	       1.00	       1.00	       1.00	       1.00	       1.00	       1.00	       1.00	
 2025/11/24	    4.43	    4.47	    4.31	    4.38	       39872560	       4.99	       5.04	           	           	           	       0.00	           	       0.00	       0.00	       0.00	       0.00	       0.00	          0	     398726	     740657	     900678	  613033.13	  872043.75	 1077329.38	 1351983.25	      15.66	      22.28	      27.52	      34.54	  541310.63	       1.00	       1.00	       1.00	       1.00	       1.00	       1.00	       1.00	       1.00	       1.00	       1.00	       1.00	       1.00	       1.00	       1.00	       1.00	       1.00	       1.00	       1.00	       1.00	       1.00	       1.00	       1.00	       1.00	       1.00	
 2025/11/25	    4.39	    4.48	    4.39	    4.47	       35686232	       4.92	       4.99	           	           	           	       0.00	       4.31	       1.00	       0.00	       0.00	       0.00	       0.00	          0	     356862	     561799	     812208	  481470.31	  806647.00	 1028678.44	 1342662.25	      13.16	      22.04	      28.11	      36.69	  542325.69	       1.00	       1.00	       1.00	       1.00	       1.00	       1.00	       1.00	       1.00	       1.00	       1.00	       1.00	       1.00	       1.00	       1.00	       1.00	       1.00	       1.00	       1.00	       1.00	       1.00	       1.00	       1.00	       1.00	       1.00	
 2025/11/26	    4.45	    4.50	    4.41	    4.43	       29810888	       4.86	       4.94	           	           	           	       0.00	       4.31	       1.00	       0.00	       0.00	       0.00	       0.00	          0	     298109	     444798	     763132	  414835.88	  692536.38	  960169.69	 1339977.88	      12.17	      20.32	      28.18	      39.32	  543003.00	       1.00	       1.00	       1.00	       1.00	       1.00	       1.00	       1.00	       1.00	       1.00	       1.00	       1.00	       1.00	       1.00	       1.00	       1.00	       1.00	       1.00	       1.00	       1.00	       1.00	       1.00	       1.00	       1.00	       1.00	
 2025/11/27	    4.41	    4.52	    4.36	    4.45	       41150900	       4.80	       4.89	           	           	           	       0.00	       4.31	       1.00	       0.00	       0.00	       0.00	       0.00	          0	     411509	     414171	     716279	  366301.47	  596220.56	  889177.88	 1314888.75	      11.57	      18.83	      28.08	      41.52	  544001.63	       1.00	       1.00	       1.00	       1.00	       1.00	       1.00	       1.00	       1.00	       1.00	       1.00	       1.00	       1.00	       1.00	       1.00	       1.00	       1.00	       1.00	       1.00	       1.00	       1.00	       1.00	       1.00	       1.00	       1.00	
 2025/11/28	    4.42	    4.50	    4.38	    4.50	       33476736	       4.76	       4.86	           	           	           	       0.00	       4.31	       1.00	       0.00	       0.00	       0.00	       0.00	          0	     334767	     359995	     628657	  350311.88	  481672.50	  811472.13	 1286418.00	      11.96	      16.44	      27.70	      43.91	  544813.25	       1.00	       1.00	       1.00	       1.00	       1.00	       1.00	       1.00	       1.00	       1.00	       1.00	       1.00	       1.00	       1.00	       1.00	       1.00	       1.00	       1.00	       1.00	       1.00	       1.00	       1.00	       1.00	       1.00	       1.00	
 2025/12/01	    4.55	    4.56	    4.47	    4.51	       32299706	       4.73	       4.83	           	           	           	       0.00	       4.31	       1.00	       0.00	       0.00	       0.00	       0.00	          0	     322997	     344849	     542753	  341845.59	  411657.94	  755645.75	 1248264.13	      12.40	      14.93	      27.40	      45.27	  544308.69	       1.00	       1.00	       1.00	       1.00	       1.00	       1.00	       1.00	       1.00	       1.00	       1.00	       1.00	       1.00	       1.00	       1.00	       1.00	       1.00	       1.00	       1.00	       1.00	       1.00	       1.00	       1.00	       1.00	       1.00	
 2025/12/02	    4.54	    4.59	    4.47	    4.55	       54594460	       4.70	       4.80	           	           	           	       0.00	       4.31	       1.00	       0.00	       0.00	       0.00	       0.00	          0	     545945	     382665	     472232	  403804.50	  409320.19	  704810.25	 1208319.38	      14.81	      15.01	      25.85	      44.32	  543723.63	       1.00	       1.00	       1.00	       1.00	       1.00	       1.00	       1.00	       1.00	       1.00	       1.00	       1.00	       1.00	       1.00	       1.00	       1.00	       1.00	       1.00	       1.00	       1.00	       1.00	       1.00	       1.00	       1.00	       1.00	
 2025/12/03	    4.52	    4.80	    4.48	    4.80	      114454480	       4.72	       4.80	       4.72	           	           	       0.00	           	       0.00	       0.00	       0.00	       0.00	       0.00	          0	    1144545	     551953	     498375	  587063.50	  476682.47	  698746.69	 1188045.13	      19.90	      16.16	      23.68	      40.27	  547721.19	       1.00	       1.00	       1.00	       1.00	       1.00	       1.00	       1.00	       1.00	       1.00	       1.00	       1.00	       1.00	       1.00	       1.00	       1.00	       1.00	       1.00	       1.00	       1.00	       1.00	       1.00	       1.00	       1.00	       1.00	
 2025/12/04	    4.74	    4.74	    4.50	    4.52	       76431592	       4.69	       4.78	           	           	       4.80	       1.00	           	       0.00	       0.00	       0.00	       0.00	       0.00	          0	     764316	     622514	     518342	  694450.63	  522381.28	  697212.56	 1129618.00	      22.82	      17.16	      22.91	      37.11	  550446.81	       1.00	       1.00	       1.00	       1.00	       1.00	       1.00	       1.00	       1.00	       1.00	       1.00	       1.00	       1.00	       1.00	       1.00	       1.00	       1.00	       1.00	       1.00	       1.00	       1.00	       1.00	       1.00	       1.00	       1.00	
 2025/12/05	    4.51	    4.52	    4.37	    4.45	       44808056	       4.66	       4.75	           	           	       4.80	       1.00	           	       0.00	       0.00	       0.00	       0.00	       0.00	          0	     448081	     645177	     502586	  725721.50	  533783.56	  670215.25	 1088579.00	      24.04	      17.68	      22.21	      36.07	  547037.81	       1.00	       1.00	       1.00	       1.00	       1.00	       1.00	       1.00	       1.00	       1.00	       1.00	       1.00	       1.00	       1.00	       1.00	       1.00	       1.00	       1.00	       1.00	       1.00	       1.00	       1.00	       1.00	       1.00	       1.00	
 2025/12/08	    4.39	    4.46	    4.32	    4.45	       54539960	       4.63	       4.72	           	           	           	       0.00	           	       0.00	       0.00	       0.00	       0.00	       0.00	          0	     545400	     689657	     517253	  725585.25	  564694.88	  628615.63	 1080017.50	      24.19	      18.83	      20.96	      36.01	  546435.31	       1.00	       1.00	       1.00	       1.00	       1.00	       1.00	       1.00	       1.00	       1.00	       1.00	       1.00	       1.00	       1.00	       1.00	       1.00	       1.00	       1.00	       1.00	       1.00	       1.00	       1.00	       1.00	       1.00	       1.00	
 2025/12/09	    4.46	    4.47	    4.35	    4.37	       34893624	       4.60	       4.69	           	           	           	       0.00	       4.32	       1.00	       0.00	       0.00	       0.00	       0.00	          0	     348936	     650255	     516460	  526683.13	  556873.31	  576546.88	 1036116.81	      19.53	      20.65	      21.38	      38.43	  546161.56	       1.00	       1.00	       1.00	       1.00	       1.00	       1.00	       1.00	       1.00	       1.00	       1.00	       1.00	       1.00	       1.00	       1.00	       1.00	       1.00	       1.00	       1.00	       1.00	       1.00	       1.00	       1.00	       1.00	       1.00	
 2025/12/10	    4.35	    4.41	    4.33	    4.37	       28962924	       4.57	       4.66	           	           	           	       0.00	       4.32	       1.00	       0.00	       0.00	       0.00	       0.00	          0	     289629	     479272	     515612	  408011.44	  551231.00	  516451.75	  959128.13	      16.76	      22.64	      21.21	      39.39	  546114.06	       1.00	       1.00	       1.00	       1.00	       1.00	       1.00	       1.00	       1.00	       1.00	       1.00	       1.00	       1.00	       1.00	       1.00	       1.00	       1.00	       1.00	       1.00	       1.00	       1.00	       1.00	       1.00	       1.00	       1.00	
 2025/12/11	    4.39	    4.51	    4.35	    4.42	       48614156	       4.55	       4.64	           	           	           	       0.00	       4.32	       1.00	       0.00	       0.00	       0.00	       0.00	          0	     486142	     423637	     523076	  417526.66	  571624.06	  491641.03	  881760.63	      17.67	      24.20	      20.81	      37.32	  546516.81	       1.00	       1.00	       1.00	       1.00	       1.00	       1.00	       1.00	       1.00	       1.00	       1.00	       1.00	       1.00	       1.00	       1.00	       1.00	       1.00	       1.00	       1.00	       1.00	       1.00	       1.00	       1.00	       1.00	       1.00	
 2025/12/12	    4.44	    4.53	    4.43	    4.48	       47815728	       4.54	       4.62	           	           	           	       0.00	       4.32	       1.00	       0.00	       0.00	       0.00	       0.00	          0	     478157	     429653	     537415	  400716.09	  563150.63	  486235.44	  828916.13	      17.58	      24.71	      21.34	      36.37	  545384.88	       1.00	       1.00	       1.00	       1.00	       1.00	       1.00	       1.00	       1.00	       1.00	       1.00	       1.00	       1.00	       1.00	       1.00	       1.00	       1.00	       1.00	       1.00	       1.00	       1.00	       1.00	       1.00	       1.00	       1.00	
 2025/12/15	    4.44	    4.56	    4.40	    4.48	       40566256	       4.53	       4.61	           	           	           	       0.00	           	       0.00	       0.00	       0.00	       0.00	       0.00	          0	     405663	     401705	     545681	  414897.69	  470790.38	  473736.44	  792249.25	      19.28	      21.88	      22.02	      36.82	  545163.13	       1.00	       1.00	       1.00	       1.00	       1.00	       1.00	       1.00	       1.00	       1.00	       1.00	       1.00	       1.00	       1.00	       1.00	       1.00	       1.00	       1.00	       1.00	       1.00	       1.00	       1.00	       1.00	       1.00	       1.00	
 2025/12/16	    4.48	    4.48	    4.21	    4.21	       50778224	       4.49	       4.57	           	           	       4.56	       1.00	           	       0.00	       0.00	       0.00	       0.00	       0.00	          0	     507782	     433475	     541865	  469435.94	  438723.69	  480552.47	  778940.94	      21.66	      20.24	      22.17	      35.93	  545890.88	       1.00	       1.00	       1.00	       1.00	       1.00	       1.00	       1.00	       1.00	       1.00	       1.00	       1.00	       1.00	       1.00	       1.00	       1.00	       1.00	       1.00	       1.00	       1.00	       1.00	       1.00	       1.00	       1.00	       1.00	
 2025/12/17	    4.24	    4.24	    4.10	    4.20	       29183768	       4.45	       4.54	           	           	           	       0.00	           	       0.00	       0.00	       0.00	       0.00	       0.00	          0	     291838	     433916	     456594	  420859.94	  419193.31	  476488.44	  752583.44	      20.34	      20.26	      23.03	      36.37	  544179.69	       1.00	       1.00	       1.00	       1.00	       1.00	       1.00	       1.00	       1.00	       1.00	       1.00	       1.00	       1.00	       1.00	       1.00	       1.00	       1.00	       1.00	       1.00	       1.00	       1.00	       1.00	       1.00	       1.00	       1.00	
 2025/12/18	    4.25	    4.29	    4.18	    4.27	       37526788	       4.43	       4.51	           	           	           	       0.00	       4.10	       1.00	       0.00	       0.00	       0.00	       0.00	          0	     375268	     411742	     417689	  395137.56	  397926.81	  481310.81	  720740.31	      19.81	      19.95	      24.12	      36.13	  544181.63	       1.00	       1.00	       1.00	       1.00	       1.00	       1.00	       1.00	       1.00	       1.00	       1.00	       1.00	       1.00	       1.00	       1.00	       1.00	       1.00	       1.00	       1.00	       1.00	       1.00	       1.00	       1.00	       1.00	       1.00	
 2025/12/19	    4.21	    4.27	    4.17	    4.27	       30646068	       4.40	       4.49	           	           	           	       0.00	       4.10	       1.00	       0.00	       0.00	       0.00	       0.00	          0	     306461	     377402	     403528	  370337.13	  392617.38	  474745.31	  681961.63	      19.29	      20.45	      24.73	      35.53	  543923.63	       1.00	       1.00	       1.00	       1.00	       1.00	       1.00	       1.00	       1.00	       1.00	       1.00	       1.00	       1.00	       1.00	       1.00	       1.00	       1.00	       1.00	       1.00	       1.00	       1.00	       1.00	       1.00	       1.00	       1.00	
 2025/12/22	    4.27	    4.33	    4.25	    4.31	       31790372	       4.39	       4.48	           	           	           	       0.00	       4.10	       1.00	       0.00	       0.00	       0.00	       0.00	          0	     317904	     359850	     380778	  322867.50	  396151.69	  473691.34	  642581.75	      17.59	      21.59	      25.81	      35.01	  544269.63	       1.00	       1.00	       1.00	       1.00	       1.00	       1.00	       1.00	       1.00	       1.00	       1.00	       1.00	       1.00	       1.00	       1.00	       1.00	       1.00	       1.00	       1.00	       1.00	       1.00	       1.00	       1.00	       1.00	       1.00	
 2025/12/23	    4.31	    4.32	    4.24	    4.26	       22965620	       4.37	       4.46	           	           	           	       0.00	       4.10	       1.00	       0.00	       0.00	       0.00	       0.00	          0	     229656	     304225	     368850	  307322.13	  364091.03	  467857.53	  611751.63	      17.55	      20.79	      26.72	      34.94	  542661.50	       1.00	       1.00	       1.00	       1.00	       1.00	       1.00	       1.00	       1.00	       1.00	       1.00	       1.00	       1.00	       1.00	       1.00	       1.00	       1.00	       1.00	       1.00	       1.00	       1.00	       1.00	       1.00	       1.00	       1.00	
 2025/12/24	    4.26	    4.28	    4.21	    4.27	       22928992	       4.36	       4.44	           	           	           	       0.00	       4.10	       1.00	       0.00	       0.00	       0.00	       0.00	          0	     229290	     291716	     362816	  270827.63	  332982.59	  448066.63	  576438.44	      16.63	      20.45	      27.52	      35.40	  542096.94	       1.00	       1.00	       1.00	       1.00	       1.00	       1.00	       1.00	       1.00	       1.00	       1.00	       1.00	       1.00	       1.00	       1.00	       1.00	       1.00	       1.00	       1.00	       1.00	       1.00	       1.00	       1.00	       1.00	       1.00	
 2025/12/25	    4.25	    4.27	    4.22	    4.25	       23551312	       4.35	       4.42	           	           	           	       0.00	       4.10	       1.00	       0.00	       0.00	       0.00	       0.00	          0	     235513	     263765	     337753	  253090.75	  311713.94	  391252.13	  544999.44	      16.86	      20.77	      26.07	      36.31	  541974.69	       1.00	       1.00	       1.00	       1.00	       1.00	       1.00	       1.00	       1.00	       1.00	       1.00	       1.00	       1.00	       1.00	       1.00	       1.00	       1.00	       1.00	       1.00	       1.00	       1.00	       1.00	       1.00	       1.00	       1.00	
 2025/12/26	    4.24	    4.30	    4.23	    4.29	       31972136	       4.34	       4.41	           	           	           	       0.00	       4.10	       1.00	       0.00	       0.00	       0.00	       0.00	          0	     319721	     266417	     321910	  253545.16	  288206.31	  363464.94	  530338.75	      17.66	      20.08	      25.32	      36.94	  542568.00	       1.00	       1.00	       1.00	       1.00	       1.00	       1.00	       1.00	       1.00	       1.00	       1.00	       1.00	       1.00	       1.00	       1.00	       1.00	       1.00	       1.00	       1.00	       1.00	       1.00	       1.00	       1.00	       1.00	       1.00	
 2025/12/29	    4.28	    4.34	    4.25	    4.26	       32443676	       4.33	       4.40	           	           	           	       0.00	       4.10	       1.00	       0.00	       0.00	       0.00	       0.00	          0	     324437	     267723	     313787	  277240.28	  292281.19	  355737.22	  512976.28	      19.28	      20.32	      24.73	      35.67	  542596.56	       1.00	       1.00	       1.00	       1.00	       1.00	       1.00	       1.00	       1.00	       1.00	       1.00	       1.00	       1.00	       1.00	       1.00	       1.00	       1.00	       1.00	       1.00	       1.00	       1.00	       1.00	       1.00	       1.00	       1.00	
 2025/12/30	    4.25	    4.26	    4.18	    4.21	       25462884	       4.31	       4.38	           	           	           	       0.00	       4.10	       1.00	       0.00	       0.00	       0.00	       0.00	          0	     254629	     272718	     288472	  283575.03	  277201.34	  337564.06	  483089.88	      20.53	      20.07	      24.44	      34.97	  541959.88	       1.00	       1.00	       1.00	       1.00	       1.00	       1.00	       1.00	       1.00	       1.00	       1.00	       1.00	       1.00	       1.00	       1.00	       1.00	       1.00	       1.00	       1.00	       1.00	       1.00	       1.00	       1.00	       1.00	       1.00	
 2025/12/31	    4.21	    4.21	    4.12	    4.17	       26310700	       4.29	       4.36	           	           	           	       0.00	           	       0.00	       0.00	       0.00	       0.00	       0.00	          0	     263107	     279481	     285599	  290473.50	  271782.13	  332199.75	  454373.38	      21.54	      20.15	      24.63	      33.69	  541367.81	       1.00	       1.00	       1.00	       1.00	       1.00	       1.00	       1.00	       1.00	       1.00	       1.00	       1.00	       1.00	       1.00	       1.00	       1.00	       1.00	       1.00	       1.00	       1.00	       1.00	       1.00	       1.00	       1.00	       1.00	
 2026/01/05	    4.23	    4.23	    4.17	    4.20	       27231940	       4.28	       4.35	           	           	           	       0.00	       4.12	       1.00	       0.00	       0.00	       0.00	       0.00	          0	     272319	     286843	     275304	  278623.00	  266084.06	  331117.91	  423784.88	      21.44	      20.47	      25.48	      32.61	  540926.88	       1.00	       1.00	       1.00	       1.00	       1.00	       1.00	       1.00	       1.00	       1.00	       1.00	       1.00	       1.00	       1.00	       1.00	       1.00	       1.00	       1.00	       1.00	       1.00	       1.00	       1.00	       1.00	       1.00	       1.00	
 2026/01/06	    4.22	    4.34	    4.22	    4.33	       49812476	       4.29	       4.34	       4.29	           	           	       0.00	       4.12	       1.00	       0.00	       0.00	       0.00	       0.00	          0	     498125	     322523	     294470	  322045.00	  299642.66	  331866.88	  411753.97	      23.59	      21.95	      24.31	      30.16	  542545.13	       1.00	       1.00	       1.00	       1.00	       1.00	       1.00	       1.00	       1.00	       1.00	       1.00	       1.00	       1.00	       1.00	       1.00	       1.00	       1.00	       1.00	       1.00	       1.00	       1.00	       1.00	       1.00	       1.00	       1.00	
 2026/01/07	    4.36	    4.75	    4.29	    4.68	      150582704	       4.34	       4.38	       4.34	       4.38	           	       0.00	           	       0.00	       0.00	       0.00	       0.00	       0.00	          0	    1505827	     558801	     413262	  634844.56	  459209.75	  396096.16	  441165.84	      32.87	      23.78	      20.51	      22.84	  548636.13	       1.00	       1.00	       1.00	       1.00	       1.00	       1.00	       1.00	       1.00	       1.00	       1.00	       1.00	       1.00	       1.00	       1.00	       1.00	       1.00	       1.00	       1.00	       1.00	       1.00	       1.00	       1.00	       1.00	       1.00	
 2026/01/08	    4.60	    4.69	    4.46	    4.57	      106000400	       4.37	       4.39	       4.37	       4.39	       4.75	       1.00	           	       0.00	       0.00	       0.00	       0.00	       0.00	          0	    1060004	     719876	     496297	  834068.81	  562271.13	  436992.50	  455364.50	      36.44	      24.57	      19.09	      19.90	  553059.94	       1.00	       1.00	       1.00	       1.00	       1.00	       1.00	       1.00	       1.00	       1.00	       1.00	       1.00	       1.00	       1.00	       1.00	       1.00	       1.00	       1.00	       1.00	       1.00	       1.00	       1.00	       1.00	       1.00	       1.00	
 2026/01/09	    4.50	    4.55	    4.45	    4.52	       64845008	       4.39	       4.40	       4.39	       4.40	       4.75	       1.00	           	       0.00	       0.00	       0.00	       0.00	       0.00	          0	     648450	     796945	     538213	  928101.44	  603362.25	  445784.25	  463168.38	      38.03	      24.72	      18.27	      18.98	  555563.13	       1.00	       1.00	       1.00	       1.00	       1.00	       1.00	       1.00	       1.00	       1.00	       1.00	       1.00	       1.00	       1.00	       1.00	       1.00	       1.00	       1.00	       1.00	       1.00	       1.00	       1.00	       1.00	       1.00	       1.00	
 2026/01/12	    4.54	    4.59	    4.49	    4.57	       69045960	       4.41	       4.42	       4.41	       4.42	       4.75	       1.00	           	       0.00	       0.00	       0.00	       0.00	       0.00	          0	     690460	     880573	     583708	  976185.19	  649115.13	  470698.16	  473593.31	      37.99	      25.26	      18.32	      18.43	  558568.06	       1.00	       1.00	       1.00	       1.00	       1.00	       1.00	       1.00	       1.00	       1.00	       1.00	       1.00	       1.00	       1.00	       1.00	       1.00	       1.00	       1.00	       1.00	       1.00	       1.00	       1.00	       1.00	       1.00	       1.00	
 2026/01/13	    4.59	    4.60	    4.41	    4.44	       58803280	       4.42	       4.42	       4.42	       4.42	       4.75	       1.00	           	       0.00	       0.00	       0.00	       0.00	       0.00	          0	     588033	     898555	     610539	  746736.63	  690790.56	  483995.91	  482653.41	      31.06	      28.73	      20.13	      20.08	  561121.75	       1.00	       1.00	       1.00	       1.00	       1.00	       1.00	       1.00	       1.00	       1.00	       1.00	       1.00	       1.00	       1.00	       1.00	       1.00	       1.00	       1.00	       1.00	       1.00	       1.00	       1.00	       1.00	       1.00	       1.00	
 2026/01/14	    4.46	    4.49	    4.38	    4.46	       55395652	       4.42	       4.42	       4.42	       4.42	       4.75	       1.00	           	       0.00	       0.00	       0.00	       0.00	       0.00	          0	     553957	     708181	     633491	  620224.75	  727146.81	  499464.44	  487104.91	      26.57	      31.16	      21.40	      20.87	  563424.94	       1.00	       1.00	       1.00	       1.00	       1.00	       1.00	       1.00	       1.00	       1.00	       1.00	       1.00	       1.00	       1.00	       1.00	       1.00	       1.00	       1.00	       1.00	       1.00	       1.00	       1.00	       1.00	       1.00	       1.00	
 2026/01/15	    4.45	    4.49	    4.37	    4.42	       35405312	       4.42	       4.42	           	           	           	       0.00	           	       0.00	       0.00	       0.00	       0.00	       0.00	          0	     354053	     566990	     643433	  546625.50	  737363.50	  501723.78	  487707.63	      24.04	      32.43	      22.07	      21.45	  564519.31	       1.00	       1.00	       1.00	       1.00	       1.00	       1.00	       1.00	       1.00	       1.00	       1.00	       1.00	       1.00	       1.00	       1.00	       1.00	       1.00	       1.00	       1.00	       1.00	       1.00	       1.00	       1.00	       1.00	       1.00	
 2026/01/16	    4.47	    4.52	    4.38	    4.49	       49391220	       4.43	       4.43	       4.43	       4.43	           	       0.00	       4.37	       1.00	       0.00	       0.00	       0.00	       0.00	          0	     493912	     536083	     666514	  497488.63	  736836.88	  518239.78	  493048.75	      22.15	      32.81	      23.08	      21.96	  566515.31	       1.00	       1.00	       1.00	       1.00	       1.00	       1.00	       1.00	       1.00	       1.00	       1.00	       1.00	       1.00	       1.00	       1.00	       1.00	       1.00	       1.00	       1.00	       1.00	       1.00	       1.00	       1.00	       1.00	       1.00	
 2026/01/19	    4.57	    4.57	    4.44	    4.51	       50356552	       4.44	       4.44	       4.44	       4.44	           	       0.00	       4.37	       1.00	       0.00	       0.00	       0.00	       0.00	          0	     503566	     498704	     689639	  476371.84	  611554.25	  535382.06	  491724.41	      22.52	      28.91	      25.31	      23.25	  568130.81	       1.00	       1.00	       1.00	       1.00	       1.00	       1.00	       1.00	       1.00	       1.00	       1.00	       1.00	       1.00	       1.00	       1.00	       1.00	       1.00	       1.00	       1.00	       1.00	       1.00	       1.00	       1.00	       1.00	       1.00	
 2026/01/20	    4.51	    4.77	    4.47	    4.69	      105350736	       4.48	       4.46	       4.48	       4.46	           	       0.00	           	       0.00	       0.00	       0.00	       0.00	       0.00	          0	    1053507	     591799	     745177	  601259.50	  610742.13	  586506.69	  488879.47	      26.29	      26.70	      25.64	      21.37	  570002.69	       1.00	       1.00	       1.00	       1.00	       1.00	       1.00	       1.00	       1.00	       1.00	       1.00	       1.00	       1.00	       1.00	       1.00	       1.00	       1.00	       1.00	       1.00	       1.00	       1.00	       1.00	       1.00	       1.00	       1.00	
 2026/01/21	    4.60	    4.61	    4.41	    4.50	       69124304	       4.48	       4.46	       4.48	       4.46	       4.77	       1.00	           	       0.00	       0.00	       0.00	       0.00	       0.00	          0	     691243	     619256	     663718	  685557.06	  616091.31	  609726.75	  486595.91	      28.59	      25.69	      25.43	      20.29	  569915.50	       1.00	       1.00	       1.00	       1.00	       1.00	       1.00	       1.00	       1.00	       1.00	       1.00	       1.00	       1.00	       1.00	       1.00	       1.00	       1.00	       1.00	       1.00	       1.00	       1.00	       1.00	       1.00	       1.00	       1.00	
 2026/01/22	    4.48	    4.67	    4.46	    4.61	       73572560	       4.50	       4.48	       4.50	       4.48	       4.77	       1.00	           	       0.00	       0.00	       0.00	       0.00	       0.00	          0	     735726	     695591	     631291	  746010.38	  621749.56	  635432.31	  495584.81	      29.86	      24.88	      25.43	      19.83	  572666.44	       1.00	       1.00	       1.00	       1.00	       1.00	       1.00	       1.00	       1.00	       1.00	       1.00	       1.00	       1.00	       1.00	       1.00	       1.00	       1.00	       1.00	       1.00	       1.00	       1.00	       1.00	       1.00	       1.00	       1.00	
 2026/01/23	    4.58	    4.61	    4.52	    4.57	       51713232	       4.51	       4.49	       4.51	       4.49	       4.77	       1.00	           	       0.00	       0.00	       0.00	       0.00	       0.00	          0	     517132	     700235	     618159	  749402.13	  612887.00	  651838.81	  494701.47	      29.87	      24.43	      25.98	      19.72	  574637.38	       1.00	       1.00	       1.00	       1.00	       1.00	       1.00	       1.00	       1.00	       1.00	       1.00	       1.00	       1.00	       1.00	       1.00	       1.00	       1.00	       1.00	       1.00	       1.00	       1.00	       1.00	       1.00	       1.00	       1.00	
 2026/01/26	    4.38	    4.42	    4.31	    4.35	       72823240	       4.49	       4.47	           	           	       4.77	       1.00	           	       0.00	       0.00	       0.00	       0.00	       0.00	          0	     728232	     745168	     621936	  668083.38	  634671.44	  680909.06	  506554.44	      26.83	      25.49	      27.34	      20.34	  577740.69	       1.00	       1.00	       1.00	       1.00	       1.00	       1.00	       1.00	       1.00	       1.00	       1.00	       1.00	       1.00	       1.00	       1.00	       1.00	       1.00	       1.00	       1.00	       1.00	       1.00	       1.00	       1.00	       1.00	       1.00	
 2026/01/27	    4.35	    4.41	    4.20	    4.25	       45361900	       4.45	       4.45	           	           	       4.77	       1.00	           	       0.00	       0.00	       0.00	       0.00	       0.00	          0	     453619	     625191	     608495	  608677.38	  647117.19	  692240.38	  511679.16	      24.75	      26.31	      28.14	      20.80	  579180.06	       1.00	       1.00	       1.00	       1.00	       1.00	       1.00	       1.00	       1.00	       1.00	       1.00	       1.00	       1.00	       1.00	       1.00	       1.00	       1.00	       1.00	       1.00	       1.00	       1.00	       1.00	       1.00	       1.00	       1.00	
 2026/01/28	    4.27	    4.46	    4.24	    4.40	       63665348	       4.45	       4.45	           	           	       4.77	       1.00	           	       0.00	       0.00	       0.00	       0.00	       0.00	          0	     636654	     614273	     616764	  583909.31	  664959.88	  700898.38	  516382.63	      23.68	      26.96	      28.42	      20.94	  581887.63	       1.00	       1.00	       1.00	       1.00	       1.00	       1.00	       1.00	       1.00	       1.00	       1.00	       1.00	       1.00	       1.00	       1.00	       1.00	       1.00	       1.00	       1.00	       1.00	       1.00	       1.00	       1.00	       1.00	       1.00	
 2026/01/29	    4.36	    4.56	    4.35	    4.49	       77117520	       4.45	       4.45	       4.45	       4.45	       4.77	       1.00	           	       0.00	       0.00	       0.00	       0.00	       0.00	          0	     771175	     621362	     658477	  647420.00	  698411.06	  654982.63	  525539.44	      25.63	      27.65	      25.93	      20.80	  585543.13	       1.00	       1.00	       1.00	       1.00	       1.00	       1.00	       1.00	       1.00	       1.00	       1.00	       1.00	       1.00	       1.00	       1.00	       1.00	       1.00	       1.00	       1.00	       1.00	       1.00	       1.00	       1.00	       1.00	       1.00	
 2026/01/30	    4.52	    4.78	    4.51	    4.54	      114756616	       4.46	       4.46	       4.46	       4.46	           	       0.00	           	       0.00	       0.00	       0.00	       0.00	       0.00	          0	    1147566	     747449	     723842	  752253.44	  710168.38	  660455.31	  548723.94	      28.16	      26.58	      24.72	      20.54	  591337.75	       1.00	       1.00	       1.00	       1.00	       1.00	       1.00	       1.00	       1.00	       1.00	       1.00	       1.00	       1.00	       1.00	       1.00	       1.00	       1.00	       1.00	       1.00	       1.00	       1.00	       1.00	       1.00	       1.00	       1.00	
 2026/02/02	    4.48	    4.53	    4.22	    4.29	       74484040	       4.44	       4.44	           	           	       4.78	       1.00	           	       0.00	       0.00	       0.00	       0.00	       0.00	          0	     744840	     750771	     747970	  825058.81	  716868.06	  666479.69	  556131.94	      29.84	      25.93	      24.11	      20.12	  594055.25	       1.00	       1.00	       1.00	       1.00	       1.00	       1.00	       1.00	       1.00	       1.00	       1.00	       1.00	       1.00	       1.00	       1.00	       1.00	       1.00	       1.00	       1.00	       1.00	       1.00	       1.00	       1.00	       1.00	       1.00	
 2026/02/03	    4.28	    4.38	    4.19	    4.25	       45756500	       4.42	       4.43	           	           	           	       0.00	           	       0.00	       0.00	       0.00	       0.00	       0.00	          0	     457565	     751560	     688375	  780286.69	  682098.00	  651923.81	  561311.00	      29.16	      25.49	      24.37	      20.98	  595566.50	       1.00	       1.00	       1.00	       1.00	       1.00	       1.00	       1.00	       1.00	       1.00	       1.00	       1.00	       1.00	       1.00	       1.00	       1.00	       1.00	       1.00	       1.00	       1.00	       1.00	       1.00	       1.00	       1.00	       1.00	
 2026/02/04	    4.22	    4.60	    4.22	    4.58	      114675064	       4.44	       4.44	       4.44	       4.44	           	       0.00	       4.19	       1.00	       0.00	       0.00	       0.00	       0.00	          0	    1146751	     853579	     733926	  874180.50	  760800.25	  686843.63	  585419.81	      30.07	      26.17	      23.63	      20.14	  600015.13	       1.00	       1.00	       1.00	       1.00	       1.00	       1.00	       1.00	       1.00	       1.00	       1.00	       1.00	       1.00	       1.00	       1.00	       1.00	       1.00	       1.00	       1.00	       1.00	       1.00	       1.00	       1.00	       1.00	       1.00	
 2026/02/05	    4.45	    4.46	    4.36	    4.36	       63016340	       4.43	       4.43	           	           	           	       0.00	       4.19	       1.00	       0.00	       0.00	       0.00	       0.00	          0	     630163	     825377	     723370	  744829.88	  748541.63	  691606.56	  595535.56	      26.79	      26.92	      24.87	      21.42	  601580.63	       1.00	       1.00	       1.00	       1.00	       1.00	       1.00	       1.00	       1.00	       1.00	       1.00	       1.00	       1.00	       1.00	       1.00	       1.00	       1.00	       1.00	       1.00	       1.00	       1.00	       1.00	       1.00	       1.00	       1.00	
 2026/02/06	    4.30	    4.38	    4.24	    4.32	       41841224	       4.41	       4.42	           	           	           	       0.00	       4.19	       1.00	       0.00	       0.00	       0.00	       0.00	          0	     418412	     679546	     713498	  663222.81	  744140.75	  695629.00	  598676.44	      24.55	      27.54	      25.75	      22.16	  601854.38	       1.00	       1.00	       1.00	       1.00	       1.00	       1.00	       1.00	       1.00	       1.00	       1.00	       1.00	       1.00	       1.00	       1.00	       1.00	       1.00	       1.00	       1.00	       1.00	       1.00	       1.00	       1.00	       1.00	       1.00	
 2026/02/09	    4.37	    4.47	    4.33	    4.42	       44910680	       4.41	       4.42	       4.41	           	           	       0.00	       4.19	       1.00	       0.00	       0.00	       0.00	       0.00	          0	     449107	     620400	     685585	  661108.25	  720697.44	  692828.69	  605534.19	      24.67	      26.89	      25.85	      22.59	  602791.44	       1.00	       1.00	       1.00	       1.00	       1.00	       1.00	       1.00	       1.00	       1.00	       1.00	       1.00	       1.00	       1.00	       1.00	       1.00	       1.00	       1.00	       1.00	       1.00	       1.00	       1.00	       1.00	       1.00	       1.00	
 2026/02/10	    4.44	    4.47	    4.33	    4.39	       34245580	       4.41	       4.42	           	           	           	       0.00	       4.19	       1.00	       0.00	       0.00	       0.00	       0.00	          0	     342456	     597378	     674469	  460034.56	  667107.56	  682759.31	  609070.63	      19.02	      27.58	      28.23	      25.18	  602234.06	       1.00	       1.00	       1.00	       1.00	       1.00	       1.00	       1.00	       1.00	       1.00	       1.00	       1.00	       1.00	       1.00	       1.00	       1.00	       1.00	       1.00	       1.00	       1.00	       1.00	       1.00	       1.00	       1.00	       1.00	
 2026/02/11	    4.36	    4.45	    4.31	    4.41	       35932472	       4.41	       4.42	           	           	           	       0.00	       4.19	       1.00	       0.00	       0.00	       0.00	       0.00	          0	     359325	     439893	     646736	  392324.88	  568577.38	  639372.88	  612939.69	      17.73	      25.69	      28.89	      27.69	  602500.88	       1.00	       1.00	       1.00	       1.00	       1.00	       1.00	       1.00	       1.00	       1.00	       1.00	       1.00	       1.00	       1.00	       1.00	       1.00	       1.00	       1.00	       1.00	       1.00	       1.00	       1.00	       1.00	       1.00	       1.00	
 2026/02/12	    4.38	    4.50	    4.33	    4.36	       31322600	       4.40	       4.41	           	           	           	       0.00	       4.19	       1.00	       0.00	       0.00	       0.00	       0.00	          0	     313226	     376505	     600941	  366028.34	  514625.56	  615746.81	  612736.75	      17.35	      24.40	      29.19	      29.05	  602869.06	       1.00	       1.00	       1.00	       1.00	       1.00	       1.00	       1.00	       1.00	       1.00	       1.00	       1.00	       1.00	       1.00	       1.00	       1.00	       1.00	       1.00	       1.00	       1.00	       1.00	       1.00	       1.00	       1.00	       1.00	
 2026/02/13	    4.34	    4.40	    4.29	    4.29	       29318824	       4.39	       4.40	           	           	           	       0.00	       4.19	       1.00	       0.00	       0.00	       0.00	       0.00	          0	     293188	     351460	     515503	  327048.69	  494078.44	  588088.19	  611760.25	      16.18	      24.45	      29.10	      30.27	  602839.75	       1.00	       1.00	       1.00	       1.00	       1.00	       1.00	       1.00	       1.00	       1.00	       1.00	       1.00	       1.00	       1.00	       1.00	       1.00	       1.00	       1.00	       1.00	       1.00	       1.00	       1.00	       1.00	       1.00	       1.00	
 2026/02/24	    4.33	    4.48	    4.33	    4.47	       53397488	       4.40	       4.41	       4.40	       4.41	           	       0.00	       4.19	       1.00	       0.00	       0.00	       0.00	       0.00	          0	     533975	     368434	     494417	  374928.47	  417481.50	  589140.88	  620489.88	      18.73	      20.85	      29.43	      30.99	  604751.50	       1.00	       1.00	       1.00	       1.00	       1.00	       1.00	       1.00	       1.00	       1.00	       1.00	       1.00	       1.00	       1.00	       1.00	       1.00	       1.00	       1.00	       1.00	       1.00	       1.00	       1.00	       1.00	       1.00	       1.00	
 2026/02/25	    4.46	    4.58	    4.43	    4.53	       49925788	       4.42	       4.42	       4.42	       4.42	           	       0.00	       4.19	       1.00	       0.00	       0.00	       0.00	       0.00	          0	     499258	     399794	     498586	  409911.75	  401118.31	  574829.94	  627869.50	      20.36	      19.92	      28.55	      31.18	  606925.13	       1.00	       1.00	       1.00	       1.00	       1.00	       1.00	       1.00	       1.00	       1.00	       1.00	       1.00	       1.00	       1.00	       1.00	       1.00	       1.00	       1.00	       1.00	       1.00	       1.00	       1.00	       1.00	       1.00	       1.00	
 2026/02/26	    4.54	    4.68	    4.51	    4.55	       45379808	       4.43	       4.43	       4.43	       4.43	           	       0.00	       4.19	       1.00	       0.00	       0.00	       0.00	       0.00	          0	     453798	     418689	     429291	  445054.78	  405541.53	  574841.13	  633540.75	      21.62	      19.70	      27.92	      30.77	  608747.31	       1.00	       1.00	       1.00	       1.00	       1.00	       1.00	       1.00	       1.00	       1.00	       1.00	       1.00	       1.00	       1.00	       1.00	       1.00	       1.00	       1.00	       1.00	       1.00	       1.00	       1.00	       1.00	       1.00	       1.00	
 2026/02/27	    4.56	    4.82	    4.53	    4.80	       93906032	       4.48	       4.46	       4.48	       4.46	           	       0.00	       4.19	       1.00	       0.00	       0.00	       0.00	       0.00	          0	     939060	     543856	     460181	  606522.75	  466785.72	  593741.63	  647320.00	      26.21	      20.17	      25.65	      27.97	  613121.44	       1.00	       1.00	       1.00	       1.00	       1.00	       1.00	       1.00	       1.00	       1.00	       1.00	       1.00	       1.00	       1.00	       1.00	       1.00	       1.00	       1.00	       1.00	       1.00	       1.00	       1.00	       1.00	       1.00	       1.00	
 2026/03/02	    4.80	    4.85	    4.69	    4.74	       73694144	       4.52	       4.49	       4.52	       4.49	           	       0.00	       4.19	       1.00	       0.00	       0.00	       0.00	       0.00	          0	     736941	     632607	     492033	  657264.38	  516096.44	  591602.06	  623292.31	      27.52	      21.61	      24.77	      26.10	  616470.50	       1.00	       1.00	       1.00	       1.00	       1.00	       1.00	       1.00	       1.00	       1.00	       1.00	       1.00	       1.00	       1.00	       1.00	       1.00	       1.00	       1.00	       1.00	       1.00	       1.00	       1.00	       1.00	       1.00	       1.00	
 2026/03/03	    4.81	    5.08	    4.74	    4.90	      146098320	       4.57	       4.53	       4.57	       4.53	           	       0.00	           	       0.00	       0.00	       0.00	       0.00	       0.00	          0	    1460983	     818008	     593221	  897695.75	  653803.75	  611190.56	  635822.88	      32.08	      23.36	      21.84	      22.72	  622285.75	       1.00	       1.00	       1.00	       1.00	       1.00	       1.00	       1.00	       1.00	       1.00	       1.00	       1.00	       1.00	       1.00	       1.00	       1.00	       1.00	       1.00	       1.00	       1.00	       1.00	       1.00	       1.00	       1.00	       1.00	
 2026/03/04	    4.82	    4.85	    4.58	    4.78	       82629416	       4.60	       4.55	       4.60	       4.55	       5.08	       1.00	           	       0.00	       0.00	       0.00	       0.00	       0.00	          0	     826294	     883416	     641605	  990819.81	  717937.38	  616281.50	  641380.56	      33.40	      24.20	      20.78	      21.62	  625145.19	       1.00	       1.00	       1.00	       1.00	       1.00	       1.00	       1.00	       1.00	       1.00	       1.00	       1.00	       1.00	       1.00	       1.00	       1.00	       1.00	       1.00	       1.00	       1.00	       1.00	       1.00	       1.00	       1.00	       1.00	
 2026/03/05	    4.73	    4.84	    4.64	    4.78	       61991652	       4.62	       4.57	       4.62	       4.57	       5.08	       1.00	           	       0.00	       0.00	       0.00	       0.00	       0.00	          0	     619917	     916639	     667664	  911033.88	  758778.38	  626428.44	  639176.06	      31.04	      25.85	      21.34	      21.77	  627034.50	       1.00	       1.00	       1.00	       1.00	       1.00	       1.00	       1.00	       1.00	       1.00	       1.00	       1.00	       1.00	       1.00	       1.00	       1.00	       1.00	       1.00	       1.00	       1.00	       1.00	       1.00	       1.00	       1.00	       1.00	
 2026/03/06	    4.69	    4.77	    4.59	    4.74	       50340952	       4.64	       4.59	       4.64	       4.59	       5.08	       1.00	           	       0.00	       0.00	       0.00	       0.00	       0.00	          0	     503410	     829509	     686683	  852650.88	  754957.69	  586219.63	  636531.63	      30.13	      26.67	      20.71	      22.49	  627937.13	       1.00	       1.00	       1.00	       1.00	       1.00	       1.00	       1.00	       1.00	       1.00	       1.00	       1.00	       1.00	       1.00	       1.00	       1.00	       1.00	       1.00	       1.00	       1.00	       1.00	       1.00	       1.00	       1.00	       1.00	
 2026/03/09	    4.92	    5.01	    4.81	    4.82	       91022320	       4.66	       4.61	       4.66	       4.61	       5.08	       1.00	           	       0.00	       0.00	       0.00	       0.00	       0.00	          0	     910223	     864165	     748386	  714960.88	  806328.38	  603723.38	  647665.06	      25.79	      29.08	      21.77	      23.36	  631465.00	       1.00	       1.00	       1.00	       1.00	       1.00	       1.00	       1.00	       1.00	       1.00	       1.00	       1.00	       1.00	       1.00	       1.00	       1.00	       1.00	       1.00	       1.00	       1.00	       1.00	       1.00	       1.00	       1.00	       1.00	
 2026/03/10	    4.59	    4.82	    4.59	    4.68	       61176460	       4.66	       4.61	       4.66	       4.61	       5.08	       1.00	           	       0.00	       0.00	       0.00	       0.00	       0.00	          0	     611765	     694322	     756165	  661328.44	  826074.13	  615807.88	  655718.50	      23.97	      29.94	      22.32	      23.77	  633827.63	       1.00	       1.00	       1.00	       1.00	       1.00	       1.00	       1.00	       1.00	       1.00	       1.00	       1.00	       1.00	       1.00	       1.00	       1.00	       1.00	       1.00	       1.00	       1.00	       1.00	       1.00	       1.00	       1.00	       1.00	
 2026/03/11	    4.69	    4.69	    4.54	    4.67	       49813960	       4.66	       4.62	       4.66	       4.62	       5.08	       1.00	           	       0.00	       0.00	       0.00	       0.00	       0.00	          0	     498140	     628691	     756053	  630884.25	  770959.06	  618872.44	  655850.63	      23.57	      28.80	      23.12	      24.50	  635747.88	       1.00	       1.00	       1.00	       1.00	       1.00	       1.00	       1.00	       1.00	       1.00	       1.00	       1.00	       1.00	       1.00	       1.00	       1.00	       1.00	       1.00	       1.00	       1.00	       1.00	       1.00	       1.00	       1.00	       1.00	
 2026/03/12	    4.71	    5.14	    4.65	    5.14	      137647632	       4.73	       4.67	       4.73	       4.67	       5.08	       1.00	           	       0.00	       0.00	       0.00	       0.00	       0.00	          0	    1376476	     780003	     848321	  849150.94	  850900.88	  683498.69	  683129.06	      27.69	      27.75	      22.29	      22.28	  640976.25	       1.00	       1.00	       1.00	       1.00	       1.00	       1.00	       1.00	       1.00	       1.00	       1.00	       1.00	       1.00	       1.00	       1.00	       1.00	       1.00	       1.00	       1.00	       1.00	       1.00	       1.00	       1.00	       1.00	       1.00	
 2026/03/13	    5.65	    5.65	    5.65	    5.65	       71596841	       4.85	       4.76	       4.85	       4.76	       5.08	       1.00	           	       0.00	       1.00	       1.00	       1.00	       1.00	          1	     715968	     822514	     826012	  800587.25	  757774.06	  705788.94	  672580.94	      27.26	      25.80	      24.03	      22.90	  642314.25	       1.00	       1.00	       1.00	       1.00	       1.00	       1.00	       1.00	       1.00	       1.00	       1.00	       1.00	       1.00	       1.00	       1.00	       1.00	       1.00	       1.00	       1.00	       1.00	       1.00	       1.00	       1.00	       1.00	       1.00	
#数据来源:通达信
