                  腾龙股份 (603158)
      时间	    开盘	    最高	    最低	    收盘	         成交量	高一高二多空.线1   	高一高二多空.线2   	高一高二多空.线1红 	高一高二多空.线2红 	高一高二多空.波峰  	高一高二多空.      	高一高二多空.波谷  	高一高二多空.      	高一高二多空.      	高一高二多空.      	高一高二多空.      	高一高二多空.      	VOL-TDX.      	VOL-TDX.VOLUME	VOL-TDX.MAVOL1	VOL-TDX.MAVOL2	主力进出.主力  	主力进出.游资  	主力进出.大户  	主力进出.散户  	主力进出.主比  	主力进出.游比  	主力进出.大比  	主力进出.散比  	主力进出.警戒线	主力进出.      	主力进出.      	主力进出.      	主力进出.      	主力进出.      	主力进出.      	主力进出.      	主力进出.      	主力进出.      	主力进出.      	主力进出.      	主力进出.      	主力进出.      	主力进出.      	主力进出.      	主力进出.      	主力进出.      	主力进出.      	主力进出.      	主力进出.      	主力进出.      	主力进出.      	主力进出.      	主力进出.      	
 2024/06/19	    7.24	    7.28	    7.16	    7.18	        4444700	       7.18	       7.18	           	           	           	       0.00	           	       0.00	       0.00	       0.00	       0.00	       0.00	          0	      44447	           	           	           	           	           	           	           	           	           	           	           	       0.00	       0.00	       0.00	       0.00	       0.00	       0.00	       0.00	       0.00	       0.00	       0.00	       0.00	       0.00	       0.00	       0.00	       0.00	       0.00	       0.00	       0.00	       0.00	       0.00	       0.00	       0.00	       0.00	       0.00	
 2024/06/20	    7.16	    7.17	    6.86	    6.90	        6850944	       7.14	       7.15	           	           	       7.28	       0.00	           	       0.00	       0.00	       0.00	       0.00	       0.00	          0	      68509	           	           	           	           	           	           	           	           	           	           	           	       0.00	       0.00	       0.00	       0.00	       0.00	       0.00	       0.00	       0.00	       0.00	       0.00	       0.00	       0.00	       0.00	       0.00	       0.00	       0.00	       0.00	       0.00	       0.00	       0.00	       0.00	       0.00	       0.00	       0.00	
 2024/06/21	    6.82	    7.00	    6.82	    6.92	        4550300	       7.11	       7.13	           	           	       7.28	       0.00	           	       0.00	       0.00	       0.00	       0.00	       0.00	          0	      45503	           	           	           	           	           	           	           	           	           	           	           	       0.00	       0.00	       0.00	       0.00	       0.00	       0.00	       0.00	       0.00	       0.00	       0.00	       0.00	       0.00	       0.00	       0.00	       0.00	       0.00	       0.00	       0.00	       0.00	       0.00	       0.00	       0.00	       0.00	       0.00	
 2024/06/24	    6.92	    6.92	    6.58	    6.60	        7822384	       7.04	       7.08	           	           	           	       0.00	           	       0.00	       0.00	       0.00	       0.00	       0.00	          0	      78224	           	           	   59170.82	           	           	           	           	           	           	           	           	       1.00	       1.00	       1.00	       1.00	       1.00	       1.00	       0.00	       0.00	       0.00	       0.00	       0.00	       0.00	       0.00	       0.00	       0.00	       0.00	       0.00	       0.00	       0.00	       0.00	       0.00	       0.00	       0.00	       0.00	
 2024/06/25	    6.62	    6.88	    6.58	    6.73	        7339300	       7.00	       7.05	           	           	           	       0.00	       6.58	       1.00	       0.00	       0.00	       0.00	       0.00	          0	      73393	      62015	           	   66407.32	           	           	           	           	           	           	           	           	       1.00	       1.00	       1.00	       1.00	       1.00	       1.00	       0.00	       0.00	       0.00	       0.00	       0.00	       0.00	       0.00	       0.00	       0.00	       0.00	       0.00	       0.00	       0.00	       0.00	       0.00	       0.00	       0.00	       0.00	
 2024/06/26	    6.67	    6.94	    6.62	    6.93	        6971796	       6.99	       7.04	           	           	           	       0.00	       6.58	       1.00	       0.00	       0.00	       0.00	       0.00	          0	      69718	      67069	           	   66709.45	           	           	           	           	           	           	           	           	       1.00	       1.00	       1.00	       1.00	       1.00	       1.00	       0.00	       0.00	       0.00	       0.00	       0.00	       0.00	       0.00	       0.00	       0.00	       0.00	       0.00	       0.00	       0.00	       0.00	       0.00	       0.00	       0.00	       0.00	
 2024/06/27	    6.88	    6.96	    6.68	    6.70	        7110092	       6.95	       7.01	           	           	           	       0.00	       6.58	       1.00	       0.00	       0.00	       0.00	       0.00	          0	      71101	      67588	           	   73108.93	           	           	           	           	           	           	           	           	       1.00	       1.00	       1.00	       1.00	       1.00	       1.00	       0.00	       0.00	       0.00	       0.00	       0.00	       0.00	       0.00	       0.00	       0.00	       0.00	       0.00	       0.00	       0.00	       0.00	       0.00	       0.00	       0.00	       0.00	
 2024/06/28	    6.68	    6.85	    6.63	    6.72	        5731287	       6.92	       6.98	           	           	           	       0.00	       6.58	       1.00	       0.00	       0.00	       0.00	       0.00	          0	      57313	      69950	           	   67881.19	   63526.00	           	           	           	           	           	           	           	       1.00	       1.00	       1.00	       1.00	       1.00	       1.00	       1.00	       1.00	       1.00	       1.00	       1.00	       1.00	       0.00	       0.00	       0.00	       0.00	       0.00	       0.00	       0.00	       0.00	       0.00	       0.00	       0.00	       0.00	
 2024/07/01	    6.73	    6.85	    6.61	    6.81	        6282608	       6.91	       6.97	           	           	           	       0.00	       6.58	       1.00	       0.00	       0.00	       0.00	       0.00	          0	      62826	      66870	           	   65239.46	   65823.39	           	           	           	           	           	           	           	       1.00	       1.00	       1.00	       1.00	       1.00	       1.00	       1.00	       1.00	       1.00	       1.00	       1.00	       1.00	       0.00	       0.00	       0.00	       0.00	       0.00	       0.00	       0.00	       0.00	       0.00	       0.00	       0.00	       0.00	
 2024/07/02	    6.81	    6.91	    6.71	    6.75	        6501180	       6.89	       6.95	           	           	           	       0.00	       6.58	       1.00	       0.00	       0.00	       0.00	       0.00	          0	      65012	      65194	      63605	   64062.92	   65386.18	           	           	           	           	           	           	           	       1.00	       1.00	       1.00	       1.00	       1.00	       1.00	       1.00	       1.00	       1.00	       1.00	       1.00	       1.00	       0.00	       0.00	       0.00	       0.00	       0.00	       0.00	       0.00	       0.00	       0.00	       0.00	       0.00	       0.00	
 2024/07/03	    6.78	    6.82	    6.56	    6.59	        7632200	       6.85	       6.92	           	           	           	       0.00	       6.58	       1.00	       0.00	       0.00	       0.00	       0.00	          0	      76322	      66515	      66792	   65368.19	   69238.56	           	           	           	           	           	           	           	       1.00	       1.00	       1.00	       1.00	       1.00	       1.00	       1.00	       1.00	       1.00	       1.00	       1.00	       1.00	       0.00	       0.00	       0.00	       0.00	       0.00	       0.00	       0.00	       0.00	       0.00	       0.00	       0.00	       0.00	
 2024/07/04	    6.64	    6.70	    6.43	    6.47	        6337610	       6.80	       6.88	           	           	           	       0.00	       6.58	       1.00	       0.00	       0.00	       0.00	       0.00	          0	      63376	      64970	      66279	   66883.99	   67382.59	           	           	           	           	           	           	           	       1.00	       1.00	       1.00	       1.00	       1.00	       1.00	       1.00	       1.00	       1.00	       1.00	       1.00	       1.00	       0.00	       0.00	       0.00	       0.00	       0.00	       0.00	       0.00	       0.00	       0.00	       0.00	       0.00	       0.00	
 2024/07/05	    6.44	    6.60	    6.36	    6.58	        5549376	       6.77	       6.85	           	           	           	       0.00	       6.58	       1.00	       0.00	       0.00	       0.00	       0.00	          0	      55494	      64606	      67278	   65050.91	   65145.19	           	           	           	           	           	           	           	       1.00	       1.00	       1.00	       1.00	       1.00	       1.00	       1.00	       1.00	       1.00	       1.00	       1.00	       1.00	       0.00	       0.00	       0.00	       0.00	       0.00	       0.00	       0.00	       0.00	       0.00	       0.00	       0.00	       0.00	
 2024/07/08	    6.58	    6.58	    6.34	    6.36	        5877136	       6.71	       6.80	           	           	           	       0.00	       6.58	       1.00	       0.00	       0.00	       0.00	       0.00	          0	      58771	      63795	      65333	   63490.80	   63776.87	           	           	           	           	           	           	           	       1.00	       1.00	       1.00	       1.00	       1.00	       1.00	       1.00	       1.00	       1.00	       1.00	       1.00	       1.00	       0.00	       0.00	       0.00	       0.00	       0.00	       0.00	       0.00	       0.00	       0.00	       0.00	       0.00	       0.00	
 2024/07/09	    6.37	    6.64	    6.30	    6.64	        7428960	       6.70	       6.79	           	           	           	       0.00	           	       0.00	       0.00	       0.00	       0.00	       0.00	          0	      74290	      65651	      65422	   62982.71	   64175.45	           	           	           	           	           	           	           	       1.00	       1.00	       1.00	       1.00	       1.00	       1.00	       1.00	       1.00	       1.00	       1.00	       1.00	       1.00	       0.00	       0.00	       0.00	       0.00	       0.00	       0.00	       0.00	       0.00	       0.00	       0.00	       0.00	       0.00	
 2024/07/10	    6.63	    6.80	    6.59	    6.69	        5601600	       6.70	       6.78	           	           	           	       0.00	       6.30	       1.00	       0.00	       0.00	       0.00	       0.00	          0	      56016	      61589	      64052	   61142.68	   64013.34	   63769.68	           	           	           	           	           	           	       1.00	       1.00	       1.00	       1.00	       1.00	       1.00	       1.00	       1.00	       1.00	       1.00	       1.00	       1.00	       1.00	       1.00	       1.00	       1.00	       1.00	       1.00	       0.00	       0.00	       0.00	       0.00	       0.00	       0.00	
 2024/07/11	    6.98	    7.12	    6.92	    7.02	       13026092	       6.74	       6.80	       6.74	       6.80	           	       0.00	           	       0.00	       0.00	       0.00	       0.00	       0.00	          0	     130261	      74966	      69968	   79834.47	   72442.69	   69133.03	           	           	           	           	           	           	       1.00	       1.00	       1.00	       1.00	       1.00	       1.00	       1.00	       1.00	       1.00	       1.00	       1.00	       1.00	       1.00	       1.00	       1.00	       1.00	       1.00	       1.00	       0.00	       0.00	       0.00	       0.00	       0.00	       0.00	
 2024/07/12	    7.03	    7.06	    6.97	    7.04	        8101468	       6.78	       6.82	       6.78	       6.82	       7.12	       1.00	           	       0.00	       0.00	       0.00	       0.00	       0.00	          0	      81015	      80071	      72338	   85395.30	   74443.05	   69914.62	           	           	           	           	           	           	       1.00	       1.00	       1.00	       1.00	       1.00	       1.00	       1.00	       1.00	       1.00	       1.00	       1.00	       1.00	       1.00	       1.00	       1.00	       1.00	       1.00	       1.00	       0.00	       0.00	       0.00	       0.00	       0.00	       0.00	
 2024/07/15	    7.04	    7.08	    6.94	    6.96	        5557580	       6.81	       6.84	       6.81	       6.84	       7.12	       1.00	           	       0.00	       0.00	       0.00	       0.00	       0.00	          0	      55576	      79431	      71613	   80716.85	   71849.78	   70544.17	           	           	           	           	           	           	       1.00	       1.00	       1.00	       1.00	       1.00	       1.00	       1.00	       1.00	       1.00	       1.00	       1.00	       1.00	       1.00	       1.00	       1.00	       1.00	       1.00	       1.00	       0.00	       0.00	       0.00	       0.00	       0.00	       0.00	
 2024/07/16	    7.00	    7.01	    6.83	    6.96	        5710580	       6.83	       6.85	       6.83	       6.85	       7.12	       1.00	           	       0.00	       0.00	       0.00	       0.00	       0.00	          0	      57106	      75995	      70823	   80989.30	   71065.98	   69224.29	           	           	           	           	           	           	       1.00	       1.00	       1.00	       1.00	       1.00	       1.00	       1.00	       1.00	       1.00	       1.00	       1.00	       1.00	       1.00	       1.00	       1.00	       1.00	       1.00	       1.00	       0.00	       0.00	       0.00	       0.00	       0.00	       0.00	
 2024/07/17	    6.95	    6.95	    6.78	    6.78	        5250700	       6.82	       6.84	           	           	       7.12	       1.00	           	       0.00	       0.00	       0.00	       0.00	       0.00	          0	      52507	      75293	      68441	   61550.82	   70692.64	   67918.91	           	           	           	           	           	           	       1.00	       1.00	       1.00	       1.00	       1.00	       1.00	       1.00	       1.00	       1.00	       1.00	       1.00	       1.00	       1.00	       1.00	       1.00	       1.00	       1.00	       1.00	       0.00	       0.00	       0.00	       0.00	       0.00	       0.00	
 2024/07/18	    6.74	    6.78	    6.50	    6.68	        6962972	       6.80	       6.83	           	           	       7.12	       1.00	           	       0.00	       0.00	       0.00	       0.00	       0.00	          0	      69630	      63167	      69066	   58704.58	   72049.95	   67913.41	           	           	           	           	           	           	       1.00	       1.00	       1.00	       1.00	       1.00	       1.00	       1.00	       1.00	       1.00	       1.00	       1.00	       1.00	       1.00	       1.00	       1.00	       1.00	       1.00	       1.00	       0.00	       0.00	       0.00	       0.00	       0.00	       0.00	
 2024/07/19	    6.64	    6.72	    6.61	    6.63	        5600992	       6.78	       6.81	           	           	       7.12	       1.00	           	       0.00	       0.00	       0.00	       0.00	       0.00	          0	      56010	      58166	      69118	   58813.11	   69764.98	   66970.22	           	           	           	           	           	           	       1.00	       1.00	       1.00	       1.00	       1.00	       1.00	       1.00	       1.00	       1.00	       1.00	       1.00	       1.00	       1.00	       1.00	       1.00	       1.00	       1.00	       1.00	       0.00	       0.00	       0.00	       0.00	       0.00	       0.00	
 2024/07/22	    6.60	    6.69	    6.57	    6.64	        4984953	       6.76	       6.79	           	           	       7.12	       1.00	           	       0.00	       0.00	       0.00	       0.00	       0.00	          0	      49850	      57020	      68226	   56999.04	   68994.17	   66503.76	           	           	           	           	           	           	       1.00	       1.00	       1.00	       1.00	       1.00	       1.00	       1.00	       1.00	       1.00	       1.00	       1.00	       1.00	       1.00	       1.00	       1.00	       1.00	       1.00	       1.00	       0.00	       0.00	       0.00	       0.00	       0.00	       0.00	
 2024/07/23	    6.62	    6.69	    6.51	    6.51	        5460840	       6.73	       6.77	           	           	       7.12	       1.00	           	       0.00	       0.00	       0.00	       0.00	       0.00	          0	      54608	      56521	      66258	   57524.39	   59537.61	   65990.16	           	           	           	           	           	           	       1.00	       1.00	       1.00	       1.00	       1.00	       1.00	       1.00	       1.00	       1.00	       1.00	       1.00	       1.00	       1.00	       1.00	       1.00	       1.00	       1.00	       1.00	       0.00	       0.00	       0.00	       0.00	       0.00	       0.00	
 2024/07/24	    6.49	    6.49	    6.22	    6.24	       10892680	       6.66	       6.72	           	           	       7.12	       1.00	           	       0.00	       0.00	       0.00	       0.00	       0.00	          0	     108927	      67805	      71549	   67348.66	   63026.62	   68734.84	           	           	           	           	           	           	       1.00	       1.00	       1.00	       1.00	       1.00	       1.00	       1.00	       1.00	       1.00	       1.00	       1.00	       1.00	       1.00	       1.00	       1.00	       1.00	       1.00	       1.00	       0.00	       0.00	       0.00	       0.00	       0.00	       0.00	
 2024/07/25	    6.25	    6.41	    6.17	    6.33	        7304993	       6.62	       6.68	           	           	           	       0.00	           	       0.00	       0.00	       0.00	       0.00	       0.00	          0	      73050	      68489	      65828	   71608.66	   65210.89	   68530.34	           	           	           	           	           	           	       1.00	       1.00	       1.00	       1.00	       1.00	       1.00	       1.00	       1.00	       1.00	       1.00	       1.00	       1.00	       1.00	       1.00	       1.00	       1.00	       1.00	       1.00	       0.00	       0.00	       0.00	       0.00	       0.00	       0.00	
 2024/07/26	    6.36	    6.55	    6.33	    6.54	        7247892	       6.61	       6.67	           	           	           	       0.00	       6.17	       1.00	       0.00	       0.00	       0.00	       0.00	          0	      72479	      71783	      64974	   77266.01	   67132.53	   69099.27	           	           	           	           	           	           	       1.00	       1.00	       1.00	       1.00	       1.00	       1.00	       1.00	       1.00	       1.00	       1.00	       1.00	       1.00	       1.00	       1.00	       1.00	       1.00	       1.00	       1.00	       0.00	       0.00	       0.00	       0.00	       0.00	       0.00	
 2024/07/29	    6.55	    6.57	    6.42	    6.53	        5515200	       6.60	       6.66	           	           	           	       0.00	       6.17	       1.00	       0.00	       0.00	       0.00	       0.00	          0	      55152	      72843	      64932	   77401.91	   67463.16	   69077.91	           	           	           	           	           	           	       1.00	       1.00	       1.00	       1.00	       1.00	       1.00	       1.00	       1.00	       1.00	       1.00	       1.00	       1.00	       1.00	       1.00	       1.00	       1.00	       1.00	       1.00	       0.00	       0.00	       0.00	       0.00	       0.00	       0.00	
 2024/07/30	    6.50	    6.55	    6.42	    6.53	        4661900	       6.59	       6.65	           	           	           	       0.00	       6.17	       1.00	       0.00	       0.00	       0.00	       0.00	          0	      46619	      71245	      63883	   61824.96	   64586.81	   68318.38	           	           	           	           	           	           	       1.00	       1.00	       1.00	       1.00	       1.00	       1.00	       1.00	       1.00	       1.00	       1.00	       1.00	       1.00	       1.00	       1.00	       1.00	       1.00	       1.00	       1.00	       0.00	       0.00	       0.00	       0.00	       0.00	       0.00	
 2024/07/31	    6.49	    6.80	    6.47	    6.78	        8523220	       6.61	       6.66	       6.61	       6.66	           	       0.00	       6.17	       1.00	       0.00	       0.00	       0.00	       0.00	          0	      85232	      66506	      67156	   64870.53	   68239.60	   69002.30	           	           	           	           	           	           	       1.00	       1.00	       1.00	       1.00	       1.00	       1.00	       1.00	       1.00	       1.00	       1.00	       1.00	       1.00	       1.00	       1.00	       1.00	       1.00	       1.00	       1.00	       0.00	       0.00	       0.00	       0.00	       0.00	       0.00	
 2024/08/01	    6.77	    6.90	    6.76	    6.81	        8528760	       6.64	       6.67	       6.64	       6.67	           	       0.00	       6.17	       1.00	       0.00	       0.00	       0.00	       0.00	          0	      85288	      68954	      68721	   68072.70	   72669.36	   70831.77	   67300.72	      24.41	      26.06	      25.40	      24.13	           	       1.00	       1.00	       1.00	       1.00	       1.00	       1.00	       1.00	       1.00	       1.00	       1.00	       1.00	       1.00	       1.00	       1.00	       1.00	       1.00	       1.00	       1.00	       1.00	       1.00	       1.00	       1.00	       1.00	       1.00	
 2024/08/02	    6.80	    7.51	    6.69	    7.51	       27313522	       6.76	       6.75	       6.76	       6.75	           	       0.00	       6.17	       1.00	       0.00	       0.00	       0.00	       0.00	          0	     273135	     109085	      90434	  122568.50	   99985.21	   79761.40	   74447.22	      32.53	      26.54	      21.17	      19.76	           	       1.00	       1.00	       1.00	       1.00	       1.00	       1.00	       1.00	       1.00	       1.00	       1.00	       1.00	       1.00	       1.00	       1.00	       1.00	       1.00	       1.00	       1.00	       1.00	       1.00	       1.00	       1.00	       1.00	       1.00	
 2024/08/05	    7.61	    7.79	    7.04	    7.24	       69973312	       6.82	       6.79	       6.82	       6.79	           	       0.00	           	       0.00	       0.00	       0.00	       0.00	       0.00	          0	     699733	     238001	     155422	  285847.06	  173836.00	  118431.30	   94172.94	      42.52	      25.86	      17.62	      14.01	           	       1.00	       1.00	       1.00	       1.00	       1.00	       1.00	       1.00	       1.00	       1.00	       1.00	       1.00	       1.00	       1.00	       1.00	       1.00	       1.00	       1.00	       1.00	       1.00	       1.00	       1.00	       1.00	       1.00	       1.00	
 2024/08/06	    7.15	    7.29	    6.93	    7.09	       35583756	       6.86	       6.82	       6.86	       6.82	       7.79	       1.00	           	       0.00	       0.00	       0.00	       0.00	       0.00	          0	     355838	     299845	     185545	  353498.41	  209184.47	  137197.67	  103870.91	      43.98	      26.03	      17.07	      12.92	           	       1.00	       1.00	       1.00	       1.00	       1.00	       1.00	       1.00	       1.00	       1.00	       1.00	       1.00	       1.00	       1.00	       1.00	       1.00	       1.00	       1.00	       1.00	       1.00	       1.00	       1.00	       1.00	       1.00	       1.00	
 2024/08/07	    7.02	    7.08	    6.96	    7.04	       20977360	       6.88	       6.84	       6.88	       6.84	       7.79	       1.00	           	       0.00	       0.00	       0.00	       0.00	       0.00	          0	     209774	     324753	     195630	  384619.88	  226346.30	  146739.41	  107981.84	      44.43	      26.15	      16.95	      12.47	           	       1.00	       1.00	       1.00	       1.00	       1.00	       1.00	       1.00	       1.00	       1.00	       1.00	       1.00	       1.00	       1.00	       1.00	       1.00	       1.00	       1.00	       1.00	       1.00	       1.00	       1.00	       1.00	       1.00	       1.00	
 2024/08/08	    7.00	    7.02	    6.72	    6.76	       23741968	       6.86	       6.83	           	           	       7.79	       1.00	           	       0.00	       0.00	       0.00	       0.00	       0.00	          0	     237420	     355180	     212067	  375691.00	  249129.77	  158296.47	  113107.68	      41.92	      27.80	      17.66	      12.62	           	       1.00	       1.00	       1.00	       1.00	       1.00	       1.00	       1.00	       1.00	       1.00	       1.00	       1.00	       1.00	       1.00	       1.00	       1.00	       1.00	       1.00	       1.00	       1.00	       1.00	       1.00	       1.00	       1.00	       1.00	
 2024/08/09	    6.79	    6.83	    6.61	    6.64	       17009096	       6.83	       6.82	           	           	       7.79	       1.00	           	       0.00	       0.00	       0.00	       0.00	       0.00	          0	     170091	     334571	     221828	  243280.45	  264563.75	  164575.30	  116244.34	      30.85	      33.55	      20.87	      14.74	           	       1.00	       1.00	       1.00	       1.00	       1.00	       1.00	       1.00	       1.00	       1.00	       1.00	       1.00	       1.00	       1.00	       1.00	       1.00	       1.00	       1.00	       1.00	       1.00	       1.00	       1.00	       1.00	       1.00	       1.00	
 2024/08/12	    6.57	    6.66	    6.54	    6.59	        9978000	       6.80	       6.79	           	           	           	       0.00	           	       0.00	       0.00	       0.00	       0.00	       0.00	          0	      99780	     214580	     226291	  179266.06	  266382.22	  167310.92	  117140.55	      24.55	      36.49	      22.92	      16.04	           	       1.00	       1.00	       1.00	       1.00	       1.00	       1.00	       1.00	       1.00	       1.00	       1.00	       1.00	       1.00	       1.00	       1.00	       1.00	       1.00	       1.00	       1.00	       1.00	       1.00	       1.00	       1.00	       1.00	       1.00	
 2024/08/13	    6.58	    6.70	    6.56	    6.70	        9116963	       6.79	       6.79	           	           	           	       0.00	       6.54	       1.00	       0.00	       0.00	       0.00	       0.00	          0	      91170	     161647	     230746	  149615.06	  267117.47	  169893.42	  118198.58	      21.23	      37.90	      24.10	      16.77	           	       1.00	       1.00	       1.00	       1.00	       1.00	       1.00	       1.00	       1.00	       1.00	       1.00	       1.00	       1.00	       1.00	       1.00	       1.00	       1.00	       1.00	       1.00	       1.00	       1.00	       1.00	       1.00	       1.00	       1.00	
 2024/08/14	    6.72	    6.74	    6.63	    6.64	        6606958	       6.77	       6.77	           	           	           	       0.00	       6.54	       1.00	       0.00	       0.00	       0.00	       0.00	          0	      66070	     132906	     228830	  106777.55	  241234.27	  170609.73	  118299.94	      16.76	      37.88	      26.79	      18.57	           	       1.00	       1.00	       1.00	       1.00	       1.00	       1.00	       1.00	       1.00	       1.00	       1.00	       1.00	       1.00	       1.00	       1.00	       1.00	       1.00	       1.00	       1.00	       1.00	       1.00	       1.00	       1.00	       1.00	       1.00	
 2024/08/15	    6.60	    6.74	    6.57	    6.72	        9022500	       6.76	       6.77	           	           	           	       0.00	       6.54	       1.00	       0.00	       0.00	       0.00	       0.00	          0	      90225	     103467	     229323	   86811.05	  165045.75	  169440.88	  119087.85	      16.06	      30.54	      31.36	      22.04	           	       1.00	       1.00	       1.00	       1.00	       1.00	       1.00	       1.00	       1.00	       1.00	       1.00	       1.00	       1.00	       1.00	       1.00	       1.00	       1.00	       1.00	       1.00	       1.00	       1.00	       1.00	       1.00	       1.00	       1.00	
 2024/08/16	    6.69	    6.82	    6.68	    6.77	       10109280	       6.76	       6.77	       6.76	       6.77	           	       0.00	       6.54	       1.00	       0.00	       0.00	       0.00	       0.00	          0	     101093	      89667	     212119	   87139.25	  133202.66	  171193.56	  119861.95	      17.04	      26.05	      33.48	      23.44	           	       1.00	       1.00	       1.00	       1.00	       1.00	       1.00	       1.00	       1.00	       1.00	       1.00	       1.00	       1.00	       1.00	       1.00	       1.00	       1.00	       1.00	       1.00	       1.00	       1.00	       1.00	       1.00	       1.00	       1.00	
 2024/08/19	    6.73	    6.86	    6.66	    6.67	        9251600	       6.75	       6.76	           	           	           	       0.00	           	       0.00	       0.00	       0.00	       0.00	       0.00	          0	      92516	      88215	     151397	   87475.84	  118545.45	  172445.88	  120772.57	      17.52	      23.75	      34.54	      24.19	           	       1.00	       1.00	       1.00	       1.00	       1.00	       1.00	       1.00	       1.00	       1.00	       1.00	       1.00	       1.00	       1.00	       1.00	       1.00	       1.00	       1.00	       1.00	       1.00	       1.00	       1.00	       1.00	       1.00	       1.00	
 2024/08/20	    6.64	    6.66	    6.55	    6.56	        7996780	       6.73	       6.74	           	           	       6.86	       1.00	           	       0.00	       0.00	       0.00	       0.00	       0.00	          0	      79968	      85974	     123811	   90950.40	   98863.97	  173996.84	  121537.38	      18.74	      20.37	      35.85	      25.04	           	       1.00	       1.00	       1.00	       1.00	       1.00	       1.00	       1.00	       1.00	       1.00	       1.00	       1.00	       1.00	       1.00	       1.00	       1.00	       1.00	       1.00	       1.00	       1.00	       1.00	       1.00	       1.00	       1.00	       1.00	
 2024/08/21	    6.55	    6.66	    6.49	    6.63	        6169180	       6.71	       6.73	           	           	       6.86	       1.00	           	       0.00	       0.00	       0.00	       0.00	       0.00	          0	      61692	      85099	     109002	   83817.09	   85314.07	  174938.91	  121628.65	      18.00	      18.32	      37.56	      26.12	           	       1.00	       1.00	       1.00	       1.00	       1.00	       1.00	       1.00	       1.00	       1.00	       1.00	       1.00	       1.00	       1.00	       1.00	       1.00	       1.00	       1.00	       1.00	       1.00	       1.00	       1.00	       1.00	       1.00	       1.00	
 2024/08/22	    6.60	    6.65	    6.54	    6.55	        5996322	       6.69	       6.71	           	           	       6.86	       1.00	           	       0.00	       0.00	       0.00	       0.00	       0.00	          0	      59963	      79046	      91257	   73534.70	   80336.98	  173359.61	  121180.96	      16.40	      17.92	      38.66	      27.02	           	       1.00	       1.00	       1.00	       1.00	       1.00	       1.00	       1.00	       1.00	       1.00	       1.00	       1.00	       1.00	       1.00	       1.00	       1.00	       1.00	       1.00	       1.00	       1.00	       1.00	       1.00	       1.00	       1.00	       1.00	
 2024/08/23	    6.55	    6.63	    6.47	    6.54	        8338415	       6.67	       6.70	           	           	       6.86	       1.00	           	       0.00	       0.00	       0.00	       0.00	       0.00	          0	      83384	      75505	      82586	   71251.74	   79363.79	  173240.64	  122036.21	      15.98	      17.80	      38.85	      27.37	           	       1.00	       1.00	       1.00	       1.00	       1.00	       1.00	       1.00	       1.00	       1.00	       1.00	       1.00	       1.00	       1.00	       1.00	       1.00	       1.00	       1.00	       1.00	       1.00	       1.00	       1.00	       1.00	       1.00	       1.00	
 2024/08/26	    6.50	    6.63	    6.48	    6.60	        6212116	       6.66	       6.69	           	           	       6.86	       1.00	           	       0.00	       0.00	       0.00	       0.00	       0.00	          0	      62121	      69426	      78820	   66790.09	   78870.24	  160052.25	  119906.84	      15.69	      18.53	      37.60	      28.17	           	       1.00	       1.00	       1.00	       1.00	       1.00	       1.00	       1.00	       1.00	       1.00	       1.00	       1.00	       1.00	       1.00	       1.00	       1.00	       1.00	       1.00	       1.00	       1.00	       1.00	       1.00	       1.00	       1.00	       1.00	
 2024/08/27	    6.56	    6.57	    6.42	    6.45	        7739488	       6.63	       6.67	           	           	       6.86	       1.00	           	       0.00	       0.00	       0.00	       0.00	       0.00	          0	      77395	      68911	      77443	   70715.85	   77266.48	  121156.13	  119793.72	      18.18	      19.87	      31.15	      30.80	           	       1.00	       1.00	       1.00	       1.00	       1.00	       1.00	       1.00	       1.00	       1.00	       1.00	       1.00	       1.00	       1.00	       1.00	       1.00	       1.00	       1.00	       1.00	       1.00	       1.00	       1.00	       1.00	       1.00	       1.00	
 2024/08/28	    6.40	    6.52	    6.39	    6.43	        4732100	       6.61	       6.65	           	           	           	       0.00	           	       0.00	       0.00	       0.00	       0.00	       0.00	          0	      47321	      66037	      75568	   67555.30	   70545.00	  101873.84	  119535.76	      18.79	      19.62	      28.34	      33.25	           	       1.00	       1.00	       1.00	       1.00	       1.00	       1.00	       1.00	       1.00	       1.00	       1.00	       1.00	       1.00	       1.00	       1.00	       1.00	       1.00	       1.00	       1.00	       1.00	       1.00	       1.00	       1.00	       1.00	       1.00	
 2024/08/29	    6.41	    6.56	    6.39	    6.53	        7919420	       6.60	       6.64	           	           	           	       0.00	       6.39	       1.00	       0.00	       0.00	       0.00	       0.00	          0	      79194	      69883	      74465	   66507.81	   68879.78	   93712.63	  120226.03	      19.04	      19.72	      26.83	      34.42	           	       1.00	       1.00	       1.00	       1.00	       1.00	       1.00	       1.00	       1.00	       1.00	       1.00	       1.00	       1.00	       1.00	       1.00	       1.00	       1.00	       1.00	       1.00	       1.00	       1.00	       1.00	       1.00	       1.00	       1.00	
 2024/08/30	    6.49	    6.75	    6.49	    6.65	        9403797	       6.60	       6.64	       6.60	       6.64	           	       0.00	       6.39	       1.00	       0.00	       0.00	       0.00	       0.00	          0	      94038	      72014	      73759	   74487.02	   70638.55	   84751.27	  121523.88	      21.20	      20.10	      24.12	      34.58	           	       1.00	       1.00	       1.00	       1.00	       1.00	       1.00	       1.00	       1.00	       1.00	       1.00	       1.00	       1.00	       1.00	       1.00	       1.00	       1.00	       1.00	       1.00	       1.00	       1.00	       1.00	       1.00	       1.00	       1.00	
 2024/09/02	    6.64	    6.71	    6.56	    6.57	        7689369	       6.60	       6.63	           	           	           	       0.00	       6.39	       1.00	       0.00	       0.00	       0.00	       0.00	          0	      76894	      74968	      72197	   74361.72	   72538.78	   78926.43	  121750.87	      21.39	      20.87	      22.71	      35.03	           	       1.00	       1.00	       1.00	       1.00	       1.00	       1.00	       1.00	       1.00	       1.00	       1.00	       1.00	       1.00	       1.00	       1.00	       1.00	       1.00	       1.00	       1.00	       1.00	       1.00	       1.00	       1.00	       1.00	       1.00	
 2024/09/03	    6.56	    6.67	    6.54	    6.64	        5150896	       6.60	       6.63	       6.60	       6.63	           	       0.00	       6.39	       1.00	       0.00	       0.00	       0.00	       0.00	          0	      51509	      69791	      69351	   75408.70	   71482.00	   75909.50	  121610.21	      21.90	      20.75	      22.04	      35.31	           	       1.00	       1.00	       1.00	       1.00	       1.00	       1.00	       1.00	       1.00	       1.00	       1.00	       1.00	       1.00	       1.00	       1.00	       1.00	       1.00	       1.00	       1.00	       1.00	       1.00	       1.00	       1.00	       1.00	       1.00	
 2024/09/04	    6.59	    6.71	    6.58	    6.64	        5391380	       6.61	       6.63	       6.61	       6.63	           	       0.00	       6.39	       1.00	       0.00	       0.00	       0.00	       0.00	          0	      53914	      71110	      68573	   69088.61	   67798.21	   73581.01	  121737.23	      20.80	      20.41	      22.15	      36.65	           	       1.00	       1.00	       1.00	       1.00	       1.00	       1.00	       1.00	       1.00	       1.00	       1.00	       1.00	       1.00	       1.00	       1.00	       1.00	       1.00	       1.00	       1.00	       1.00	       1.00	       1.00	       1.00	       1.00	       1.00	
 2024/09/05	    6.64	    6.70	    6.62	    6.66	        5222800	       6.62	       6.64	       6.62	       6.64	           	       0.00	       6.39	       1.00	       0.00	       0.00	       0.00	       0.00	          0	      52228	      65716	      67800	   58636.11	   66561.56	   72715.90	  121662.82	      18.35	      20.83	      22.75	      38.07	           	       1.00	       1.00	       1.00	       1.00	       1.00	       1.00	       1.00	       1.00	       1.00	       1.00	       1.00	       1.00	       1.00	       1.00	       1.00	       1.00	       1.00	       1.00	       1.00	       1.00	       1.00	       1.00	       1.00	       1.00	
 2024/09/06	    6.65	    6.80	    6.49	    6.52	       11615269	       6.60	       6.62	           	           	           	       0.00	           	       0.00	       0.00	       0.00	       0.00	       0.00	          0	     116153	      70139	      71077	   68450.86	   71406.29	   74336.38	  121888.63	      20.37	      21.25	      22.12	      36.27	           	       1.00	       1.00	       1.00	       1.00	       1.00	       1.00	       1.00	       1.00	       1.00	       1.00	       1.00	       1.00	       1.00	       1.00	       1.00	       1.00	       1.00	       1.00	       1.00	       1.00	       1.00	       1.00	       1.00	       1.00	
 2024/09/09	    6.50	    6.55	    6.39	    6.47	        6017792	       6.59	       6.61	           	           	       6.80	       1.00	           	       0.00	       0.00	       0.00	       0.00	       0.00	          0	      60178	      66796	      70882	   70618.10	   73013.41	   71779.20	  121486.38	      20.96	      21.67	      21.31	      36.06	           	       1.00	       1.00	       1.00	       1.00	       1.00	       1.00	       1.00	       1.00	       1.00	       1.00	       1.00	       1.00	       1.00	       1.00	       1.00	       1.00	       1.00	       1.00	       1.00	       1.00	       1.00	       1.00	       1.00	       1.00	
 2024/09/10	    6.50	    6.54	    6.40	    6.52	        5454569	       6.58	       6.60	           	           	       6.80	       1.00	           	       0.00	       0.00	       0.00	       0.00	       0.00	          0	      54546	      67404	      68597	   70776.08	   69932.34	   69406.06	  120925.97	      21.38	      21.13	      20.97	      36.53	           	       1.00	       1.00	       1.00	       1.00	       1.00	       1.00	       1.00	       1.00	       1.00	       1.00	       1.00	       1.00	       1.00	       1.00	       1.00	       1.00	       1.00	       1.00	       1.00	       1.00	       1.00	       1.00	       1.00	       1.00	
 2024/09/11	    6.50	    6.56	    6.45	    6.48	        4553997	       6.56	       6.59	           	           	       6.80	       1.00	           	       0.00	       0.00	       0.00	       0.00	       0.00	          0	      45540	      65729	      68419	   69104.06	   63870.09	   67254.31	  120625.58	      21.54	      19.91	      20.96	      37.60	           	       1.00	       1.00	       1.00	       1.00	       1.00	       1.00	       1.00	       1.00	       1.00	       1.00	       1.00	       1.00	       1.00	       1.00	       1.00	       1.00	       1.00	       1.00	       1.00	       1.00	       1.00	       1.00	       1.00	       1.00	
 2024/09/12	    6.51	    6.58	    6.45	    6.46	        4668584	       6.55	       6.58	           	           	       6.80	       1.00	           	       0.00	       0.00	       0.00	       0.00	       0.00	          0	      46686	      64620	      65168	   51737.36	   60094.11	   66316.45	  120627.67	      17.32	      20.11	      22.20	      40.37	           	       1.00	       1.00	       1.00	       1.00	       1.00	       1.00	       1.00	       1.00	       1.00	       1.00	       1.00	       1.00	       1.00	       1.00	       1.00	       1.00	       1.00	       1.00	       1.00	       1.00	       1.00	       1.00	       1.00	       1.00	
 2024/09/13	    6.48	    6.50	    6.34	    6.34	        6150860	       6.52	       6.56	           	           	       6.80	       1.00	           	       0.00	       0.00	       0.00	       0.00	       0.00	          0	      61509	      53692	      61916	   52070.02	   61344.06	   66413.03	  119886.30	      17.37	      20.47	      22.16	      40.00	           	       1.00	       1.00	       1.00	       1.00	       1.00	       1.00	       1.00	       1.00	       1.00	       1.00	       1.00	       1.00	       1.00	       1.00	       1.00	       1.00	       1.00	       1.00	       1.00	       1.00	       1.00	       1.00	       1.00	       1.00	
 2024/09/18	    6.35	    6.37	    6.18	    6.29	        5909782	       6.49	       6.53	           	           	           	       0.00	           	       0.00	       0.00	       0.00	       0.00	       0.00	          0	      59098	      53476	      60136	   53208.06	   61992.07	   64895.14	  119067.88	      17.79	      20.72	      21.69	      39.80	           	       1.00	       1.00	       1.00	       1.00	       1.00	       1.00	       1.00	       1.00	       1.00	       1.00	       1.00	       1.00	       1.00	       1.00	       1.00	       1.00	       1.00	       1.00	       1.00	       1.00	       1.00	       1.00	       1.00	       1.00	
 2024/09/19	    6.31	    6.45	    6.30	    6.42	        6830040	       6.48	       6.52	           	           	           	       0.00	       6.18	       1.00	       0.00	       0.00	       0.00	       0.00	          0	      68300	      56227	      61815	   58898.16	   64001.12	   65281.34	  112666.80	      19.58	      21.27	      21.70	      37.45	           	       1.00	       1.00	       1.00	       1.00	       1.00	       1.00	       1.00	       1.00	       1.00	       1.00	       1.00	       1.00	       1.00	       1.00	       1.00	       1.00	       1.00	       1.00	       1.00	       1.00	       1.00	       1.00	       1.00	       1.00	
 2024/09/20	    6.42	    6.43	    6.32	    6.35	        4987200	       6.46	       6.51	           	           	           	       0.00	       6.18	       1.00	       0.00	       0.00	       0.00	       0.00	          0	      49872	      57093	      61411	   59694.70	   55716.03	   63561.16	   92358.63	      22.00	      20.53	      23.43	      34.04	           	       1.00	       1.00	       1.00	       1.00	       1.00	       1.00	       1.00	       1.00	       1.00	       1.00	       1.00	       1.00	       1.00	       1.00	       1.00	       1.00	       1.00	       1.00	       1.00	       1.00	       1.00	       1.00	       1.00	       1.00	
 2024/09/23	    6.33	    6.42	    6.28	    6.39	        4245484	       6.45	       6.50	           	           	           	       0.00	       6.18	       1.00	       0.00	       0.00	       0.00	       0.00	          0	      42455	      56247	      60434	   54931.27	   53500.64	   63257.02	   82565.41	      21.60	      21.04	      24.88	      32.47	           	       1.00	       1.00	       1.00	       1.00	       1.00	       1.00	       1.00	       1.00	       1.00	       1.00	       1.00	       1.00	       1.00	       1.00	       1.00	       1.00	       1.00	       1.00	       1.00	       1.00	       1.00	       1.00	       1.00	       1.00	
 2024/09/24	    6.39	    6.62	    6.38	    6.62	        8920568	       6.48	       6.51	       6.48	       6.51	           	       0.00	       6.18	       1.00	       0.00	       0.00	       0.00	       0.00	          0	      89206	      61786	      57739	   62458.23	   57833.14	   63882.74	   78797.68	      23.75	      21.99	      24.29	      29.96	           	       1.00	       1.00	       1.00	       1.00	       1.00	       1.00	       1.00	       1.00	       1.00	       1.00	       1.00	       1.00	       1.00	       1.00	       1.00	       1.00	       1.00	       1.00	       1.00	       1.00	       1.00	       1.00	       1.00	       1.00	
 2024/09/25	    6.66	    6.79	    6.62	    6.62	       10678088	       6.50	       6.52	       6.50	       6.52	           	       0.00	       6.18	       1.00	       0.00	       0.00	       0.00	       0.00	          0	     106781	      71323	      62399	   72078.35	   65488.26	   64679.17	   74715.22	      26.02	      23.65	      23.35	      26.98	           	       1.00	       1.00	       1.00	       1.00	       1.00	       1.00	       1.00	       1.00	       1.00	       1.00	       1.00	       1.00	       1.00	       1.00	       1.00	       1.00	       1.00	       1.00	       1.00	       1.00	       1.00	       1.00	       1.00	       1.00	
 2024/09/26	    6.62	    6.83	    6.61	    6.83	       10805268	       6.54	       6.55	       6.54	       6.55	           	       0.00	       6.18	       1.00	       0.00	       0.00	       0.00	       0.00	          0	     108053	      79273	      67750	   86623.52	   73159.12	   66626.62	   72776.52	      28.95	      24.45	      22.27	      24.32	           	       1.00	       1.00	       1.00	       1.00	       1.00	       1.00	       1.00	       1.00	       1.00	       1.00	       1.00	       1.00	       1.00	       1.00	       1.00	       1.00	       1.00	       1.00	       1.00	       1.00	       1.00	       1.00	       1.00	       1.00	
 2024/09/27	    6.93	    7.15	    6.84	    7.06	       13347212	       6.61	       6.59	       6.61	       6.59	           	       0.00	       6.18	       1.00	       0.00	       0.00	       0.00	       0.00	          0	     133472	      95993	      76543	  109377.84	   82154.55	   71749.31	   73829.41	      32.45	      24.37	      21.28	      21.90	           	       1.00	       1.00	       1.00	       1.00	       1.00	       1.00	       1.00	       1.00	       1.00	       1.00	       1.00	       1.00	       1.00	       1.00	       1.00	       1.00	       1.00	       1.00	       1.00	       1.00	       1.00	       1.00	       1.00	       1.00	
 2024/09/30	    7.29	    7.72	    7.07	    7.68	       33571920	       6.75	       6.69	       6.75	       6.69	           	       0.00	       6.18	       1.00	       0.00	       0.00	       0.00	       0.00	          0	     335719	     154646	     105446	  171006.22	  116732.22	   89362.14	   81471.56	      37.29	      25.46	      19.49	      17.77	           	       1.00	       1.00	       1.00	       1.00	       1.00	       1.00	       1.00	       1.00	       1.00	       1.00	       1.00	       1.00	       1.00	       1.00	       1.00	       1.00	       1.00	       1.00	       1.00	       1.00	       1.00	       1.00	       1.00	       1.00	
 2024/10/08	    8.44	    8.46	    7.68	    8.17	       39328000	       6.94	       6.83	       6.94	       6.83	           	       0.00	           	       0.00	       0.00	       0.00	       0.00	       0.00	          0	     393280	     215461	     138624	  242631.00	  157354.67	  110677.91	   91696.91	      40.28	      26.12	      18.37	      15.22	           	       1.00	       1.00	       1.00	       1.00	       1.00	       1.00	       1.00	       1.00	       1.00	       1.00	       1.00	       1.00	       1.00	       1.00	       1.00	       1.00	       1.00	       1.00	       1.00	       1.00	       1.00	       1.00	       1.00	       1.00	
 2024/10/09	    7.95	    7.95	    7.47	    7.47	       24133656	       7.01	       6.88	       7.01	       6.88	       8.46	       1.00	           	       0.00	       0.00	       0.00	       0.00	       0.00	          0	     241337	     242372	     156847	  275951.97	  181287.73	  118501.89	   96419.15	      41.05	      26.97	      17.63	      14.34	           	       1.00	       1.00	       1.00	       1.00	       1.00	       1.00	       1.00	       1.00	       1.00	       1.00	       1.00	       1.00	       1.00	       1.00	       1.00	       1.00	       1.00	       1.00	       1.00	       1.00	       1.00	       1.00	       1.00	       1.00	
 2024/10/10	    7.58	    7.66	    7.36	    7.48	       18913608	       7.07	       6.94	       7.07	       6.94	       8.46	       1.00	           	       0.00	       0.00	       0.00	       0.00	       0.00	          0	     189136	     258589	     168931	  289867.94	  199622.88	  126561.77	   99170.50	      40.53	      27.91	      17.70	      13.87	           	       1.00	       1.00	       1.00	       1.00	       1.00	       1.00	       1.00	       1.00	       1.00	       1.00	       1.00	       1.00	       1.00	       1.00	       1.00	       1.00	       1.00	       1.00	       1.00	       1.00	       1.00	       1.00	       1.00	       1.00	
 2024/10/11	    7.49	    7.49	    7.09	    7.15	       13581540	       7.08	       6.96	       7.08	       6.96	       8.46	       1.00	           	       0.00	       0.00	       0.00	       0.00	       0.00	          0	     135815	     259057	     177525	  239892.02	  205449.11	  131641.13	  100523.61	      35.41	      30.32	      19.43	      14.84	           	       1.00	       1.00	       1.00	       1.00	       1.00	       1.00	       1.00	       1.00	       1.00	       1.00	       1.00	       1.00	       1.00	       1.00	       1.00	       1.00	       1.00	       1.00	       1.00	       1.00	       1.00	       1.00	       1.00	       1.00	
 2024/10/14	    7.23	    7.31	    7.11	    7.31	       10236741	       7.11	       6.99	       7.11	       6.99	       8.46	       1.00	           	       0.00	       0.00	       0.00	       0.00	       0.00	          0	     102367	     212387	     183517	  167163.86	  204897.44	  135192.84	  101223.60	      27.47	      33.67	      22.22	      16.64	           	       1.00	       1.00	       1.00	       1.00	       1.00	       1.00	       1.00	       1.00	       1.00	       1.00	       1.00	       1.00	       1.00	       1.00	       1.00	       1.00	       1.00	       1.00	       1.00	       1.00	       1.00	       1.00	       1.00	       1.00	
 2024/10/15	    7.25	    7.35	    7.17	    7.17	       11208405	       7.12	       7.01	       7.12	       7.01	       8.46	       1.00	           	       0.00	       0.00	       0.00	       0.00	       0.00	          0	     112084	     156148	     185804	  134850.73	  205401.36	  139280.22	  102798.35	      23.16	      35.27	      23.92	      17.65	           	       1.00	       1.00	       1.00	       1.00	       1.00	       1.00	       1.00	       1.00	       1.00	       1.00	       1.00	       1.00	       1.00	       1.00	       1.00	       1.00	       1.00	       1.00	       1.00	       1.00	       1.00	       1.00	       1.00	       1.00	
 2024/10/16	    7.05	    7.23	    7.04	    7.14	        9277217	       7.12	       7.02	       7.12	       7.02	           	       0.00	           	       0.00	       0.00	       0.00	       0.00	       0.00	          0	      92772	     126435	     184404	  110759.76	  200313.88	  141234.20	  103823.63	      19.92	      36.02	      25.40	      18.67	           	       1.00	       1.00	       1.00	       1.00	       1.00	       1.00	       1.00	       1.00	       1.00	       1.00	       1.00	       1.00	       1.00	       1.00	       1.00	       1.00	       1.00	       1.00	       1.00	       1.00	       1.00	       1.00	       1.00	       1.00	
 2024/10/17	    7.13	    7.23	    7.05	    7.08	        9573860	       7.12	       7.02	           	       7.02	           	       0.00	       7.04	       1.00	       0.00	       0.00	       0.00	       0.00	          0	      95739	     107756	     183172	  100740.55	  170316.28	  143524.25	  104209.70	      19.42	      32.83	      27.67	      20.09	           	       1.00	       1.00	       1.00	       1.00	       1.00	       1.00	       1.00	       1.00	       1.00	       1.00	       1.00	       1.00	       1.00	       1.00	       1.00	       1.00	       1.00	       1.00	       1.00	       1.00	       1.00	       1.00	       1.00	       1.00	
 2024/10/18	    7.13	    7.35	    7.07	    7.27	       16445907	       7.14	       7.05	       7.14	       7.05	           	       0.00	       7.04	       1.00	       0.00	       0.00	       0.00	       0.00	          0	     164459	     113484	     186271	  116263.47	  141713.66	  149534.17	  107407.77	      22.58	      27.52	      29.04	      20.86	           	       1.00	       1.00	       1.00	       1.00	       1.00	       1.00	       1.00	       1.00	       1.00	       1.00	       1.00	       1.00	       1.00	       1.00	       1.00	       1.00	       1.00	       1.00	       1.00	       1.00	       1.00	       1.00	       1.00	       1.00	
 2024/10/21	    7.25	    7.31	    7.17	    7.24	       16393299	       7.15	       7.06	       7.15	       7.06	           	       0.00	       7.04	       1.00	       0.00	       0.00	       0.00	       0.00	          0	     163933	     125797	     169092	  129225.70	  132038.22	  156662.98	  110112.08	      24.47	      25.01	      29.67	      20.85	           	       1.00	       1.00	       1.00	       1.00	       1.00	       1.00	       1.00	       1.00	       1.00	       1.00	       1.00	       1.00	       1.00	       1.00	       1.00	       1.00	       1.00	       1.00	       1.00	       1.00	       1.00	       1.00	       1.00	       1.00	
 2024/10/22	    7.24	    7.42	    7.17	    7.39	       13914879	       7.18	       7.09	       7.18	       7.09	           	       0.00	       7.04	       1.00	       0.00	       0.00	       0.00	       0.00	          0	     139149	     131210	     143679	  140819.86	  125789.81	  162706.38	  112981.70	      25.97	      23.20	      30.00	      20.83	           	       1.00	       1.00	       1.00	       1.00	       1.00	       1.00	       1.00	       1.00	       1.00	       1.00	       1.00	       1.00	       1.00	       1.00	       1.00	       1.00	       1.00	       1.00	       1.00	       1.00	       1.00	       1.00	       1.00	       1.00	
 2024/10/23	    7.39	    7.49	    7.33	    7.39	       12252711	       7.21	       7.12	       7.21	       7.12	           	       0.00	       7.04	       1.00	       0.00	       0.00	       0.00	       0.00	          0	     122527	     137161	     131798	  147516.98	  124128.78	  164788.95	  114335.85	      26.78	      22.54	      29.92	      20.76	           	       1.00	       1.00	       1.00	       1.00	       1.00	       1.00	       1.00	       1.00	       1.00	       1.00	       1.00	       1.00	       1.00	       1.00	       1.00	       1.00	       1.00	       1.00	       1.00	       1.00	       1.00	       1.00	       1.00	       1.00	
 2024/10/24	    7.37	    7.56	    7.27	    7.49	       16994452	       7.25	       7.15	       7.25	       7.15	           	       0.00	       7.04	       1.00	       0.00	       0.00	       0.00	       0.00	          0	     169945	     152003	     129879	  148888.36	  132575.92	  168736.67	  116707.93	      26.26	      23.39	      29.76	      20.59	           	       1.00	       1.00	       1.00	       1.00	       1.00	       1.00	       1.00	       1.00	       1.00	       1.00	       1.00	       1.00	       1.00	       1.00	       1.00	       1.00	       1.00	       1.00	       1.00	       1.00	       1.00	       1.00	       1.00	       1.00	
 2024/10/25	    7.58	    7.72	    7.52	    7.65	       17645808	       7.30	       7.20	       7.30	       7.20	           	       0.00	       7.04	       1.00	       0.00	       0.00	       0.00	       0.00	          0	     176458	     154402	     133943	  152019.63	  140622.67	  173012.00	  119819.31	      25.97	      24.02	      29.55	      20.47	           	       1.00	       1.00	       1.00	       1.00	       1.00	       1.00	       1.00	       1.00	       1.00	       1.00	       1.00	       1.00	       1.00	       1.00	       1.00	       1.00	       1.00	       1.00	       1.00	       1.00	       1.00	       1.00	       1.00	       1.00	
 2024/10/28	    7.67	    7.73	    7.57	    7.70	       12951616	       7.36	       7.24	       7.36	       7.24	           	       0.00	       7.04	       1.00	       0.00	       0.00	       0.00	       0.00	          0	     129516	     147519	     136658	  149611.47	  145215.67	  172764.77	  122257.05	      25.36	      24.62	      29.29	      20.73	           	       1.00	       1.00	       1.00	       1.00	       1.00	       1.00	       1.00	       1.00	       1.00	       1.00	       1.00	       1.00	       1.00	       1.00	       1.00	       1.00	       1.00	       1.00	       1.00	       1.00	       1.00	       1.00	       1.00	       1.00	
 2024/10/29	    7.73	    7.77	    7.52	    7.54	       15186000	       7.38	       7.27	       7.38	       7.27	           	       0.00	       7.04	       1.00	       0.00	       0.00	       0.00	       0.00	          0	     151860	     150061	     140636	  156944.69	  152230.84	  161273.56	  125317.87	      26.34	      25.55	      27.07	      21.03	           	       1.00	       1.00	       1.00	       1.00	       1.00	       1.00	       1.00	       1.00	       1.00	       1.00	       1.00	       1.00	       1.00	       1.00	       1.00	       1.00	       1.00	       1.00	       1.00	       1.00	       1.00	       1.00	       1.00	       1.00	
 2024/10/30	    7.78	    8.14	    7.78	    7.98	       36944600	       7.46	       7.34	       7.46	       7.34	           	       0.00	       7.04	       1.00	       0.00	       0.00	       0.00	       0.00	          0	     369446	     199445	     168303	  206820.05	  177854.19	  159783.91	  135230.91	      30.43	      26.17	      23.51	      19.90	           	       1.00	       1.00	       1.00	       1.00	       1.00	       1.00	       1.00	       1.00	       1.00	       1.00	       1.00	       1.00	       1.00	       1.00	       1.00	       1.00	       1.00	       1.00	       1.00	       1.00	       1.00	       1.00	       1.00	       1.00	
 2024/10/31	    7.94	    8.02	    7.82	    7.93	       21302624	       7.52	       7.39	       7.52	       7.39	           	       0.00	       7.04	       1.00	       0.00	       0.00	       0.00	       0.00	          0	     213026	     208061	     180032	  215962.09	  183990.86	  158014.55	  138258.22	      31.02	      26.43	      22.70	      19.86	           	       1.00	       1.00	       1.00	       1.00	       1.00	       1.00	       1.00	       1.00	       1.00	       1.00	       1.00	       1.00	       1.00	       1.00	       1.00	       1.00	       1.00	       1.00	       1.00	       1.00	       1.00	       1.00	       1.00	       1.00	
 2024/11/01	    8.06	    8.22	    7.88	    7.93	       22007400	       7.58	       7.44	       7.58	       7.44	           	       0.00	       7.04	       1.00	       0.00	       0.00	       0.00	       0.00	          0	     220074	     216784	     185593	  238601.56	  194106.52	  159948.17	  143254.98	      32.42	      26.38	      21.73	      19.47	           	       1.00	       1.00	       1.00	       1.00	       1.00	       1.00	       1.00	       1.00	       1.00	       1.00	       1.00	       1.00	       1.00	       1.00	       1.00	       1.00	       1.00	       1.00	       1.00	       1.00	       1.00	       1.00	       1.00	       1.00	
 2024/11/04	    7.93	    8.22	    7.90	    8.16	       21581820	       7.65	       7.50	       7.65	       7.50	           	       0.00	       7.04	       1.00	       0.00	       0.00	       0.00	       0.00	          0	     215818	     234045	     190782	  254591.11	  205767.91	  164948.34	  148294.75	      32.91	      26.60	      21.32	      19.17	           	       1.00	       1.00	       1.00	       1.00	       1.00	       1.00	       1.00	       1.00	       1.00	       1.00	       1.00	       1.00	       1.00	       1.00	       1.00	       1.00	       1.00	       1.00	       1.00	       1.00	       1.00	       1.00	       1.00	       1.00	
 2024/11/05	    8.16	    8.25	    8.10	    8.18	       25237300	       7.72	       7.57	       7.72	       7.57	           	       0.00	       7.04	       1.00	       0.00	       0.00	       0.00	       0.00	          0	     252373	     254148	     202104	  225322.86	  216071.47	  174323.69	  154758.28	      29.24	      28.04	      22.63	      20.09	           	       1.00	       1.00	       1.00	       1.00	       1.00	       1.00	       1.00	       1.00	       1.00	       1.00	       1.00	       1.00	       1.00	       1.00	       1.00	       1.00	       1.00	       1.00	       1.00	       1.00	       1.00	       1.00	       1.00	       1.00	
 2024/11/06	    8.16	    8.23	    7.99	    8.05	       21263544	       7.77	       7.61	       7.77	       7.61	           	       0.00	       7.04	       1.00	       0.00	       0.00	       0.00	       0.00	          0	     212635	     222785	     211115	  225225.16	  220593.63	  180608.14	  159944.19	      28.64	      28.05	      22.97	      20.34	           	       1.00	       1.00	       1.00	       1.00	       1.00	       1.00	       1.00	       1.00	       1.00	       1.00	       1.00	       1.00	       1.00	       1.00	       1.00	       1.00	       1.00	       1.00	       1.00	       1.00	       1.00	       1.00	       1.00	       1.00	
 2024/11/07	    8.12	    8.21	    8.04	    8.13	       19697476	       7.82	       7.66	       7.82	       7.66	           	       0.00	       7.04	       1.00	       0.00	       0.00	       0.00	       0.00	          0	     196975	     219575	     213818	  219450.34	  229025.95	  187120.78	  164177.48	      27.44	      28.64	      23.40	      20.53	           	       1.00	       1.00	       1.00	       1.00	       1.00	       1.00	       1.00	       1.00	       1.00	       1.00	       1.00	       1.00	       1.00	       1.00	       1.00	       1.00	       1.00	       1.00	       1.00	       1.00	       1.00	       1.00	       1.00	       1.00	
 2024/11/08	    8.13	    8.27	    8.04	    8.08	       22746884	       7.85	       7.70	       7.85	       7.70	           	       0.00	       7.04	       1.00	       0.00	       0.00	       0.00	       0.00	          0	     227469	     221054	     218919	  222363.02	  238477.06	  195353.94	  169439.08	      26.93	      28.88	      23.66	      20.52	           	       1.00	       1.00	       1.00	       1.00	       1.00	       1.00	       1.00	       1.00	       1.00	       1.00	       1.00	       1.00	       1.00	       1.00	       1.00	       1.00	       1.00	       1.00	       1.00	       1.00	       1.00	       1.00	       1.00	       1.00	
 2024/11/11	    8.04	    8.31	    8.02	    8.30	       20077616	       7.91	       7.75	       7.91	       7.75	           	       0.00	       7.04	       1.00	       0.00	       0.00	       0.00	       0.00	          0	     200776	     218046	     226045	  209463.80	  217393.34	  197623.77	  173578.95	      26.25	      27.24	      24.76	      21.75	           	       1.00	       1.00	       1.00	       1.00	       1.00	       1.00	       1.00	       1.00	       1.00	       1.00	       1.00	       1.00	       1.00	       1.00	       1.00	       1.00	       1.00	       1.00	       1.00	       1.00	       1.00	       1.00	       1.00	       1.00	
 2024/11/12	    8.34	    8.37	    8.06	    8.14	       18914188	       7.94	       7.79	       7.94	       7.79	           	       0.00	           	       0.00	       0.00	       0.00	       0.00	       0.00	          0	     189142	     205399	     229773	  203590.41	  214407.78	  199199.31	  177931.14	      25.60	      26.97	      25.05	      22.38	           	       1.00	       1.00	       1.00	       1.00	       1.00	       1.00	       1.00	       1.00	       1.00	       1.00	       1.00	       1.00	       1.00	       1.00	       1.00	       1.00	       1.00	       1.00	       1.00	       1.00	       1.00	       1.00	       1.00	       1.00	
 2024/11/13	    8.04	    8.19	    7.90	    8.11	       13348948	       7.96	       7.82	       7.96	       7.82	       8.37	       1.00	           	       0.00	       0.00	       0.00	       0.00	       0.00	          0	     133489	     189570	     206178	  187719.09	  203584.72	  198845.61	  180775.97	      24.35	      26.41	      25.79	      23.45	           	       1.00	       1.00	       1.00	       1.00	       1.00	       1.00	       1.00	       1.00	       1.00	       1.00	       1.00	       1.00	       1.00	       1.00	       1.00	       1.00	       1.00	       1.00	       1.00	       1.00	       1.00	       1.00	       1.00	       1.00	
 2024/11/14	    8.03	    8.13	    7.84	    7.86	       12270760	       7.95	       7.82	           	       7.82	       8.37	       1.00	           	       0.00	       0.00	       0.00	       0.00	       0.00	          0	     122708	     174717	     197146	  161528.78	  191945.91	  198856.91	  181822.91	      22.00	      26.15	      27.09	      24.77	           	       1.00	       1.00	       1.00	       1.00	       1.00	       1.00	       1.00	       1.00	       1.00	       1.00	       1.00	       1.00	       1.00	       1.00	       1.00	       1.00	       1.00	       1.00	       1.00	       1.00	       1.00	       1.00	       1.00	       1.00	
 2024/11/15	    7.88	    8.02	    7.77	    7.78	       13041140	       7.93	       7.82	           	           	       8.37	       1.00	           	       0.00	       0.00	       0.00	       0.00	       0.00	          0	     130411	     155305	     188180	  143937.59	  176700.69	  196386.08	  182561.36	      20.57	      25.26	      28.07	      26.10	           	       1.00	       1.00	       1.00	       1.00	       1.00	       1.00	       1.00	       1.00	       1.00	       1.00	       1.00	       1.00	       1.00	       1.00	       1.00	       1.00	       1.00	       1.00	       1.00	       1.00	       1.00	       1.00	       1.00	       1.00	
 2024/11/18	    7.83	    7.92	    7.58	    7.63	       13521904	       7.89	       7.80	           	           	       8.37	       1.00	           	       0.00	       0.00	       0.00	       0.00	       0.00	          0	     135219	     142194	     180120	  130456.88	  167023.64	  193808.64	  183410.30	      19.34	      24.76	      28.73	      27.18	           	       1.00	       1.00	       1.00	       1.00	       1.00	       1.00	       1.00	       1.00	       1.00	       1.00	       1.00	       1.00	       1.00	       1.00	       1.00	       1.00	       1.00	       1.00	       1.00	       1.00	       1.00	       1.00	       1.00	       1.00	
 2024/11/19	    7.66	    7.86	    7.64	    7.86	       10457320	       7.88	       7.80	           	       7.80	       8.37	       1.00	           	       0.00	       0.00	       0.00	       0.00	       0.00	          0	     104573	     125280	     165340	  123227.81	  155473.45	  192249.70	  182507.22	      18.86	      23.79	      29.42	      27.93	           	       1.00	       1.00	       1.00	       1.00	       1.00	       1.00	       1.00	       1.00	       1.00	       1.00	       1.00	       1.00	       1.00	       1.00	       1.00	       1.00	       1.00	       1.00	       1.00	       1.00	       1.00	       1.00	       1.00	       1.00	
 2024/11/20	    7.83	    7.93	    7.80	    7.92	       10072576	       7.89	       7.82	       7.89	       7.82	       8.37	       1.00	           	       0.00	       0.00	       0.00	       0.00	       0.00	          0	     100726	     118727	     154149	  117732.35	  139630.56	  189053.81	  175163.67	      18.94	      22.46	      30.42	      28.18	           	       1.00	       1.00	       1.00	       1.00	       1.00	       1.00	       1.00	       1.00	       1.00	       1.00	       1.00	       1.00	       1.00	       1.00	       1.00	       1.00	       1.00	       1.00	       1.00	       1.00	       1.00	       1.00	       1.00	       1.00	
 2024/11/21	    7.91	    7.95	    7.82	    7.92	        8551992	       7.89	       7.82	       7.89	       7.82	       8.37	       1.00	           	       0.00	       0.00	       0.00	       0.00	       0.00	          0	      85520	     111290	     143003	  106509.48	  125223.54	  171308.44	  165546.17	      18.73	      22.02	      30.13	      29.12	           	       1.00	       1.00	       1.00	       1.00	       1.00	       1.00	       1.00	       1.00	       1.00	       1.00	       1.00	       1.00	       1.00	       1.00	       1.00	       1.00	       1.00	       1.00	       1.00	       1.00	       1.00	       1.00	       1.00	       1.00	
 2024/11/22	    7.90	    7.93	    7.57	    7.57	       13665668	       7.85	       7.80	           	           	       8.37	       1.00	           	       0.00	       0.00	       0.00	       0.00	       0.00	          0	     136657	     112539	     133922	  106868.89	  118662.89	  166535.34	  162274.92	      19.28	      21.41	      30.04	      29.27	           	       1.00	       1.00	       1.00	       1.00	       1.00	       1.00	       1.00	       1.00	       1.00	       1.00	       1.00	       1.00	       1.00	       1.00	       1.00	       1.00	       1.00	       1.00	       1.00	       1.00	       1.00	       1.00	       1.00	       1.00	
 2024/11/25	    7.66	    7.87	    7.62	    7.81	       11896392	       7.84	       7.80	           	       7.80	       8.37	       1.00	           	       0.00	       0.00	       0.00	       0.00	       0.00	          0	     118964	     109288	     125741	  110466.57	  116847.20	  160215.95	  160082.05	      20.17	      21.34	      29.26	      29.23	           	       1.00	       1.00	       1.00	       1.00	       1.00	       1.00	       1.00	       1.00	       1.00	       1.00	       1.00	       1.00	       1.00	       1.00	       1.00	       1.00	       1.00	       1.00	       1.00	       1.00	       1.00	       1.00	       1.00	       1.00	
 2024/11/26	    7.80	    7.84	    7.62	    7.65	        7634172	       7.82	       7.79	           	           	       8.37	       1.00	           	       0.00	       0.00	       0.00	       0.00	       0.00	          0	      76342	     103642	     114461	  104370.56	  111051.45	  151498.67	  158223.50	      19.87	      21.15	      28.85	      30.13	           	       1.00	       1.00	       1.00	       1.00	       1.00	       1.00	       1.00	       1.00	       1.00	       1.00	       1.00	       1.00	       1.00	       1.00	       1.00	       1.00	       1.00	       1.00	       1.00	       1.00	       1.00	       1.00	       1.00	       1.00	
 2024/11/27	    7.64	    7.71	    7.40	    7.70	       11534100	       7.80	       7.78	           	           	           	       0.00	           	       0.00	       0.00	       0.00	       0.00	       0.00	          0	     115341	     106565	     112646	  111825.83	  109167.66	  142934.17	  158628.92	      21.40	      20.89	      27.35	      30.36	           	       1.00	       1.00	       1.00	       1.00	       1.00	       1.00	       1.00	       1.00	       1.00	       1.00	       1.00	       1.00	       1.00	       1.00	       1.00	       1.00	       1.00	       1.00	       1.00	       1.00	       1.00	       1.00	       1.00	       1.00	
 2024/11/28	    7.65	    8.11	    7.62	    7.82	       20738004	       7.81	       7.78	       7.81	       7.78	           	       0.00	       7.40	       1.00	       0.00	       0.00	       0.00	       0.00	          0	     207380	     130937	     121113	  129506.67	  118187.78	  142605.72	  161606.94	      23.47	      21.41	      25.84	      29.28	           	       1.00	       1.00	       1.00	       1.00	       1.00	       1.00	       1.00	       1.00	       1.00	       1.00	       1.00	       1.00	       1.00	       1.00	       1.00	       1.00	       1.00	       1.00	       1.00	       1.00	       1.00	       1.00	       1.00	       1.00	
 2024/11/29	    7.81	    8.07	    7.80	    8.02	       18953388	       7.83	       7.81	       7.83	       7.81	           	       0.00	       7.40	       1.00	       0.00	       0.00	       0.00	       0.00	          0	     189534	     141512	     127026	  147149.16	  128807.87	  142140.66	  164630.73	      25.25	      22.10	      24.39	      28.25	           	       1.00	       1.00	       1.00	       1.00	       1.00	       1.00	       1.00	       1.00	       1.00	       1.00	       1.00	       1.00	       1.00	       1.00	       1.00	       1.00	       1.00	       1.00	       1.00	       1.00	       1.00	       1.00	       1.00	       1.00	
 2024/12/02	    8.09	    8.23	    8.07	    8.14	       18686400	       7.87	       7.84	       7.87	       7.84	           	       0.00	       7.40	       1.00	       0.00	       0.00	       0.00	       0.00	          0	     186864	     155092	     132190	  174779.73	  139575.14	  139602.86	  167478.39	      28.13	      22.46	      22.46	      26.95	           	       1.00	       1.00	       1.00	       1.00	       1.00	       1.00	       1.00	       1.00	       1.00	       1.00	       1.00	       1.00	       1.00	       1.00	       1.00	       1.00	       1.00	       1.00	       1.00	       1.00	       1.00	       1.00	       1.00	       1.00	
 2024/12/03	    8.13	    8.22	    8.06	    8.19	       15882552	       7.92	       7.87	       7.92	       7.87	           	       0.00	       7.40	       1.00	       0.00	       0.00	       0.00	       0.00	          0	     158826	     171589	     137615	  185650.86	  148738.34	  136980.94	  167302.36	      29.07	      23.29	      21.45	      26.20	           	       1.00	       1.00	       1.00	       1.00	       1.00	       1.00	       1.00	       1.00	       1.00	       1.00	       1.00	       1.00	       1.00	       1.00	       1.00	       1.00	       1.00	       1.00	       1.00	       1.00	       1.00	       1.00	       1.00	       1.00	
 2024/12/04	    8.18	    8.22	    8.06	    8.12	       12563280	       7.94	       7.89	       7.94	       7.89	           	       0.00	       7.40	       1.00	       0.00	       0.00	       0.00	       0.00	          0	     125633	     173647	     140106	  165214.05	  147360.36	  133011.61	  166105.45	      27.01	      24.09	      21.74	      27.16	           	       1.00	       1.00	       1.00	       1.00	       1.00	       1.00	       1.00	       1.00	       1.00	       1.00	       1.00	       1.00	       1.00	       1.00	       1.00	       1.00	       1.00	       1.00	       1.00	       1.00	       1.00	       1.00	       1.00	       1.00	
 2024/12/05	    8.13	    8.29	    8.12	    8.22	       14421736	       7.98	       7.92	       7.98	       7.92	           	       0.00	       7.40	       1.00	       0.00	       0.00	       0.00	       0.00	          0	     144217	     161015	     145976	  153884.92	  150517.05	  133682.11	  166263.84	      25.46	      24.91	      22.12	      27.51	           	       1.00	       1.00	       1.00	       1.00	       1.00	       1.00	       1.00	       1.00	       1.00	       1.00	       1.00	       1.00	       1.00	       1.00	       1.00	       1.00	       1.00	       1.00	       1.00	       1.00	       1.00	       1.00	       1.00	       1.00	
 2024/12/06	    8.29	    8.30	    8.14	    8.21	       13034700	       8.01	       7.95	       8.01	       7.95	           	       0.00	       7.40	       1.00	       0.00	       0.00	       0.00	       0.00	          0	     130347	     149177	     145345	  139755.67	  157267.70	  134159.58	  166508.22	      23.38	      26.31	      22.45	      27.86	           	       1.00	       1.00	       1.00	       1.00	       1.00	       1.00	       1.00	       1.00	       1.00	       1.00	       1.00	       1.00	       1.00	       1.00	       1.00	       1.00	       1.00	       1.00	       1.00	       1.00	       1.00	       1.00	       1.00	       1.00	
 2024/12/09	    8.24	    8.35	    8.18	    8.28	       11418420	       8.05	       7.98	       8.05	       7.98	           	       0.00	       7.40	       1.00	       0.00	       0.00	       0.00	       0.00	          0	     114184	     134641	     144867	  128595.34	  157123.09	  133145.38	  164765.72	      22.03	      26.92	      22.81	      28.23	           	       1.00	       1.00	       1.00	       1.00	       1.00	       1.00	       1.00	       1.00	       1.00	       1.00	       1.00	       1.00	       1.00	       1.00	       1.00	       1.00	       1.00	       1.00	       1.00	       1.00	       1.00	       1.00	       1.00	       1.00	
 2024/12/10	    8.48	    8.52	    8.23	    8.23	       17101696	       8.07	       8.00	       8.07	       8.00	           	       0.00	       7.40	       1.00	       0.00	       0.00	       0.00	       0.00	          0	     171017	     137080	     154334	  139941.38	  152577.72	  135382.73	  164595.67	      23.62	      25.75	      22.85	      27.78	           	       1.00	       1.00	       1.00	       1.00	       1.00	       1.00	       1.00	       1.00	       1.00	       1.00	       1.00	       1.00	       1.00	       1.00	       1.00	       1.00	       1.00	       1.00	       1.00	       1.00	       1.00	       1.00	       1.00	       1.00	
 2024/12/11	    8.21	    8.28	    8.17	    8.26	       10727136	       8.10	       8.02	       8.10	       8.02	           	       0.00	       7.40	       1.00	       0.00	       0.00	       0.00	       0.00	          0	     107271	     133407	     153527	  130704.88	  142294.91	  135551.39	  163900.55	      22.83	      24.86	      23.68	      28.63	           	       1.00	       1.00	       1.00	       1.00	       1.00	       1.00	       1.00	       1.00	       1.00	       1.00	       1.00	       1.00	       1.00	       1.00	       1.00	       1.00	       1.00	       1.00	       1.00	       1.00	       1.00	       1.00	       1.00	       1.00	
 2024/12/12	    8.29	    8.58	    8.26	    8.53	       25384772	       8.15	       8.07	       8.15	       8.07	           	       0.00	           	       0.00	       0.00	       0.00	       0.00	       0.00	          0	     253848	     155333	     158174	  161580.05	  150667.86	  145121.52	  167087.66	      25.88	      24.13	      23.24	      26.76	           	       1.00	       1.00	       1.00	       1.00	       1.00	       1.00	       1.00	       1.00	       1.00	       1.00	       1.00	       1.00	       1.00	       1.00	       1.00	       1.00	       1.00	       1.00	       1.00	       1.00	       1.00	       1.00	       1.00	       1.00	
 2024/12/13	    8.50	    8.54	    8.23	    8.25	       15347020	       8.17	       8.09	       8.17	       8.09	       8.58	       1.00	           	       0.00	       0.00	       0.00	       0.00	       0.00	          0	     153470	     159958	     154568	  171401.56	  149998.44	  149368.39	  160338.39	      27.16	      23.77	      23.67	      25.41	           	       1.00	       1.00	       1.00	       1.00	       1.00	       1.00	       1.00	       1.00	       1.00	       1.00	       1.00	       1.00	       1.00	       1.00	       1.00	       1.00	       1.00	       1.00	       1.00	       1.00	       1.00	       1.00	       1.00	       1.00	
 2024/12/16	    8.24	    8.31	    8.18	    8.23	       10056011	       8.18	       8.10	       8.18	       8.10	       8.58	       1.00	           	       0.00	       0.00	       0.00	       0.00	       0.00	          0	     100560	     157233	     145937	  153787.34	  146864.36	  147112.36	  156823.84	      25.44	      24.29	      24.33	      25.94	           	       1.00	       1.00	       1.00	       1.00	       1.00	       1.00	       1.00	       1.00	       1.00	       1.00	       1.00	       1.00	       1.00	       1.00	       1.00	       1.00	       1.00	       1.00	       1.00	       1.00	       1.00	       1.00	       1.00	       1.00	
 2024/12/17	    8.20	    8.25	    7.93	    7.98	       12581604	       8.15	       8.09	           	           	       8.58	       1.00	           	       0.00	       0.00	       0.00	       0.00	       0.00	          0	     125816	     148193	     142636	  158423.53	  144564.20	  147540.63	  153878.30	      26.21	      23.92	      24.41	      25.46	           	       1.00	       1.00	       1.00	       1.00	       1.00	       1.00	       1.00	       1.00	       1.00	       1.00	       1.00	       1.00	       1.00	       1.00	       1.00	       1.00	       1.00	       1.00	       1.00	       1.00	       1.00	       1.00	       1.00	       1.00	
 2024/12/18	    7.99	    8.13	    7.87	    8.02	        7875182	       8.13	       8.08	           	           	       8.58	       1.00	           	       0.00	       0.00	       0.00	       0.00	       0.00	          0	      78752	     142489	     137948	  114649.55	  138114.80	  147691.25	  149594.98	      20.84	      25.11	      26.85	      27.20	           	       1.00	       1.00	       1.00	       1.00	       1.00	       1.00	       1.00	       1.00	       1.00	       1.00	       1.00	       1.00	       1.00	       1.00	       1.00	       1.00	       1.00	       1.00	       1.00	       1.00	       1.00	       1.00	       1.00	       1.00	
 2024/12/19	    7.95	    8.06	    7.84	    8.03	        8866856	       8.12	       8.08	           	           	       8.58	       1.00	           	       0.00	       0.00	       0.00	       0.00	       0.00	          0	      88669	     109453	     132393	   98449.13	  134925.34	  146024.22	  144479.22	      18.79	      25.76	      27.87	      27.58	           	       1.00	       1.00	       1.00	       1.00	       1.00	       1.00	       1.00	       1.00	       1.00	       1.00	       1.00	       1.00	       1.00	       1.00	       1.00	       1.00	       1.00	       1.00	       1.00	       1.00	       1.00	       1.00	       1.00	       1.00	
 2024/12/20	    8.01	    8.13	    7.97	    8.11	        7653549	       8.12	       8.08	           	       8.08	       8.58	       1.00	           	       0.00	       0.00	       0.00	       0.00	       0.00	          0	      76535	      94066	     127012	   92442.98	  123115.16	  137846.44	  140226.09	      18.73	      24.94	      27.93	      28.41	           	       1.00	       1.00	       1.00	       1.00	       1.00	       1.00	       1.00	       1.00	       1.00	       1.00	       1.00	       1.00	       1.00	       1.00	       1.00	       1.00	       1.00	       1.00	       1.00	       1.00	       1.00	       1.00	       1.00	       1.00	
 2024/12/23	    8.11	    8.12	    7.74	    7.75	       11154084	       8.07	       8.05	           	           	           	       0.00	           	       0.00	       0.00	       0.00	       0.00	       0.00	          0	     111541	      96263	     126748	   88874.18	  123648.84	  132971.88	  137556.28	      18.40	      25.60	      27.53	      28.48	           	       1.00	       1.00	       1.00	       1.00	       1.00	       1.00	       1.00	       1.00	       1.00	       1.00	       1.00	       1.00	       1.00	       1.00	       1.00	       1.00	       1.00	       1.00	       1.00	       1.00	       1.00	       1.00	       1.00	       1.00	
 2024/12/24	    7.80	    7.98	    7.80	    7.91	        7574983	       8.05	       8.04	           	           	           	       0.00	       7.74	       1.00	       0.00	       0.00	       0.00	       0.00	          0	      75750	      86249	     117221	   88123.68	  101386.61	  126027.24	  132815.06	      19.65	      22.61	      28.11	      29.62	           	       1.00	       1.00	       1.00	       1.00	       1.00	       1.00	       1.00	       1.00	       1.00	       1.00	       1.00	       1.00	       1.00	       1.00	       1.00	       1.00	       1.00	       1.00	       1.00	       1.00	       1.00	       1.00	       1.00	       1.00	
 2024/12/25	    7.94	    8.13	    7.77	    7.99	       14170668	       8.04	       8.03	           	           	           	       0.00	       7.74	       1.00	       0.00	       0.00	       0.00	       0.00	          0	     141707	      98840	     120665	  101383.22	   99916.18	  124957.32	  130969.14	      22.17	      21.85	      27.33	      28.64	           	       1.00	       1.00	       1.00	       1.00	       1.00	       1.00	       1.00	       1.00	       1.00	       1.00	       1.00	       1.00	       1.00	       1.00	       1.00	       1.00	       1.00	       1.00	       1.00	       1.00	       1.00	       1.00	       1.00	       1.00	
 2024/12/26	    7.97	    8.16	    7.90	    8.13	       12010780	       8.05	       8.04	       8.05	       8.04	           	       0.00	       7.74	       1.00	       0.00	       0.00	       0.00	       0.00	          0	     120108	     105128	     107291	  112276.29	  102359.63	  124612.01	  128811.83	      23.99	      21.87	      26.62	      27.52	           	       1.00	       1.00	       1.00	       1.00	       1.00	       1.00	       1.00	       1.00	       1.00	       1.00	       1.00	       1.00	       1.00	       1.00	       1.00	       1.00	       1.00	       1.00	       1.00	       1.00	       1.00	       1.00	       1.00	       1.00	
 2024/12/27	    8.14	    8.22	    8.09	    8.18	       10384800	       8.07	       8.05	       8.07	       8.05	           	       0.00	           	       0.00	       0.00	       0.00	       0.00	       0.00	          0	     103848	     110591	     102329	  110353.08	   99613.63	  122088.92	  127885.52	      23.99	      21.66	      26.54	      27.80	           	       1.00	       1.00	       1.00	       1.00	       1.00	       1.00	       1.00	       1.00	       1.00	       1.00	       1.00	       1.00	       1.00	       1.00	       1.00	       1.00	       1.00	       1.00	       1.00	       1.00	       1.00	       1.00	       1.00	       1.00	
 2024/12/30	    8.19	    8.21	    7.94	    8.10	        8954788	       8.07	       8.06	       8.07	       8.06	       8.22	       1.00	           	       0.00	       0.00	       0.00	       0.00	       0.00	          0	      89548	     106192	     101227	  113802.59	  100963.13	  119538.98	  126849.28	      24.68	      21.89	      25.92	      27.51	           	       1.00	       1.00	       1.00	       1.00	       1.00	       1.00	       1.00	       1.00	       1.00	       1.00	       1.00	       1.00	       1.00	       1.00	       1.00	       1.00	       1.00	       1.00	       1.00	       1.00	       1.00	       1.00	       1.00	       1.00	
 2024/12/31	    8.13	    8.16	    7.89	    7.92	       10076616	       8.05	       8.05	           	           	       8.22	       1.00	           	       0.00	       0.00	       0.00	       0.00	       0.00	          0	     100766	     111195	      98722	  103567.45	  102475.33	  118700.34	  125922.86	      22.98	      22.74	      26.34	      27.94	           	       1.00	       1.00	       1.00	       1.00	       1.00	       1.00	       1.00	       1.00	       1.00	       1.00	       1.00	       1.00	       1.00	       1.00	       1.00	       1.00	       1.00	       1.00	       1.00	       1.00	       1.00	       1.00	       1.00	       1.00	
 2025/01/02	    7.92	    8.03	    7.65	    7.74	       10847592	       8.01	       8.02	           	           	       8.22	       1.00	           	       0.00	       0.00	       0.00	       0.00	       0.00	          0	     108476	     104549	     101695	  100659.49	  106467.89	  114791.53	  125087.14	      22.52	      23.82	      25.68	      27.98	           	       1.00	       1.00	       1.00	       1.00	       1.00	       1.00	       1.00	       1.00	       1.00	       1.00	       1.00	       1.00	       1.00	       1.00	       1.00	       1.00	       1.00	       1.00	       1.00	       1.00	       1.00	       1.00	       1.00	       1.00	
 2025/01/03	    7.79	    7.83	    7.39	    7.43	       10900903	       7.93	       7.96	           	           	       8.22	       1.00	           	       0.00	       0.00	       0.00	       0.00	       0.00	          0	     109009	     102329	     103729	  101949.75	  106151.41	  114900.14	  125225.76	      22.75	      23.68	      25.63	      27.94	           	       1.00	       1.00	       1.00	       1.00	       1.00	       1.00	       1.00	       1.00	       1.00	       1.00	       1.00	       1.00	       1.00	       1.00	       1.00	       1.00	       1.00	       1.00	       1.00	       1.00	       1.00	       1.00	       1.00	       1.00	
 2025/01/06	    7.34	    7.56	    7.16	    7.42	        9038184	       7.86	       7.92	           	           	           	       0.00	           	       0.00	       0.00	       0.00	       0.00	       0.00	          0	      90382	      99636	     105113	  102158.24	  107980.42	  104683.52	  124902.52	      23.23	      24.56	      23.81	      28.40	           	       1.00	       1.00	       1.00	       1.00	       1.00	       1.00	       1.00	       1.00	       1.00	       1.00	       1.00	       1.00	       1.00	       1.00	       1.00	       1.00	       1.00	       1.00	       1.00	       1.00	       1.00	       1.00	       1.00	       1.00	
 2025/01/07	    7.36	    7.58	    7.36	    7.57	        7719607	       7.83	       7.88	           	           	           	       0.00	       7.16	       1.00	       0.00	       0.00	       0.00	       0.00	          0	      77196	      97166	     101679	   96265.72	   99916.59	   99916.39	  124642.39	      22.88	      23.75	      23.75	      29.62	           	       1.00	       1.00	       1.00	       1.00	       1.00	       1.00	       1.00	       1.00	       1.00	       1.00	       1.00	       1.00	       1.00	       1.00	       1.00	       1.00	       1.00	       1.00	       1.00	       1.00	       1.00	       1.00	       1.00	       1.00	
 2025/01/08	    7.51	    7.53	    7.21	    7.44	        9503155	       7.77	       7.84	           	           	           	       0.00	       7.16	       1.00	       0.00	       0.00	       0.00	       0.00	          0	      95032	      96019	     103607	   92904.63	   96782.06	   99570.85	  123341.60	      22.52	      23.46	      24.13	      29.89	           	       1.00	       1.00	       1.00	       1.00	       1.00	       1.00	       1.00	       1.00	       1.00	       1.00	       1.00	       1.00	       1.00	       1.00	       1.00	       1.00	       1.00	       1.00	       1.00	       1.00	       1.00	       1.00	       1.00	       1.00	
 2025/01/09	    7.33	    7.66	    7.33	    7.56	        9278512	       7.75	       7.82	           	           	           	       0.00	       7.16	       1.00	       0.00	       0.00	       0.00	       0.00	          0	      92785	      92881	      98715	   88848.64	   95399.19	   97506.41	  122523.51	      21.98	      23.60	      24.12	      30.31	           	       1.00	       1.00	       1.00	       1.00	       1.00	       1.00	       1.00	       1.00	       1.00	       1.00	       1.00	       1.00	       1.00	       1.00	       1.00	       1.00	       1.00	       1.00	       1.00	       1.00	       1.00	       1.00	       1.00	       1.00	
 2025/01/10	    7.54	    8.23	    7.53	    7.74	       26289452	       7.74	       7.81	           	           	           	       0.00	       7.16	       1.00	       0.00	       0.00	       0.00	       0.00	          0	     262895	     123658	     112994	  131976.81	  117067.53	  109015.33	  128353.28	      27.13	      24.07	      22.41	      26.39	           	       1.00	       1.00	       1.00	       1.00	       1.00	       1.00	       1.00	       1.00	       1.00	       1.00	       1.00	       1.00	       1.00	       1.00	       1.00	       1.00	       1.00	       1.00	       1.00	       1.00	       1.00	       1.00	       1.00	       1.00	
 2025/01/13	    7.58	    8.53	    7.58	    8.53	       33084232	       7.85	       7.88	       7.85	       7.88	           	       0.00	       7.16	       1.00	       0.00	       0.00	       0.00	       0.00	          0	     330842	     171750	     135693	  195388.39	  145827.05	  124151.19	  135087.69	      32.54	      24.29	      20.68	      22.50	           	       1.00	       1.00	       1.00	       1.00	       1.00	       1.00	       1.00	       1.00	       1.00	       1.00	       1.00	       1.00	       1.00	       1.00	       1.00	       1.00	       1.00	       1.00	       1.00	       1.00	       1.00	       1.00	       1.00	       1.00	
 2025/01/14	    9.40	    9.40	    9.40	    9.40	       16288016	       8.06	       8.01	       8.06	       8.01	           	       0.00	       7.16	       1.00	       0.00	       0.00	       0.00	       0.00	          0	     162880	     188887	     143026	  212350.53	  152627.58	  129547.73	  133697.08	      33.80	      24.30	      20.62	      21.28	           	       1.00	       1.00	       1.00	       1.00	       1.00	       1.00	       1.00	       1.00	       1.00	       1.00	       1.00	       1.00	       1.00	       1.00	       1.00	       1.00	       1.00	       1.00	       1.00	       1.00	       1.00	       1.00	       1.00	       1.00	
 2025/01/15	    9.69	    9.99	    8.89	    8.98	      122675208	       8.18	       8.10	       8.18	       8.10	           	       0.00	           	       0.00	       0.00	       0.00	       0.00	       0.00	          0	    1226752	     415231	     255625	  495842.25	  292345.44	  199248.44	  166110.16	      42.98	      25.34	      17.27	      14.40	           	       1.00	       1.00	       1.00	       1.00	       1.00	       1.00	       1.00	       1.00	       1.00	       1.00	       1.00	       1.00	       1.00	       1.00	       1.00	       1.00	       1.00	       1.00	       1.00	       1.00	       1.00	       1.00	       1.00	       1.00	
 2025/01/16	    8.72	    9.17	    8.57	    8.85	       79032752	       8.27	       8.17	       8.27	       8.17	       9.99	       1.00	           	       0.00	       0.00	       0.00	       0.00	       0.00	          0	     790328	     554739	     323810	  627700.50	  379838.63	  243909.53	  184968.38	      43.70	      26.44	      16.98	      12.88	           	       1.00	       1.00	       1.00	       1.00	       1.00	       1.00	       1.00	       1.00	       1.00	       1.00	       1.00	       1.00	       1.00	       1.00	       1.00	       1.00	       1.00	       1.00	       1.00	       1.00	       1.00	       1.00	       1.00	       1.00	
 2025/01/17	    8.62	    8.84	    8.41	    8.42	       58174488	       8.29	       8.19	       8.29	       8.19	       9.99	       1.00	           	       0.00	       0.00	       0.00	       0.00	       0.00	          0	     581745	     618509	     371084	  690426.19	  442907.25	  271411.94	  198184.63	      43.07	      27.63	      16.93	      12.36	           	       1.00	       1.00	       1.00	       1.00	       1.00	       1.00	       1.00	       1.00	       1.00	       1.00	       1.00	       1.00	       1.00	       1.00	       1.00	       1.00	       1.00	       1.00	       1.00	       1.00	       1.00	       1.00	       1.00	       1.00	
 2025/01/20	    8.44	    8.67	    8.37	    8.58	       36553208	       8.33	       8.23	       8.33	       8.23	       9.99	       1.00	           	       0.00	       0.00	       0.00	       0.00	       0.00	          0	     365532	     625447	     398599	  741089.13	  476719.81	  286750.91	  205681.45	      43.33	      27.87	      16.77	      12.03	           	       1.00	       1.00	       1.00	       1.00	       1.00	       1.00	       1.00	       1.00	       1.00	       1.00	       1.00	       1.00	       1.00	       1.00	       1.00	       1.00	       1.00	       1.00	       1.00	       1.00	       1.00	       1.00	       1.00	       1.00	
 2025/01/21	    8.58	    8.77	    8.51	    8.74	       37785316	       8.38	       8.27	       8.38	       8.27	       9.99	       1.00	           	       0.00	       0.00	       0.00	       0.00	       0.00	          0	     377853	     668442	     428664	  528864.38	  512353.31	  303876.25	  212982.58	      33.94	      32.88	      19.50	      13.67	           	       1.00	       1.00	       1.00	       1.00	       1.00	       1.00	       1.00	       1.00	       1.00	       1.00	       1.00	       1.00	       1.00	       1.00	       1.00	       1.00	       1.00	       1.00	       1.00	       1.00	       1.00	       1.00	       1.00	       1.00	
 2025/01/22	    8.73	    8.74	    8.43	    8.44	       28021944	       8.39	       8.29	       8.39	       8.29	       9.99	       1.00	           	       0.00	       0.00	       0.00	       0.00	       0.00	          0	     280219	     479135	     447183	  401337.41	  514518.94	  315793.22	  217666.09	      27.69	      35.50	      21.79	      15.02	           	       1.00	       1.00	       1.00	       1.00	       1.00	       1.00	       1.00	       1.00	       1.00	       1.00	       1.00	       1.00	       1.00	       1.00	       1.00	       1.00	       1.00	       1.00	       1.00	       1.00	       1.00	       1.00	       1.00	       1.00	
 2025/01/23	    8.54	    8.68	    8.46	    8.46	       33645252	       8.40	       8.31	       8.40	       8.31	       9.99	       1.00	           	       0.00	       0.00	       0.00	       0.00	       0.00	          0	     336453	     388360	     471550	  340014.31	  515220.22	  330523.63	  224611.98	      24.11	      36.53	      23.44	      15.93	           	       1.00	       1.00	       1.00	       1.00	       1.00	       1.00	       1.00	       1.00	       1.00	       1.00	       1.00	       1.00	       1.00	       1.00	       1.00	       1.00	       1.00	       1.00	       1.00	       1.00	       1.00	       1.00	       1.00	       1.00	
 2025/01/24	    8.40	    8.74	    8.36	    8.74	       38479900	       8.45	       8.34	       8.45	       8.34	       9.99	       1.00	           	       0.00	       0.00	       0.00	       0.00	       0.00	          0	     384799	     348971	     483740	  344831.03	  542960.06	  347793.81	  231292.67	      23.51	      37.01	      23.71	      15.77	           	       1.00	       1.00	       1.00	       1.00	       1.00	       1.00	       1.00	       1.00	       1.00	       1.00	       1.00	       1.00	       1.00	       1.00	       1.00	       1.00	       1.00	       1.00	       1.00	       1.00	       1.00	       1.00	       1.00	       1.00	
 2025/01/27	    8.77	    8.84	    8.49	    8.52	       22656640	       8.46	       8.36	       8.46	       8.36	           	       0.00	           	       0.00	       0.00	       0.00	       0.00	       0.00	          0	     226566	     321178	     473313	  307009.31	  417936.88	  355141.16	  235020.64	      23.34	      31.78	      27.00	      17.87	           	       1.00	       1.00	       1.00	       1.00	       1.00	       1.00	       1.00	       1.00	       1.00	       1.00	       1.00	       1.00	       1.00	       1.00	       1.00	       1.00	       1.00	       1.00	       1.00	       1.00	       1.00	       1.00	       1.00	       1.00	
 2025/02/05	    8.52	    8.56	    8.32	    8.40	       25241464	       8.45	       8.36	           	       8.36	       8.84	       1.00	           	       0.00	       0.00	       0.00	       0.00	       0.00	          0	     252415	     296090	     482266	  300058.16	  350697.75	  365268.19	  234975.86	      23.99	      28.03	      29.20	      18.78	           	       1.00	       1.00	       1.00	       1.00	       1.00	       1.00	       1.00	       1.00	       1.00	       1.00	       1.00	       1.00	       1.00	       1.00	       1.00	       1.00	       1.00	       1.00	       1.00	       1.00	       1.00	       1.00	       1.00	       1.00	
 2025/02/06	    8.35	    8.79	    8.30	    8.76	       32469520	       8.49	       8.40	       8.49	       8.40	           	       0.00	           	       0.00	       0.00	       0.00	       0.00	       0.00	          0	     324695	     304986	     392061	  297118.81	  318566.56	  380736.91	  240326.66	      24.02	      25.76	      30.79	      19.43	           	       1.00	       1.00	       1.00	       1.00	       1.00	       1.00	       1.00	       1.00	       1.00	       1.00	       1.00	       1.00	       1.00	       1.00	       1.00	       1.00	       1.00	       1.00	       1.00	       1.00	       1.00	       1.00	       1.00	       1.00	
 2025/02/07	    8.77	    8.82	    8.59	    8.72	       33902160	       8.52	       8.43	       8.52	       8.43	           	       0.00	       8.30	       1.00	       0.00	       0.00	       0.00	       0.00	          0	     339022	     305499	     346930	  285674.44	  315252.75	  395986.28	  247778.58	      22.95	      25.33	      31.81	      19.91	           	       1.00	       1.00	       1.00	       1.00	       1.00	       1.00	       1.00	       1.00	       1.00	       1.00	       1.00	       1.00	       1.00	       1.00	       1.00	       1.00	       1.00	       1.00	       1.00	       1.00	       1.00	       1.00	       1.00	       1.00	
 2025/02/10	    8.72	    8.74	    8.56	    8.69	       23738592	       8.54	       8.45	       8.54	       8.45	           	       0.00	       8.30	       1.00	       0.00	       0.00	       0.00	       0.00	          0	     237386	     276017	     312494	  288379.34	  297694.34	  405023.84	  251265.14	      23.21	      23.96	      32.60	      20.22	           	       1.00	       1.00	       1.00	       1.00	       1.00	       1.00	       1.00	       1.00	       1.00	       1.00	       1.00	       1.00	       1.00	       1.00	       1.00	       1.00	       1.00	       1.00	       1.00	       1.00	       1.00	       1.00	       1.00	       1.00	
 2025/02/11	    8.68	    8.78	    8.60	    8.70	       23198408	       8.56	       8.48	       8.56	       8.48	           	       0.00	       8.30	       1.00	       0.00	       0.00	       0.00	       0.00	          0	     231984	     277100	     299139	  283271.69	  291664.91	  403091.94	  256053.64	      22.95	      23.63	      32.66	      20.75	           	       1.00	       1.00	       1.00	       1.00	       1.00	       1.00	       1.00	       1.00	       1.00	       1.00	       1.00	       1.00	       1.00	       1.00	       1.00	       1.00	       1.00	       1.00	       1.00	       1.00	       1.00	       1.00	       1.00	       1.00	
 2025/02/12	    8.72	    8.74	    8.59	    8.69	       22191476	       8.58	       8.49	       8.58	       8.49	           	       0.00	       8.30	       1.00	       0.00	       0.00	       0.00	       0.00	          0	     221915	     271000	     283545	  257576.59	  277347.69	  396283.94	  260217.58	      21.62	      23.28	      33.26	      21.84	           	       1.00	       1.00	       1.00	       1.00	       1.00	       1.00	       1.00	       1.00	       1.00	       1.00	       1.00	       1.00	       1.00	       1.00	       1.00	       1.00	       1.00	       1.00	       1.00	       1.00	       1.00	       1.00	       1.00	       1.00	
 2025/02/13	    8.64	    8.93	    8.64	    8.72	       40646256	       8.60	       8.52	       8.60	       8.52	           	       0.00	       8.30	       1.00	       0.00	       0.00	       0.00	       0.00	          0	     406463	     287354	     296170	  274436.81	  280055.63	  411507.84	  270527.81	      22.19	      22.65	      33.28	      21.88	           	       1.00	       1.00	       1.00	       1.00	       1.00	       1.00	       1.00	       1.00	       1.00	       1.00	       1.00	       1.00	       1.00	       1.00	       1.00	       1.00	       1.00	       1.00	       1.00	       1.00	       1.00	       1.00	       1.00	       1.00	
 2025/02/14	    8.71	    9.12	    8.68	    9.09	       55329544	       8.66	       8.57	       8.66	       8.57	           	       0.00	           	       0.00	       0.00	       0.00	       0.00	       0.00	          0	     553295	     330209	     317854	  353414.22	  320896.78	  369416.84	  284332.66	      26.61	      24.16	      27.82	      21.41	           	       1.00	       1.00	       1.00	       1.00	       1.00	       1.00	       1.00	       1.00	       1.00	       1.00	       1.00	       1.00	       1.00	       1.00	       1.00	       1.00	       1.00	       1.00	       1.00	       1.00	       1.00	       1.00	       1.00	       1.00	
 2025/02/17	    9.04	    9.04	    8.82	    8.93	       42474408	       8.70	       8.60	       8.70	       8.60	       9.12	       1.00	           	       0.00	       0.00	       0.00	       0.00	       0.00	          0	     424744	     367680	     321848	  401604.19	  342437.94	  346567.84	  295238.72	      28.98	      24.71	      25.01	      21.30	           	       1.00	       1.00	       1.00	       1.00	       1.00	       1.00	       1.00	       1.00	       1.00	       1.00	       1.00	       1.00	       1.00	       1.00	       1.00	       1.00	       1.00	       1.00	       1.00	       1.00	       1.00	       1.00	       1.00	       1.00	
 2025/02/18	    8.87	    8.93	    8.55	    8.56	       30982148	       8.68	       8.60	           	           	       9.12	       1.00	           	       0.00	       0.00	       0.00	       0.00	       0.00	          0	     309821	     383248	     330174	  423580.88	  340578.72	  329572.66	  300492.31	      30.38	      24.43	      23.64	      21.55	           	       1.00	       1.00	       1.00	       1.00	       1.00	       1.00	       1.00	       1.00	       1.00	       1.00	       1.00	       1.00	       1.00	       1.00	       1.00	       1.00	       1.00	       1.00	       1.00	       1.00	       1.00	       1.00	       1.00	       1.00	
 2025/02/19	    8.53	    8.86	    8.49	    8.81	       31917032	       8.70	       8.62	       8.70	       8.62	           	       0.00	           	       0.00	       0.00	       0.00	       0.00	       0.00	          0	     319170	     402699	     336850	  401757.81	  338097.31	  326675.03	  306713.00	      29.26	      24.62	      23.79	      22.33	           	       1.00	       1.00	       1.00	       1.00	       1.00	       1.00	       1.00	       1.00	       1.00	       1.00	       1.00	       1.00	       1.00	       1.00	       1.00	       1.00	       1.00	       1.00	       1.00	       1.00	       1.00	       1.00	       1.00	       1.00	
 2025/02/20	    8.79	    8.89	    8.75	    8.77	       21302544	       8.71	       8.63	       8.71	       8.63	           	       0.00	       8.49	       1.00	       0.00	       0.00	       0.00	       0.00	          0	     213025	     364011	     325683	  316690.34	  335052.25	  316373.31	  310124.81	      24.78	      26.21	      24.75	      24.26	           	       1.00	       1.00	       1.00	       1.00	       1.00	       1.00	       1.00	       1.00	       1.00	       1.00	       1.00	       1.00	       1.00	       1.00	       1.00	       1.00	       1.00	       1.00	       1.00	       1.00	       1.00	       1.00	       1.00	       1.00	
 2025/02/21	    8.72	    8.86	    8.70	    8.86	       23415356	       8.73	       8.65	       8.73	       8.65	           	       0.00	       8.49	       1.00	       0.00	       0.00	       0.00	       0.00	          0	     234154	     300183	     315196	  269042.69	  335323.44	  313494.19	  314643.72	      21.83	      27.21	      25.44	      25.53	           	       1.00	       1.00	       1.00	       1.00	       1.00	       1.00	       1.00	       1.00	       1.00	       1.00	       1.00	       1.00	       1.00	       1.00	       1.00	       1.00	       1.00	       1.00	       1.00	       1.00	       1.00	       1.00	       1.00	       1.00	
 2025/02/24	    8.86	    9.17	    8.64	    9.10	       41077136	       8.78	       8.69	       8.78	       8.69	           	       0.00	       8.49	       1.00	       0.00	       0.00	       0.00	       0.00	          0	     410771	     297388	     332534	  294280.19	  358930.53	  318139.09	  324331.38	      22.71	      27.70	      24.55	      25.03	           	       1.00	       1.00	       1.00	       1.00	       1.00	       1.00	       1.00	       1.00	       1.00	       1.00	       1.00	       1.00	       1.00	       1.00	       1.00	       1.00	       1.00	       1.00	       1.00	       1.00	       1.00	       1.00	       1.00	       1.00	
 2025/02/25	    8.96	    9.51	    8.95	    9.39	       51898540	       8.86	       8.76	       8.86	       8.76	           	       0.00	       8.49	       1.00	       0.00	       0.00	       0.00	       0.00	          0	     518985	     339221	     361234	  344233.94	  372995.88	  326525.75	  337159.81	      24.93	      27.01	      23.65	      24.42	           	       1.00	       1.00	       1.00	       1.00	       1.00	       1.00	       1.00	       1.00	       1.00	       1.00	       1.00	       1.00	       1.00	       1.00	       1.00	       1.00	       1.00	       1.00	       1.00	       1.00	       1.00	       1.00	       1.00	       1.00	
 2025/02/26	    9.34	    9.98	    9.30	    9.57	       57364160	       8.95	       8.83	       8.95	       8.83	           	       0.00	           	       0.00	       0.00	       0.00	       0.00	       0.00	          0	     573642	     390116	     396407	  434388.00	  375539.16	  348217.94	  351679.56	      28.77	      24.87	      23.06	      23.29	           	       1.00	       1.00	       1.00	       1.00	       1.00	       1.00	       1.00	       1.00	       1.00	       1.00	       1.00	       1.00	       1.00	       1.00	       1.00	       1.00	       1.00	       1.00	       1.00	       1.00	       1.00	       1.00	       1.00	       1.00	
 2025/02/27	    9.57	    9.69	    9.30	    9.41	       34081584	       9.01	       8.88	       9.01	       8.88	       9.98	       1.00	           	       0.00	       0.00	       0.00	       0.00	       0.00	          0	     340816	     415674	     389842	  461053.56	  365048.13	  353743.03	  359505.63	      29.95	      23.71	      22.98	      23.35	           	       1.00	       1.00	       1.00	       1.00	       1.00	       1.00	       1.00	       1.00	       1.00	       1.00	       1.00	       1.00	       1.00	       1.00	       1.00	       1.00	       1.00	       1.00	       1.00	       1.00	       1.00	       1.00	       1.00	       1.00	
 2025/02/28	    9.42	    9.56	    8.97	    8.99	       29471336	       9.01	       8.89	           	       8.89	       9.98	       1.00	           	       0.00	       0.00	       0.00	       0.00	       0.00	          0	     294713	     427786	     363984	  432039.06	  363159.59	  351869.19	  366303.06	      28.55	      24.00	      23.25	      24.20	           	       1.00	       1.00	       1.00	       1.00	       1.00	       1.00	       1.00	       1.00	       1.00	       1.00	       1.00	       1.00	       1.00	       1.00	       1.00	       1.00	       1.00	       1.00	       1.00	       1.00	       1.00	       1.00	       1.00	       1.00	
 2025/03/03	    9.08	    9.15	    8.91	    8.98	       21147436	       9.01	       8.90	           	       8.90	       9.98	       1.00	           	       0.00	       0.00	       0.00	       0.00	       0.00	          0	     211474	     387926	     342657	  355161.31	  349697.63	  343897.47	  369941.88	      25.03	      24.65	      24.24	      26.08	           	       1.00	       1.00	       1.00	       1.00	       1.00	       1.00	       1.00	       1.00	       1.00	       1.00	       1.00	       1.00	       1.00	       1.00	       1.00	       1.00	       1.00	       1.00	       1.00	       1.00	       1.00	       1.00	       1.00	       1.00	
 2025/03/04	    8.89	    9.11	    8.85	    9.04	       16043835	       9.01	       8.91	       9.01	       8.91	           	       0.00	           	       0.00	       0.00	       0.00	       0.00	       0.00	          0	     160438	     316217	     327719	  251860.47	  343124.25	  339088.25	  372056.03	      19.28	      26.27	      25.96	      28.49	           	       1.00	       1.00	       1.00	       1.00	       1.00	       1.00	       1.00	       1.00	       1.00	       1.00	       1.00	       1.00	       1.00	       1.00	       1.00	       1.00	       1.00	       1.00	       1.00	       1.00	       1.00	       1.00	       1.00	       1.00	
 2025/03/05	    8.98	    9.29	    8.98	    9.28	       21734534	       9.05	       8.95	       9.05	       8.95	           	       0.00	       8.85	       1.00	       0.00	       0.00	       0.00	       0.00	          0	     217345	     244957	     317536	  220992.86	  341023.19	  338173.34	  370632.63	      17.39	      26.83	      26.61	      29.16	           	       1.00	       1.00	       1.00	       1.00	       1.00	       1.00	       1.00	       1.00	       1.00	       1.00	       1.00	       1.00	       1.00	       1.00	       1.00	       1.00	       1.00	       1.00	       1.00	       1.00	       1.00	       1.00	       1.00	       1.00	
 2025/03/06	    9.28	    9.39	    9.23	    9.30	       23803448	       9.08	       8.98	       9.08	       8.98	           	       0.00	       8.85	       1.00	       0.00	       0.00	       0.00	       0.00	          0	     238034	     224401	     320037	  206823.13	  319431.09	  339180.81	  367732.38	      16.77	      25.90	      27.50	      29.82	           	       1.00	       1.00	       1.00	       1.00	       1.00	       1.00	       1.00	       1.00	       1.00	       1.00	       1.00	       1.00	       1.00	       1.00	       1.00	       1.00	       1.00	       1.00	       1.00	       1.00	       1.00	       1.00	       1.00	       1.00	
 2025/03/07	    9.30	   10.25	    9.24	   10.25	       27284196	       9.24	       9.09	       9.24	       9.09	           	       0.00	       8.85	       1.00	       0.00	       0.00	       0.00	       0.00	          0	     272842	     220027	     323906	  222165.03	  288663.19	  330829.53	  371168.69	      18.32	      23.80	      27.28	      30.60	           	       1.00	       1.00	       1.00	       1.00	       1.00	       1.00	       1.00	       1.00	       1.00	       1.00	       1.00	       1.00	       1.00	       1.00	       1.00	       1.00	       1.00	       1.00	       1.00	       1.00	       1.00	       1.00	       1.00	       1.00	
 2025/03/10	   10.82	   10.82	   10.14	   10.23	       92731568	       9.37	       9.20	       9.37	       9.20	           	       0.00	           	       0.00	       0.00	       0.00	       0.00	       0.00	          0	     927316	     363195	     375561	  413884.38	  332872.41	  354205.81	  361811.31	      28.29	      22.76	      24.21	      24.73	           	       1.00	       1.00	       1.00	       1.00	       1.00	       1.00	       1.00	       1.00	       1.00	       1.00	       1.00	       1.00	       1.00	       1.00	       1.00	       1.00	       1.00	       1.00	       1.00	       1.00	       1.00	       1.00	       1.00	       1.00	
 2025/03/11	    9.98	   10.46	    9.98	   10.15	       51153840	       9.47	       9.28	       9.47	       9.28	      10.82	       1.00	           	       0.00	       0.00	       0.00	       0.00	       0.00	          0	     511538	     433415	     374816	  487432.66	  354212.75	  359630.47	  353099.16	      31.36	      22.79	      23.14	      22.72	           	       1.00	       1.00	       1.00	       1.00	       1.00	       1.00	       1.00	       1.00	       1.00	       1.00	       1.00	       1.00	       1.00	       1.00	       1.00	       1.00	       1.00	       1.00	       1.00	       1.00	       1.00	       1.00	       1.00	       1.00	
 2025/03/12	   10.28	   10.49	   10.18	   10.21	       42284644	       9.57	       9.37	       9.57	       9.37	      10.82	       1.00	           	       0.00	       0.00	       0.00	       0.00	       0.00	          0	     422846	     474515	     359736	  533635.63	  370229.34	  366694.50	  348133.56	      32.97	      22.87	      22.65	      21.51	           	       1.00	       1.00	       1.00	       1.00	       1.00	       1.00	       1.00	       1.00	       1.00	       1.00	       1.00	       1.00	       1.00	       1.00	       1.00	       1.00	       1.00	       1.00	       1.00	       1.00	       1.00	       1.00	       1.00	       1.00	
 2025/03/13	   10.21	   10.37	    9.76	    9.86	       37240220	       9.61	       9.41	       9.61	       9.41	      10.82	       1.00	           	       0.00	       0.00	       0.00	       0.00	       0.00	          0	     372402	     501389	     362895	  558525.69	  390345.34	  370021.50	  348348.28	      33.50	      23.41	      22.19	      20.89	           	       1.00	       1.00	       1.00	       1.00	       1.00	       1.00	       1.00	       1.00	       1.00	       1.00	       1.00	       1.00	       1.00	       1.00	       1.00	       1.00	       1.00	       1.00	       1.00	       1.00	       1.00	       1.00	       1.00	       1.00	
 2025/03/14	    9.94	   10.08	    9.71	   10.03	       24361612	       9.67	       9.47	       9.67	       9.47	      10.82	       1.00	           	       0.00	       0.00	       0.00	       0.00	       0.00	          0	     243616	     495544	     357785	  387600.78	  400742.56	  371933.41	  344153.38	      25.76	      26.64	      24.72	      22.88	           	       1.00	       1.00	       1.00	       1.00	       1.00	       1.00	       1.00	       1.00	       1.00	       1.00	       1.00	       1.00	       1.00	       1.00	       1.00	       1.00	       1.00	       1.00	       1.00	       1.00	       1.00	       1.00	       1.00	       1.00	
 2025/03/17	    9.95	   10.32	    9.86	   10.29	       32030108	       9.75	       9.54	       9.75	       9.54	      10.82	       1.00	           	       0.00	       0.00	       0.00	       0.00	       0.00	          0	     320301	     374141	     368668	  339791.47	  413612.06	  377317.63	  345405.94	      23.02	      28.02	      25.56	      23.40	  178871.22	       1.00	       1.00	       1.00	       1.00	       1.00	       1.00	       1.00	       1.00	       1.00	       1.00	       1.00	       1.00	       1.00	       1.00	       1.00	       1.00	       1.00	       1.00	       1.00	       1.00	       1.00	       1.00	       1.00	       1.00	
 2025/03/18	   10.29	   10.43	   10.20	   10.42	       32271428	       9.84	       9.62	       9.84	       9.62	      10.82	       1.00	           	       0.00	       0.00	       0.00	       0.00	       0.00	          0	     322714	     336376	     384896	  314758.44	  424197.06	  371814.09	  344976.63	      21.62	      29.14	      25.54	      23.70	  180417.17	       1.00	       1.00	       1.00	       1.00	       1.00	       1.00	       1.00	       1.00	       1.00	       1.00	       1.00	       1.00	       1.00	       1.00	       1.00	       1.00	       1.00	       1.00	       1.00	       1.00	       1.00	       1.00	       1.00	       1.00	
 2025/03/19	   10.39	   10.40	   10.21	   10.31	       24716524	       9.90	       9.69	       9.90	       9.69	      10.82	       1.00	           	       0.00	       0.00	       0.00	       0.00	       0.00	          0	     247165	     301240	     387878	  283449.19	  420987.47	  354825.34	  340675.59	      20.25	      30.07	      25.35	      24.34	  181409.69	       1.00	       1.00	       1.00	       1.00	       1.00	       1.00	       1.00	       1.00	       1.00	       1.00	       1.00	       1.00	       1.00	       1.00	       1.00	       1.00	       1.00	       1.00	       1.00	       1.00	       1.00	       1.00	       1.00	       1.00	
 2025/03/20	   10.27	   10.94	   10.20	   10.70	       52983372	      10.01	       9.78	      10.01	       9.78	           	       0.00	           	       0.00	       0.00	       0.00	       0.00	       0.00	          0	     529834	     332726	     417058	  355003.59	  371302.22	  352087.38	  350152.72	      24.85	      25.99	      24.65	      24.51	  184100.42	       1.00	       1.00	       1.00	       1.00	       1.00	       1.00	       1.00	       1.00	       1.00	       1.00	       1.00	       1.00	       1.00	       1.00	       1.00	       1.00	       1.00	       1.00	       1.00	       1.00	       1.00	       1.00	       1.00	       1.00	
 2025/03/21	   10.69	   10.81	   10.17	   10.17	       40173600	      10.03	       9.81	      10.03	       9.81	      10.94	       1.00	           	       0.00	       0.00	       0.00	       0.00	       0.00	          0	     401736	     364350	     429947	  375362.31	  357576.91	  355894.88	  354818.97	      26.00	      24.77	      24.65	      24.58	  185897.69	       1.00	       1.00	       1.00	       1.00	       1.00	       1.00	       1.00	       1.00	       1.00	       1.00	       1.00	       1.00	       1.00	       1.00	       1.00	       1.00	       1.00	       1.00	       1.00	       1.00	       1.00	       1.00	       1.00	       1.00	
 2025/03/24	   10.17	   10.29	    9.61	    9.90	       31541740	      10.01	       9.82	           	       9.82	      10.94	       1.00	           	       0.00	       0.00	       0.00	       0.00	       0.00	          0	     315417	     363373	     368757	  373538.09	  344148.28	  357188.88	  354529.03	      26.13	      24.08	      24.99	      24.80	  187242.27	       1.00	       1.00	       1.00	       1.00	       1.00	       1.00	       1.00	       1.00	       1.00	       1.00	       1.00	       1.00	       1.00	       1.00	       1.00	       1.00	       1.00	       1.00	       1.00	       1.00	       1.00	       1.00	       1.00	       1.00	
 2025/03/25	    9.84	    9.98	    9.70	    9.78	       16578712	       9.98	       9.82	           	           	      10.94	       1.00	           	       0.00	       0.00	       0.00	       0.00	       0.00	          0	     165787	     331988	     334182	  353193.56	  318321.38	  354333.41	  349115.44	      25.69	      23.15	      25.77	      25.39	  187775.98	       1.00	       1.00	       1.00	       1.00	       1.00	       1.00	       1.00	       1.00	       1.00	       1.00	       1.00	       1.00	       1.00	       1.00	       1.00	       1.00	       1.00	       1.00	       1.00	       1.00	       1.00	       1.00	       1.00	       1.00	
 2025/03/26	    9.67	   10.11	    9.66	    9.97	       18087832	       9.98	       9.83	           	       9.83	      10.94	       1.00	           	       0.00	       0.00	       0.00	       0.00	       0.00	          0	     180878	     318731	     309985	  265954.72	  310479.16	  355610.91	  347349.56	      20.79	      24.27	      27.80	      27.15	  188385.86	       1.00	       1.00	       1.00	       1.00	       1.00	       1.00	       1.00	       1.00	       1.00	       1.00	       1.00	       1.00	       1.00	       1.00	       1.00	       1.00	       1.00	       1.00	       1.00	       1.00	       1.00	       1.00	       1.00	       1.00	
 2025/03/27	    9.94	    9.96	    9.63	    9.65	       18769232	       9.94	       9.81	           	           	      10.94	       1.00	           	       0.00	       0.00	       0.00	       0.00	       0.00	          0	     187692	     250302	     291514	  212443.78	  293903.06	  353757.53	  345965.44	      17.61	      24.37	      29.33	      28.69	  189110.17	       1.00	       1.00	       1.00	       1.00	       1.00	       1.00	       1.00	       1.00	       1.00	       1.00	       1.00	       1.00	       1.00	       1.00	       1.00	       1.00	       1.00	       1.00	       1.00	       1.00	       1.00	       1.00	       1.00	       1.00	
 2025/03/28	    9.69	    9.73	    9.40	    9.41	       20141236	       9.87	       9.78	           	           	      10.94	       1.00	           	       0.00	       0.00	       0.00	       0.00	       0.00	          0	     201412	     210238	     287294	  183942.53	  278740.31	  351468.66	  345324.72	      15.86	      24.04	      30.31	      29.78	  189880.11	       1.00	       1.00	       1.00	       1.00	       1.00	       1.00	       1.00	       1.00	       1.00	       1.00	       1.00	       1.00	       1.00	       1.00	       1.00	       1.00	       1.00	       1.00	       1.00	       1.00	       1.00	       1.00	       1.00	       1.00	
 2025/03/31	    9.37	    9.41	    9.01	    9.23	       17087080	       9.78	       9.73	           	           	      10.94	       1.00	           	       0.00	       0.00	       0.00	       0.00	       0.00	          0	     170871	     181328	     272351	  185213.45	  269203.50	  345095.44	  337962.47	      16.28	      23.67	      30.34	      29.71	  190468.22	       1.00	       1.00	       1.00	       1.00	       1.00	       1.00	       1.00	       1.00	       1.00	       1.00	       1.00	       1.00	       1.00	       1.00	       1.00	       1.00	       1.00	       1.00	       1.00	       1.00	       1.00	       1.00	       1.00	       1.00	
 2025/04/01	    9.31	    9.38	    9.19	    9.26	       11322520	       9.71	       9.69	           	           	      10.94	       1.00	           	       0.00	       0.00	       0.00	       0.00	       0.00	          0	     113225	     170816	     251402	  168300.17	  217127.44	  294214.81	  324210.28	      16.77	      21.63	      29.31	      32.30	  190673.20	       1.00	       1.00	       1.00	       1.00	       1.00	       1.00	       1.00	       1.00	       1.00	       1.00	       1.00	       1.00	       1.00	       1.00	       1.00	       1.00	       1.00	       1.00	       1.00	       1.00	       1.00	       1.00	       1.00	       1.00	
 2025/04/02	    9.22	    9.53	    9.16	    9.41	       12495744	       9.67	       9.66	           	           	      10.94	       1.00	           	       0.00	       0.00	       0.00	       0.00	       0.00	          0	     124957	     159632	     239181	  152616.45	  182530.11	  270053.47	  314841.94	      16.59	      19.84	      29.35	      34.22	  191015.31	       1.00	       1.00	       1.00	       1.00	       1.00	       1.00	       1.00	       1.00	       1.00	       1.00	       1.00	       1.00	       1.00	       1.00	       1.00	       1.00	       1.00	       1.00	       1.00	       1.00	       1.00	       1.00	       1.00	       1.00	
 2025/04/03	    9.25	    9.37	    8.95	    9.03	       15400100	       9.59	       9.60	           	           	      10.94	       1.00	           	       0.00	       0.00	       0.00	       0.00	       0.00	          0	     154001	     152893	     201598	  140763.61	  162353.08	  253250.67	  309972.56	      16.25	      18.74	      29.23	      35.78	  191562.58	       1.00	       1.00	       1.00	       1.00	       1.00	       1.00	       1.00	       1.00	       1.00	       1.00	       1.00	       1.00	       1.00	       1.00	       1.00	       1.00	       1.00	       1.00	       1.00	       1.00	       1.00	       1.00	       1.00	       1.00	
 2025/04/07	    8.16	    8.36	    8.11	    8.11	        8212300	       9.39	       9.47	           	           	      10.94	       1.00	           	       0.00	       0.00	       0.00	       0.00	       0.00	          0	      82123	     129035	     169637	  118576.66	  151895.06	  235108.22	  302564.84	      14.67	      18.80	      29.09	      37.44	  191692.31	       1.00	       1.00	       1.00	       1.00	       1.00	       1.00	       1.00	       1.00	       1.00	       1.00	       1.00	       1.00	       1.00	       1.00	       1.00	       1.00	       1.00	       1.00	       1.00	       1.00	       1.00	       1.00	       1.00	       1.00	
 2025/04/08	    7.74	    7.98	    7.28	    7.56	       33893636	       9.15	       9.29	           	           	      10.94	       1.00	           	       0.00	       0.00	       0.00	       0.00	       0.00	          0	     338936	     162649	     171988	  175004.45	  171652.31	  241065.72	  306499.56	      19.57	      19.20	      26.96	      34.28	  193162.58	       1.00	       1.00	       1.00	       1.00	       1.00	       1.00	       1.00	       1.00	       1.00	       1.00	       1.00	       1.00	       1.00	       1.00	       1.00	       1.00	       1.00	       1.00	       1.00	       1.00	       1.00	       1.00	       1.00	       1.00	
 2025/04/09	    7.34	    7.72	    6.84	    7.61	       25217272	       8.94	       9.14	           	           	           	       0.00	           	       0.00	       0.00	       0.00	       0.00	       0.00	          0	     252173	     190438	     180627	  206808.28	  179712.36	  236807.70	  307062.66	      22.23	      19.32	      25.45	      33.00	  194252.33	       1.00	       1.00	       1.00	       1.00	       1.00	       1.00	       1.00	       1.00	       1.00	       1.00	       1.00	       1.00	       1.00	       1.00	       1.00	       1.00	       1.00	       1.00	       1.00	       1.00	       1.00	       1.00	       1.00	       1.00	
 2025/04/10	    7.83	    8.07	    7.83	    7.84	       20767236	       8.79	       9.02	           	           	           	       0.00	       6.84	       1.00	       0.00	       0.00	       0.00	       0.00	          0	     207672	     206981	     183306	  220226.11	  180494.86	  229617.59	  300715.84	      23.65	      19.39	      24.66	      32.30	  194682.42	       1.00	       1.00	       1.00	       1.00	       1.00	       1.00	       1.00	       1.00	       1.00	       1.00	       1.00	       1.00	       1.00	       1.00	       1.00	       1.00	       1.00	       1.00	       1.00	       1.00	       1.00	       1.00	       1.00	       1.00	
 2025/04/11	    7.74	    8.02	    7.67	    7.93	       13804795	       8.68	       8.92	           	           	           	       0.00	       6.84	       1.00	       0.00	       0.00	       0.00	       0.00	          0	     138048	     203790	     178342	  234207.34	  176392.00	  222797.77	  288811.56	      25.40	      19.13	      24.16	      31.32	  194999.27	       1.00	       1.00	       1.00	       1.00	       1.00	       1.00	       1.00	       1.00	       1.00	       1.00	       1.00	       1.00	       1.00	       1.00	       1.00	       1.00	       1.00	       1.00	       1.00	       1.00	       1.00	       1.00	       1.00	       1.00	
 2025/04/14	    8.13	    8.21	    8.02	    8.11	       11304176	       8.60	       8.85	           	           	           	       0.00	       6.84	       1.00	       0.00	       0.00	       0.00	       0.00	          0	     113042	     209974	     169505	  177733.69	  176369.06	  196748.25	  274417.78	      21.54	      21.37	      23.84	      33.25	  195318.52	       1.00	       1.00	       1.00	       1.00	       1.00	       1.00	       1.00	       1.00	       1.00	       1.00	       1.00	       1.00	       1.00	       1.00	       1.00	       1.00	       1.00	       1.00	       1.00	       1.00	       1.00	       1.00	       1.00	       1.00	
 2025/04/15	    8.11	    8.26	    8.08	    8.17	       10923732	       8.55	       8.79	           	           	           	       0.00	       6.84	       1.00	       0.00	       0.00	       0.00	       0.00	          0	     109237	     164034	     163342	  141999.84	  174404.06	  178467.09	  267180.97	      18.63	      22.89	      23.42	      35.06	  195608.14	       1.00	       1.00	       1.00	       1.00	       1.00	       1.00	       1.00	       1.00	       1.00	       1.00	       1.00	       1.00	       1.00	       1.00	       1.00	       1.00	       1.00	       1.00	       1.00	       1.00	       1.00	       1.00	       1.00	       1.00	
 2025/04/16	    8.11	    8.16	    7.74	    7.99	       16168156	       8.47	       8.72	           	           	           	       0.00	       6.84	       1.00	       0.00	       0.00	       0.00	       0.00	          0	     161682	     145936	     168187	  130502.14	  175364.13	  168858.59	  263023.72	      17.69	      23.77	      22.89	      35.65	  196214.64	       1.00	       1.00	       1.00	       1.00	       1.00	       1.00	       1.00	       1.00	       1.00	       1.00	       1.00	       1.00	       1.00	       1.00	       1.00	       1.00	       1.00	       1.00	       1.00	       1.00	       1.00	       1.00	       1.00	       1.00	
 2025/04/17	    7.90	    8.19	    7.90	    8.05	       10312027	       8.41	       8.65	           	           	           	       0.00	       6.84	       1.00	       0.00	       0.00	       0.00	       0.00	          0	     103120	     125026	     166003	  121770.23	  177988.80	  164941.91	  259637.64	      16.81	      24.57	      22.77	      35.84	  196400.72	       1.00	       1.00	       1.00	       1.00	       1.00	       1.00	       1.00	       1.00	       1.00	       1.00	       1.00	       1.00	       1.00	       1.00	       1.00	       1.00	       1.00	       1.00	       1.00	       1.00	       1.00	       1.00	       1.00	       1.00	
 2025/04/18	    8.03	    8.11	    7.92	    8.04	        6302124	       8.36	       8.60	           	           	           	       0.00	       6.84	       1.00	       0.00	       0.00	       0.00	       0.00	          0	      63021	     110020	     156905	  109265.09	  143499.39	  157575.84	  256593.36	      16.38	      21.52	      23.63	      38.47	  196439.67	       1.00	       1.00	       1.00	       1.00	       1.00	       1.00	       1.00	       1.00	       1.00	       1.00	       1.00	       1.00	       1.00	       1.00	       1.00	       1.00	       1.00	       1.00	       1.00	       1.00	       1.00	       1.00	       1.00	       1.00	
 2025/04/21	    8.05	    8.28	    8.00	    8.28	        8683920	       8.35	       8.57	           	           	           	       0.00	       6.84	       1.00	       0.00	       0.00	       0.00	       0.00	          0	      86839	     104780	     157377	  103665.57	  122832.71	  151272.53	  252515.02	      16.45	      19.49	      24.00	      40.06	  196645.16	       1.00	       1.00	       1.00	       1.00	       1.00	       1.00	       1.00	       1.00	       1.00	       1.00	       1.00	       1.00	       1.00	       1.00	       1.00	       1.00	       1.00	       1.00	       1.00	       1.00	       1.00	       1.00	       1.00	       1.00	
 2025/04/22	    8.25	    8.28	    8.12	    8.22	        8421869	       8.34	       8.54	           	           	           	       0.00	       6.84	       1.00	       0.00	       0.00	       0.00	       0.00	          0	      84219	      99776	     131905	   84299.85	  107401.00	  143947.94	  247708.28	      14.45	      18.41	      24.68	      42.46	  196809.67	       1.00	       1.00	       1.00	       1.00	       1.00	       1.00	       1.00	       1.00	       1.00	       1.00	       1.00	       1.00	       1.00	       1.00	       1.00	       1.00	       1.00	       1.00	       1.00	       1.00	       1.00	       1.00	       1.00	       1.00	
 2025/04/23	    8.28	    8.51	    8.28	    8.46	       14482544	       8.35	       8.53	       8.35	           	           	       0.00	       6.84	       1.00	       0.00	       0.00	       0.00	       0.00	          0	     144825	      96405	     121171	   94726.14	  108248.18	  142320.09	  243707.75	      16.08	      18.38	      24.16	      41.38	  197009.09	       1.00	       1.00	       1.00	       1.00	       1.00	       1.00	       1.00	       1.00	       1.00	       1.00	       1.00	       1.00	       1.00	       1.00	       1.00	       1.00	       1.00	       1.00	       1.00	       1.00	       1.00	       1.00	       1.00	       1.00	
 2025/04/24	    8.46	    8.60	    8.39	    8.43	       13067984	       8.36	       8.52	       8.36	           	           	       0.00	           	       0.00	       0.00	       0.00	       0.00	       0.00	          0	     130680	     101917	     113471	  111640.80	  110452.95	  143411.02	  218812.89	      19.11	      18.90	      24.54	      37.45	  197329.25	       1.00	       1.00	       1.00	       1.00	       1.00	       1.00	       1.00	       1.00	       1.00	       1.00	       1.00	       1.00	       1.00	       1.00	       1.00	       1.00	       1.00	       1.00	       1.00	       1.00	       1.00	       1.00	       1.00	       1.00	
 2025/04/25	    8.51	    8.57	    8.37	    8.56	       12097692	       8.39	       8.53	       8.39	       8.53	       8.60	       1.00	           	       0.00	       0.00	       0.00	       0.00	       0.00	          0	     120977	     113508	     111764	  120175.22	  111920.39	  143162.23	  206607.84	      20.65	      19.23	      24.60	      35.51	  197598.67	       1.00	       1.00	       1.00	       1.00	       1.00	       1.00	       1.00	       1.00	       1.00	       1.00	       1.00	       1.00	       1.00	       1.00	       1.00	       1.00	       1.00	       1.00	       1.00	       1.00	       1.00	       1.00	       1.00	       1.00	
 2025/04/28	    8.18	    8.18	    7.80	    7.90	       26220816	       8.32	       8.47	           	           	           	       0.00	           	       0.00	       0.00	       0.00	       0.00	       0.00	          0	     262208	     148582	     126681	  164672.59	  124486.22	  149925.19	  201587.92	      25.70	      19.43	      23.40	      31.47	  198749.02	       1.00	       1.00	       1.00	       1.00	       1.00	       1.00	       1.00	       1.00	       1.00	       1.00	       1.00	       1.00	       1.00	       1.00	       1.00	       1.00	       1.00	       1.00	       1.00	       1.00	       1.00	       1.00	       1.00	       1.00	
 2025/04/29	    7.91	    8.15	    7.82	    8.00	       17394700	       8.28	       8.43	           	           	           	       0.00	       7.80	       1.00	       0.00	       0.00	       0.00	       0.00	          0	     173947	     166527	     133152	  171952.97	  133339.55	  155664.19	  195386.20	      26.20	      20.32	      23.72	      29.77	  199456.38	       1.00	       1.00	       1.00	       1.00	       1.00	       1.00	       1.00	       1.00	       1.00	       1.00	       1.00	       1.00	       1.00	       1.00	       1.00	       1.00	       1.00	       1.00	       1.00	       1.00	       1.00	       1.00	       1.00	       1.00	
 2025/04/30	    8.02	    8.26	    8.00	    8.18	       10317060	       8.27	       8.40	           	           	           	       0.00	       7.80	       1.00	       0.00	       0.00	       0.00	       0.00	          0	     103171	     158197	     127301	  165075.67	  138358.23	  140928.83	  190997.27	      25.98	      21.78	      22.18	      30.06	  199556.02	       1.00	       1.00	       1.00	       1.00	       1.00	       1.00	       1.00	       1.00	       1.00	       1.00	       1.00	       1.00	       1.00	       1.00	       1.00	       1.00	       1.00	       1.00	       1.00	       1.00	       1.00	       1.00	       1.00	       1.00	
 2025/05/06	    8.29	    8.39	    8.24	    8.38	        9954740	       8.28	       8.40	       8.28	           	           	       0.00	       7.80	       1.00	       0.00	       0.00	       0.00	       0.00	          0	      99547	     151970	     126943	  159718.28	  139946.75	  131389.73	  184098.73	      25.96	      22.75	      21.36	      29.93	  199635.25	       1.00	       1.00	       1.00	       1.00	       1.00	       1.00	       1.00	       1.00	       1.00	       1.00	       1.00	       1.00	       1.00	       1.00	       1.00	       1.00	       1.00	       1.00	       1.00	       1.00	       1.00	       1.00	       1.00	       1.00	
 2025/05/07	    8.49	    8.52	    8.24	    8.33	       11424640	       8.29	       8.39	       8.29	           	           	       0.00	       7.80	       1.00	       0.00	       0.00	       0.00	       0.00	          0	     114246	     150624	     132066	  122727.85	  143700.22	  125550.62	  177584.09	      21.55	      25.23	      22.04	      31.18	  198752.53	       1.00	       1.00	       1.00	       1.00	       1.00	       1.00	       1.00	       1.00	       1.00	       1.00	       1.00	       1.00	       1.00	       1.00	       1.00	       1.00	       1.00	       1.00	       1.00	       1.00	       1.00	       1.00	       1.00	       1.00	
 2025/05/08	    8.32	    8.55	    8.26	    8.48	       11700880	       8.31	       8.40	       8.31	       8.40	           	       0.00	       7.80	       1.00	       0.00	       0.00	       0.00	       0.00	          0	     117009	     121584	     135083	  108493.30	  140223.14	  124235.66	  173516.72	      19.85	      25.66	      22.73	      31.75	  195515.17	       1.00	       1.00	       1.00	       1.00	       1.00	       1.00	       1.00	       1.00	       1.00	       1.00	       1.00	       1.00	       1.00	       1.00	       1.00	       1.00	       1.00	       1.00	       1.00	       1.00	       1.00	       1.00	       1.00	       1.00	
 2025/05/09	    8.49	    8.51	    8.24	    8.36	       12956840	       8.32	       8.40	       8.32	           	           	       0.00	       7.80	       1.00	       0.00	       0.00	       0.00	       0.00	          0	     129568	     112708	     139618	  115092.75	  140084.20	  125268.59	  161008.42	      21.26	      25.87	      23.14	      29.74	  194258.14	       1.00	       1.00	       1.00	       1.00	       1.00	       1.00	       1.00	       1.00	       1.00	       1.00	       1.00	       1.00	       1.00	       1.00	       1.00	       1.00	       1.00	       1.00	       1.00	       1.00	       1.00	       1.00	       1.00	       1.00	
 2025/05/12	    8.48	    8.63	    8.40	    8.46	       10706340	       8.34	       8.40	       8.34	       8.40	           	       0.00	       7.80	       1.00	       0.00	       0.00	       0.00	       0.00	          0	     107063	     113487	     135842	  116971.75	  138345.02	  125132.70	  151799.89	      21.98	      25.99	      23.51	      28.52	  193687.53	       1.00	       1.00	       1.00	       1.00	       1.00	       1.00	       1.00	       1.00	       1.00	       1.00	       1.00	       1.00	       1.00	       1.00	       1.00	       1.00	       1.00	       1.00	       1.00	       1.00	       1.00	       1.00	       1.00	       1.00	
 2025/05/13	    8.54	    8.71	    8.44	    8.45	       12633460	       8.35	       8.41	       8.35	       8.41	           	       0.00	       7.80	       1.00	       0.00	       0.00	       0.00	       0.00	          0	     126335	     118844	     135407	  119993.80	  121360.82	  122923.53	  145891.06	      23.52	      23.79	      24.09	      28.60	  193070.41	       1.00	       1.00	       1.00	       1.00	       1.00	       1.00	       1.00	       1.00	       1.00	       1.00	       1.00	       1.00	       1.00	       1.00	       1.00	       1.00	       1.00	       1.00	       1.00	       1.00	       1.00	       1.00	       1.00	       1.00	
 2025/05/14	    8.49	    8.52	    8.33	    8.38	       11471860	       8.36	       8.41	       8.36	           	           	       0.00	       7.80	       1.00	       0.00	       0.00	       0.00	       0.00	          0	     114719	     118939	     134781	  119421.25	  113957.27	  123648.42	  144295.19	      23.82	      22.73	      24.66	      28.78	  192762.75	       1.00	       1.00	       1.00	       1.00	       1.00	       1.00	       1.00	       1.00	       1.00	       1.00	       1.00	       1.00	       1.00	       1.00	       1.00	       1.00	       1.00	       1.00	       1.00	       1.00	       1.00	       1.00	       1.00	       1.00	
 2025/05/15	    8.35	    8.36	    8.13	    8.18	       11792084	       8.33	       8.39	           	           	           	       0.00	           	       0.00	       0.00	       0.00	       0.00	       0.00	          0	     117921	     119121	     120353	  116509.36	  115801.05	  127079.64	  142327.75	      23.22	      23.08	      25.33	      28.37	  192863.53	       1.00	       1.00	       1.00	       1.00	       1.00	       1.00	       1.00	       1.00	       1.00	       1.00	       1.00	       1.00	       1.00	       1.00	       1.00	       1.00	       1.00	       1.00	       1.00	       1.00	       1.00	       1.00	       1.00	       1.00	
 2025/05/16	    8.18	    8.60	    8.15	    8.53	       21499960	       8.36	       8.40	       8.36	       8.40	           	       0.00	       8.13	       1.00	       0.00	       0.00	       0.00	       0.00	          0	     215000	     136207	     124458	  143493.41	  130232.57	  135089.67	  143181.11	      26.00	      23.59	      24.47	      25.94	  193551.47	       1.00	       1.00	       1.00	       1.00	       1.00	       1.00	       1.00	       1.00	       1.00	       1.00	       1.00	       1.00	       1.00	       1.00	       1.00	       1.00	       1.00	       1.00	       1.00	       1.00	       1.00	       1.00	       1.00	       1.00	
 2025/05/19	    8.54	    8.61	    8.34	    8.49	       13264100	       8.38	       8.41	       8.38	       8.41	           	       0.00	       8.13	       1.00	       0.00	       0.00	       0.00	       0.00	          0	     132641	     141323	     127405	  145070.02	  132531.91	  138116.06	  141032.00	      26.06	      23.80	      24.81	      25.33	  193921.31	       1.00	       1.00	       1.00	       1.00	       1.00	       1.00	       1.00	       1.00	       1.00	       1.00	       1.00	       1.00	       1.00	       1.00	       1.00	       1.00	       1.00	       1.00	       1.00	       1.00	       1.00	       1.00	       1.00	       1.00	
 2025/05/20	    8.44	    8.77	    8.31	    8.66	       18683584	       8.41	       8.43	       8.41	       8.43	           	       0.00	           	       0.00	       0.00	       0.00	       0.00	       0.00	          0	     186836	     153423	     136134	  163099.31	  141260.28	  140741.70	  141530.89	      27.80	      24.08	      23.99	      24.13	  194458.02	       1.00	       1.00	       1.00	       1.00	       1.00	       1.00	       1.00	       1.00	       1.00	       1.00	       1.00	       1.00	       1.00	       1.00	       1.00	       1.00	       1.00	       1.00	       1.00	       1.00	       1.00	       1.00	       1.00	       1.00	
 2025/05/21	    8.64	    8.67	    8.45	    8.56	       14995180	       8.43	       8.44	       8.43	       8.44	       8.77	       1.00	           	       0.00	       0.00	       0.00	       0.00	       0.00	          0	     149952	     160470	     139704	  171107.06	  143808.22	  141946.22	  142678.61	      28.54	      23.99	      23.68	      23.80	  194729.44	       1.00	       1.00	       1.00	       1.00	       1.00	       1.00	       1.00	       1.00	       1.00	       1.00	       1.00	       1.00	       1.00	       1.00	       1.00	       1.00	       1.00	       1.00	       1.00	       1.00	       1.00	       1.00	       1.00	       1.00	
 2025/05/22	    8.50	    8.60	    8.36	    8.37	       12720300	       8.43	       8.44	           	           	       8.77	       1.00	           	       0.00	       0.00	       0.00	       0.00	       0.00	          0	     127203	     162326	     140724	  149157.91	  146325.67	  142335.34	  142748.78	      25.69	      25.20	      24.52	      24.59	  194922.16	       1.00	       1.00	       1.00	       1.00	       1.00	       1.00	       1.00	       1.00	       1.00	       1.00	       1.00	       1.00	       1.00	       1.00	       1.00	       1.00	       1.00	       1.00	       1.00	       1.00	       1.00	       1.00	       1.00	       1.00	
 2025/05/23	    8.32	    8.52	    8.26	    8.27	       11955936	       8.40	       8.42	           	           	       8.77	       1.00	           	       0.00	       0.00	       0.00	       0.00	       0.00	          0	     119559	     143238	     139723	  145887.50	  145478.77	  133419.78	  141672.48	      25.75	      25.68	      23.55	      25.01	  195142.11	       1.00	       1.00	       1.00	       1.00	       1.00	       1.00	       1.00	       1.00	       1.00	       1.00	       1.00	       1.00	       1.00	       1.00	       1.00	       1.00	       1.00	       1.00	       1.00	       1.00	       1.00	       1.00	       1.00	       1.00	
 2025/05/26	    8.23	    8.33	    8.16	    8.28	       10743200	       8.39	       8.41	           	           	       8.77	       1.00	           	       0.00	       0.00	       0.00	       0.00	       0.00	          0	     107432	     138196	     139760	  126036.55	  144567.94	  129262.60	  142463.39	      23.24	      26.66	      23.83	      26.27	  195396.22	       1.00	       1.00	       1.00	       1.00	       1.00	       1.00	       1.00	       1.00	       1.00	       1.00	       1.00	       1.00	       1.00	       1.00	       1.00	       1.00	       1.00	       1.00	       1.00	       1.00	       1.00	       1.00	       1.00	       1.00	
 2025/05/27	    8.24	    8.26	    8.09	    8.19	        8843054	       8.36	       8.39	           	           	       8.77	       1.00	           	       0.00	       0.00	       0.00	       0.00	       0.00	          0	      88431	     118515	     135969	  110656.22	  140881.64	  128341.34	  134635.08	      21.51	      27.38	      24.94	      26.17	  195554.38	       1.00	       1.00	       1.00	       1.00	       1.00	       1.00	       1.00	       1.00	       1.00	       1.00	       1.00	       1.00	       1.00	       1.00	       1.00	       1.00	       1.00	       1.00	       1.00	       1.00	       1.00	       1.00	       1.00	       1.00	
 2025/05/28	    8.19	    8.33	    8.13	    8.18	        7898220	       8.34	       8.37	           	           	       8.77	       1.00	           	       0.00	       0.00	       0.00	       0.00	       0.00	          0	      78982	     104321	     132396	   98601.03	  123879.47	  127056.02	  129222.88	      20.60	      25.88	      26.54	      26.99	  195529.91	       1.00	       1.00	       1.00	       1.00	       1.00	       1.00	       1.00	       1.00	       1.00	       1.00	       1.00	       1.00	       1.00	       1.00	       1.00	       1.00	       1.00	       1.00	       1.00	       1.00	       1.00	       1.00	       1.00	       1.00	
 2025/05/29	    8.15	    8.48	    8.15	    8.43	       17982100	       8.35	       8.37	       8.35	       8.37	       8.77	       1.00	           	       0.00	       0.00	       0.00	       0.00	       0.00	          0	     179821	     114845	     138586	  113666.44	  129776.97	  131154.44	  128352.53	      22.60	      25.80	      26.08	      25.52	  196183.83	       1.00	       1.00	       1.00	       1.00	       1.00	       1.00	       1.00	       1.00	       1.00	       1.00	       1.00	       1.00	       1.00	       1.00	       1.00	       1.00	       1.00	       1.00	       1.00	       1.00	       1.00	       1.00	       1.00	       1.00	
 2025/05/30	    8.37	    8.42	    8.07	    8.08	       20465040	       8.31	       8.35	           	           	       8.77	       1.00	           	       0.00	       0.00	       0.00	       0.00	       0.00	          0	     204650	     131863	     137551	  137971.05	  132003.80	  136632.05	  130433.86	      25.69	      24.58	      25.44	      24.29	  196890.78	       1.00	       1.00	       1.00	       1.00	       1.00	       1.00	       1.00	       1.00	       1.00	       1.00	       1.00	       1.00	       1.00	       1.00	       1.00	       1.00	       1.00	       1.00	       1.00	       1.00	       1.00	       1.00	       1.00	       1.00	
 2025/06/03	    7.98	    8.12	    7.98	    8.08	        6457632	       8.28	       8.32	           	           	       8.77	       1.00	           	       0.00	       0.00	       0.00	       0.00	       0.00	          0	      64576	     123292	     130744	  132007.48	  121331.86	  132570.05	  128919.32	      25.64	      23.57	      25.75	      25.04	  196986.64	       1.00	       1.00	       1.00	       1.00	       1.00	       1.00	       1.00	       1.00	       1.00	       1.00	       1.00	       1.00	       1.00	       1.00	       1.00	       1.00	       1.00	       1.00	       1.00	       1.00	       1.00	       1.00	       1.00	       1.00	
 2025/06/04	    8.13	    8.21	    8.09	    8.12	        6512100	       8.26	       8.30	           	           	       8.77	       1.00	           	       0.00	       0.00	       0.00	       0.00	       0.00	          0	      65121	     118630	     118573	  128542.18	  113571.61	  129948.64	  127540.69	      25.73	      22.73	      26.01	      25.53	  196908.44	       1.00	       1.00	       1.00	       1.00	       1.00	       1.00	       1.00	       1.00	       1.00	       1.00	       1.00	       1.00	       1.00	       1.00	       1.00	       1.00	       1.00	       1.00	       1.00	       1.00	       1.00	       1.00	       1.00	       1.00	
 2025/06/05	    8.12	    8.17	    8.04	    8.13	        6687652	       8.24	       8.29	           	           	       8.77	       1.00	           	       0.00	       0.00	       0.00	       0.00	       0.00	          0	      66877	     116209	     110265	  100306.06	  106986.25	  126232.51	  124578.03	      21.90	      23.35	      27.56	      27.19	  196757.56	       1.00	       1.00	       1.00	       1.00	       1.00	       1.00	       1.00	       1.00	       1.00	       1.00	       1.00	       1.00	       1.00	       1.00	       1.00	       1.00	       1.00	       1.00	       1.00	       1.00	       1.00	       1.00	       1.00	       1.00	
 2025/06/06	    8.13	    8.14	    7.99	    8.05	        8652540	       8.22	       8.27	           	           	       8.77	       1.00	           	       0.00	       0.00	       0.00	       0.00	       0.00	          0	      86525	      97550	     106197	   70774.81	  104372.92	  124470.43	  124059.44	      16.70	      24.63	      29.38	      29.28	  196811.09	       1.00	       1.00	       1.00	       1.00	       1.00	       1.00	       1.00	       1.00	       1.00	       1.00	       1.00	       1.00	       1.00	       1.00	       1.00	       1.00	       1.00	       1.00	       1.00	       1.00	       1.00	       1.00	       1.00	       1.00	
 2025/06/09	    8.06	    8.10	    8.02	    8.10	        8754016	       8.20	       8.25	           	           	       8.77	       1.00	           	       0.00	       0.00	       0.00	       0.00	       0.00	          0	      87540	      74128	     102996	   76515.77	  104261.63	  122571.63	  124825.65	      17.87	      24.35	      28.63	      29.15	  197011.27	       1.00	       1.00	       1.00	       1.00	       1.00	       1.00	       1.00	       1.00	       1.00	       1.00	       1.00	       1.00	       1.00	       1.00	       1.00	       1.00	       1.00	       1.00	       1.00	       1.00	       1.00	       1.00	       1.00	       1.00	
 2025/06/10	    8.11	    8.17	    7.90	    8.05	       11631769	       8.18	       8.23	           	           	       8.77	       1.00	           	       0.00	       0.00	       0.00	       0.00	       0.00	          0	     116318	      84476	     103884	   89314.95	  108928.56	  116404.02	  125746.85	      20.28	      24.73	      26.43	      28.55	  197357.95	       1.00	       1.00	       1.00	       1.00	       1.00	       1.00	       1.00	       1.00	       1.00	       1.00	       1.00	       1.00	       1.00	       1.00	       1.00	       1.00	       1.00	       1.00	       1.00	       1.00	       1.00	       1.00	       1.00	       1.00	
 2025/06/11	    8.07	    8.34	    8.06	    8.17	       19068152	       8.18	       8.23	           	           	           	       0.00	           	       0.00	       0.00	       0.00	       0.00	       0.00	          0	     190682	     109588	     114109	  120266.19	  110286.13	  120031.55	  129073.80	      25.07	      22.99	      25.02	      26.91	  198127.14	       1.00	       1.00	       1.00	       1.00	       1.00	       1.00	       1.00	       1.00	       1.00	       1.00	       1.00	       1.00	       1.00	       1.00	       1.00	       1.00	       1.00	       1.00	       1.00	       1.00	       1.00	       1.00	       1.00	       1.00	
 2025/06/12	    8.14	    8.16	    8.06	    8.14	        8972872	       8.17	       8.22	           	           	       8.34	       1.00	           	       0.00	       0.00	       0.00	       0.00	       0.00	          0	      89729	     114159	     115184	  121067.02	   95920.91	  113962.35	  127352.03	      26.42	      20.93	      24.87	      27.79	  197980.33	       1.00	       1.00	       1.00	       1.00	       1.00	       1.00	       1.00	       1.00	       1.00	       1.00	       1.00	       1.00	       1.00	       1.00	       1.00	       1.00	       1.00	       1.00	       1.00	       1.00	       1.00	       1.00	       1.00	       1.00	
 2025/06/13	    8.09	    8.10	    7.88	    7.91	       13753772	       8.14	       8.19	           	           	       8.34	       1.00	           	       0.00	       0.00	       0.00	       0.00	       0.00	          0	     137538	     124361	     110956	  133566.41	  105041.08	  113186.47	  127566.34	      27.86	      21.91	      23.61	      26.61	  198410.14	       1.00	       1.00	       1.00	       1.00	       1.00	       1.00	       1.00	       1.00	       1.00	       1.00	       1.00	       1.00	       1.00	       1.00	       1.00	       1.00	       1.00	       1.00	       1.00	       1.00	       1.00	       1.00	       1.00	       1.00	
 2025/06/16	    7.84	    7.94	    7.83	    7.93	        4981068	       8.11	       8.17	           	           	       8.34	       1.00	           	       0.00	       0.00	       0.00	       0.00	       0.00	          0	      49811	     116815	      95472	  116939.66	  103127.30	  108349.45	  125342.39	      25.77	      22.73	      23.88	      27.62	  198383.84	       1.00	       1.00	       1.00	       1.00	       1.00	       1.00	       1.00	       1.00	       1.00	       1.00	       1.00	       1.00	       1.00	       1.00	       1.00	       1.00	       1.00	       1.00	       1.00	       1.00	       1.00	       1.00	       1.00	       1.00	
 2025/06/17	    7.97	    7.98	    7.88	    7.92	        4638532	       8.09	       8.15	           	           	       8.34	       1.00	           	       0.00	       0.00	       0.00	       0.00	       0.00	          0	      46385	     102829	      93652	   80865.61	  100565.89	  103776.07	  118597.92	      20.03	      24.90	      25.70	      29.37	  198388.53	       1.00	       1.00	       1.00	       1.00	       1.00	       1.00	       1.00	       1.00	       1.00	       1.00	       1.00	       1.00	       1.00	       1.00	       1.00	       1.00	       1.00	       1.00	       1.00	       1.00	       1.00	       1.00	       1.00	       1.00	
 2025/06/18	    7.92	    7.92	    7.77	    7.87	        6651740	       8.06	       8.12	           	           	       8.34	       1.00	           	       0.00	       0.00	       0.00	       0.00	       0.00	          0	      66517	      77996	      93792	   75062.78	   98064.91	  101218.91	  115240.75	      19.27	      25.17	      25.98	      29.58	  198498.72	       1.00	       1.00	       1.00	       1.00	       1.00	       1.00	       1.00	       1.00	       1.00	       1.00	       1.00	       1.00	       1.00	       1.00	       1.00	       1.00	       1.00	       1.00	       1.00	       1.00	       1.00	       1.00	       1.00	       1.00	
 2025/06/19	    7.85	    7.91	    7.65	    7.68	        9091000	       8.01	       8.08	           	           	       8.34	       1.00	           	       0.00	       0.00	       0.00	       0.00	       0.00	          0	      90910	      78232	      96195	   63405.85	   98486.13	  101373.88	  114857.61	      16.77	      26.05	      26.81	      30.38	  198662.06	       1.00	       1.00	       1.00	       1.00	       1.00	       1.00	       1.00	       1.00	       1.00	       1.00	       1.00	       1.00	       1.00	       1.00	       1.00	       1.00	       1.00	       1.00	       1.00	       1.00	       1.00	       1.00	       1.00	       1.00	
 2025/06/20	    7.72	    7.73	    7.60	    7.61	        7067184	       7.95	       8.04	           	           	       8.34	       1.00	           	       0.00	       0.00	       0.00	       0.00	       0.00	          0	      70672	      64859	      94610	   68621.14	   92780.40	  100854.48	  113955.24	      18.24	      24.66	      26.81	      30.29	  198726.38	       1.00	       1.00	       1.00	       1.00	       1.00	       1.00	       1.00	       1.00	       1.00	       1.00	       1.00	       1.00	       1.00	       1.00	       1.00	       1.00	       1.00	       1.00	       1.00	       1.00	       1.00	       1.00	       1.00	       1.00	
 2025/06/23	    7.58	    7.84	    7.53	    7.80	        7943260	       7.93	       8.02	           	           	           	       0.00	           	       0.00	       0.00	       0.00	       0.00	       0.00	          0	      79433	      70783	      93799	   76882.96	   78874.28	   94580.20	  112867.31	      21.17	      21.72	      26.04	      31.08	  198788.22	       1.00	       1.00	       1.00	       1.00	       1.00	       1.00	       1.00	       1.00	       1.00	       1.00	       1.00	       1.00	       1.00	       1.00	       1.00	       1.00	       1.00	       1.00	       1.00	       1.00	       1.00	       1.00	       1.00	       1.00	
 2025/06/24	    7.85	    8.02	    7.80	    8.00	       10684808	       7.94	       8.01	       7.94	           	           	       0.00	           	       0.00	       0.00	       0.00	       0.00	       0.00	          0	     106848	      82876	      92852	   86965.63	   81014.20	   88467.56	  112549.79	      23.57	      21.96	      23.98	      30.50	  199104.75	       1.00	       1.00	       1.00	       1.00	       1.00	       1.00	       1.00	       1.00	       1.00	       1.00	       1.00	       1.00	       1.00	       1.00	       1.00	       1.00	       1.00	       1.00	       1.00	       1.00	       1.00	       1.00	       1.00	       1.00	
 2025/06/25	    7.90	    7.93	    7.77	    7.91	       19492396	       7.94	       8.00	           	           	       8.02	       1.00	           	       0.00	       0.00	       0.00	       0.00	       0.00	          0	     194924	     108557	      93277	  112969.12	   88187.48	   96614.28	  114592.14	      27.40	      21.39	      23.43	      27.79	  199951.83	       1.00	       1.00	       1.00	       1.00	       1.00	       1.00	       1.00	       1.00	       1.00	       1.00	       1.00	       1.00	       1.00	       1.00	       1.00	       1.00	       1.00	       1.00	       1.00	       1.00	       1.00	       1.00	       1.00	       1.00	
 2025/06/26	    7.90	    7.96	    7.85	    7.91	        9095100	       7.93	       8.00	           	           	       8.02	       1.00	           	       0.00	       0.00	       0.00	       0.00	       0.00	          0	      90951	     108565	      93399	  118038.90	   93330.02	   98228.66	  114088.63	      27.86	      22.03	      23.18	      26.93	  199961.53	       1.00	       1.00	       1.00	       1.00	       1.00	       1.00	       1.00	       1.00	       1.00	       1.00	       1.00	       1.00	       1.00	       1.00	       1.00	       1.00	       1.00	       1.00	       1.00	       1.00	       1.00	       1.00	       1.00	       1.00	
 2025/06/27	    7.94	    7.98	    7.91	    7.93	        6412000	       7.93	       7.99	           	           	       8.02	       1.00	           	       0.00	       0.00	       0.00	       0.00	       0.00	          0	      64120	     107255	      86057	  114210.75	   95546.86	   98056.38	  112144.42	      27.20	      22.75	      23.35	      26.70	  199724.53	       1.00	       1.00	       1.00	       1.00	       1.00	       1.00	       1.00	       1.00	       1.00	       1.00	       1.00	       1.00	       1.00	       1.00	       1.00	       1.00	       1.00	       1.00	       1.00	       1.00	       1.00	       1.00	       1.00	       1.00	
 2025/06/30	    7.91	    7.97	    7.90	    7.96	        7118178	       7.94	       7.99	       7.94	           	       8.02	       1.00	           	       0.00	       0.00	       0.00	       0.00	       0.00	          0	      71182	     105605	      88194	  105294.19	   96129.91	   97097.40	  110783.90	      25.73	      23.49	      23.72	      27.07	  199519.67	       1.00	       1.00	       1.00	       1.00	       1.00	       1.00	       1.00	       1.00	       1.00	       1.00	       1.00	       1.00	       1.00	       1.00	       1.00	       1.00	       1.00	       1.00	       1.00	       1.00	       1.00	       1.00	       1.00	       1.00	
 2025/07/01	    7.97	    7.99	    7.85	    7.94	        8670116	       7.94	       7.98	       7.94	           	       8.02	       1.00	           	       0.00	       0.00	       0.00	       0.00	       0.00	          0	      86701	     101576	      92226	   78238.48	   95603.80	   97044.97	  109808.29	      20.55	      25.11	      25.49	      28.84	  199259.86	       1.00	       1.00	       1.00	       1.00	       1.00	       1.00	       1.00	       1.00	       1.00	       1.00	       1.00	       1.00	       1.00	       1.00	       1.00	       1.00	       1.00	       1.00	       1.00	       1.00	       1.00	       1.00	       1.00	       1.00	
 2025/07/02	    7.92	    7.98	    7.88	    7.95	        6664060	       7.94	       7.98	       7.94	           	       8.02	       1.00	           	       0.00	       0.00	       0.00	       0.00	       0.00	          0	      66641	      75919	      92238	   72160.88	   95099.90	   93940.15	  105172.07	      19.70	      25.96	      25.64	      28.71	  197764.98	       1.00	       1.00	       1.00	       1.00	       1.00	       1.00	       1.00	       1.00	       1.00	       1.00	       1.00	       1.00	       1.00	       1.00	       1.00	       1.00	       1.00	       1.00	       1.00	       1.00	       1.00	       1.00	       1.00	       1.00	
 2025/07/03	    7.89	    8.08	    7.89	    8.03	        8915743	       7.95	       7.98	       7.95	       7.98	       8.02	       1.00	           	       0.00	       0.00	       0.00	       0.00	       0.00	          0	      89157	      75560	      92063	   78420.24	   96315.50	   87594.90	  103813.21	      21.42	      26.31	      23.92	      28.35	  196075.41	       1.00	       1.00	       1.00	       1.00	       1.00	       1.00	       1.00	       1.00	       1.00	       1.00	       1.00	       1.00	       1.00	       1.00	       1.00	       1.00	       1.00	       1.00	       1.00	       1.00	       1.00	       1.00	       1.00	       1.00	
 2025/07/04	    8.00	    8.04	    7.95	    7.98	        7067596	       7.96	       7.98	       7.96	           	       8.02	       1.00	           	       0.00	       0.00	       0.00	       0.00	       0.00	          0	      70676	      76871	      92063	   78293.79	   91793.98	   86404.09	  100183.22	      21.95	      25.74	      24.22	      28.09	  195127.28	       1.00	       1.00	       1.00	       1.00	       1.00	       1.00	       1.00	       1.00	       1.00	       1.00	       1.00	       1.00	       1.00	       1.00	       1.00	       1.00	       1.00	       1.00	       1.00	       1.00	       1.00	       1.00	       1.00	       1.00	
 2025/07/07	    7.93	    8.06	    7.91	    8.06	        6677781	       7.97	       7.99	       7.97	       7.99	       8.02	       1.00	           	       0.00	       0.00	       0.00	       0.00	       0.00	          0	      66778	      75991	      90798	   73312.95	   75775.72	   81981.60	   97584.03	      22.31	      23.06	      24.94	      29.69	  194447.53	       1.00	       1.00	       1.00	       1.00	       1.00	       1.00	       1.00	       1.00	       1.00	       1.00	       1.00	       1.00	       1.00	       1.00	       1.00	       1.00	       1.00	       1.00	       1.00	       1.00	       1.00	       1.00	       1.00	       1.00	
 2025/07/08	    8.06	    8.17	    8.03	    8.16	        9825056	       7.99	       8.01	       7.99	       8.01	       8.02	       1.00	           	       0.00	       0.00	       0.00	       0.00	       0.00	          0	      98251	      78300	      89938	   81215.45	   76688.16	   85009.09	   96679.27	      23.92	      22.58	      25.03	      28.47	  194238.83	       1.00	       1.00	       1.00	       1.00	       1.00	       1.00	       1.00	       1.00	       1.00	       1.00	       1.00	       1.00	       1.00	       1.00	       1.00	       1.00	       1.00	       1.00	       1.00	       1.00	       1.00	       1.00	       1.00	       1.00	
 2025/07/09	    8.16	    8.22	    8.09	    8.11	        7976360	       8.01	       8.02	       8.01	       8.02	       8.02	       1.00	           	       0.00	       0.00	       0.00	       0.00	       0.00	          0	      79764	      80925	      78422	   78866.98	   78643.61	   87095.23	   95435.66	      23.19	      23.13	      25.61	      28.07	  194113.25	       1.00	       1.00	       1.00	       1.00	       1.00	       1.00	       1.00	       1.00	       1.00	       1.00	       1.00	       1.00	       1.00	       1.00	       1.00	       1.00	       1.00	       1.00	       1.00	       1.00	       1.00	       1.00	       1.00	       1.00	
 2025/07/10	    8.11	    8.19	    8.08	    8.16	        7484540	       8.03	       8.03	       8.03	       8.03	       8.02	       1.00	           	       0.00	       0.00	       0.00	       0.00	       0.00	          0	      74845	      78063	      76811	   79909.34	   79101.56	   87615.74	   94417.34	      23.43	      23.19	      25.69	      27.68	  193906.38	       1.00	       1.00	       1.00	       1.00	       1.00	       1.00	       1.00	       1.00	       1.00	       1.00	       1.00	       1.00	       1.00	       1.00	       1.00	       1.00	       1.00	       1.00	       1.00	       1.00	       1.00	       1.00	       1.00	       1.00	
 2025/07/11	    8.15	    8.21	    8.11	    8.14	        7098340	       8.04	       8.04	       8.04	       8.04	       8.02	       1.00	           	       0.00	       0.00	       0.00	       0.00	       0.00	          0	      70983	      78124	      77498	   80960.74	   77136.85	   86370.34	   93872.12	      23.93	      22.80	      25.53	      27.74	  193785.33	       1.00	       1.00	       1.00	       1.00	       1.00	       1.00	       1.00	       1.00	       1.00	       1.00	       1.00	       1.00	       1.00	       1.00	       1.00	       1.00	       1.00	       1.00	       1.00	       1.00	       1.00	       1.00	       1.00	       1.00	
 2025/07/14	    8.15	    8.23	    8.12	    8.19	        8363844	       8.06	       8.05	       8.06	       8.05	       8.02	       1.00	           	       0.00	       0.00	       0.00	       0.00	       0.00	          0	      83638	      81496	      78743	   77307.71	   79261.58	   87180.74	   94017.63	      22.89	      23.47	      25.81	      27.83	  193718.09	       1.00	       1.00	       1.00	       1.00	       1.00	       1.00	       1.00	       1.00	       1.00	       1.00	       1.00	       1.00	       1.00	       1.00	       1.00	       1.00	       1.00	       1.00	       1.00	       1.00	       1.00	       1.00	       1.00	       1.00	
 2025/07/15	    8.19	    8.21	    8.08	    8.19	        8719623	       8.08	       8.07	       8.08	       8.07	       8.02	       1.00	           	       0.00	       0.00	       0.00	       0.00	       0.00	          0	      87196	      79285	      78793	   79165.87	   79016.42	   87665.97	   91123.10	      23.49	      23.45	      26.02	      27.04	  193288.84	       1.00	       1.00	       1.00	       1.00	       1.00	       1.00	       1.00	       1.00	       1.00	       1.00	       1.00	       1.00	       1.00	       1.00	       1.00	       1.00	       1.00	       1.00	       1.00	       1.00	       1.00	       1.00	       1.00	       1.00	
 2025/07/16	    8.19	    8.29	    8.18	    8.29	       10213796	       8.11	       8.09	       8.11	       8.09	       8.02	       1.00	           	       0.00	       0.00	       0.00	       0.00	       0.00	          0	     102138	      83760	      82343	   85989.01	   82949.18	   87371.59	   87919.58	      24.98	      24.10	      25.38	      25.54	  192945.56	       1.00	       1.00	       1.00	       1.00	       1.00	       1.00	       1.00	       1.00	       1.00	       1.00	       1.00	       1.00	       1.00	       1.00	       1.00	       1.00	       1.00	       1.00	       1.00	       1.00	       1.00	       1.00	       1.00	       1.00	
 2025/07/17	    8.30	    8.30	    8.24	    8.28	        5983020	       8.13	       8.10	       8.13	       8.10	       8.02	       1.00	           	       0.00	       0.00	       0.00	       0.00	       0.00	          0	      59830	      80757	      79410	   83200.70	   82080.73	   78928.22	   87771.27	      25.06	      24.72	      23.77	      26.44	  192504.91	       1.00	       1.00	       1.00	       1.00	       1.00	       1.00	       1.00	       1.00	       1.00	       1.00	       1.00	       1.00	       1.00	       1.00	       1.00	       1.00	       1.00	       1.00	       1.00	       1.00	       1.00	       1.00	       1.00	       1.00	
 2025/07/18	    8.29	    8.30	    8.14	    8.24	        8476972	       8.15	       8.12	       8.15	       8.12	       8.02	       1.00	           	       0.00	       0.00	       0.00	       0.00	       0.00	          0	      84770	      83515	      80819	   83483.52	   80395.62	   78541.89	   88385.29	      25.24	      24.30	      23.74	      26.72	  192295.14	       1.00	       1.00	       1.00	       1.00	       1.00	       1.00	       1.00	       1.00	       1.00	       1.00	       1.00	       1.00	       1.00	       1.00	       1.00	       1.00	       1.00	       1.00	       1.00	       1.00	       1.00	       1.00	       1.00	       1.00	
 2025/07/21	    8.23	    8.32	    8.21	    8.30	        8149302	       8.17	       8.13	       8.17	       8.13	       8.02	       1.00	           	       0.00	       0.00	       0.00	       0.00	       0.00	          0	      81493	      83085	      82291	   82057.73	   80611.79	   79627.70	   88842.05	      24.78	      24.34	      24.05	      26.83	  191803.75	       1.00	       1.00	       1.00	       1.00	       1.00	       1.00	       1.00	       1.00	       1.00	       1.00	       1.00	       1.00	       1.00	       1.00	       1.00	       1.00	       1.00	       1.00	       1.00	       1.00	       1.00	       1.00	       1.00	       1.00	
 2025/07/22	    8.31	    8.34	    8.25	    8.30	        7905385	       8.18	       8.15	       8.18	       8.15	       8.02	       1.00	           	       0.00	       0.00	       0.00	       0.00	       0.00	          0	      79054	      81457	      80371	   76286.70	   81137.84	   80119.70	   88608.56	      23.39	      24.88	      24.57	      27.17	  191262.58	       1.00	       1.00	       1.00	       1.00	       1.00	       1.00	       1.00	       1.00	       1.00	       1.00	       1.00	       1.00	       1.00	       1.00	       1.00	       1.00	       1.00	       1.00	       1.00	       1.00	       1.00	       1.00	       1.00	       1.00	
 2025/07/23	    8.35	    8.35	    8.23	    8.25	        8192920	       8.19	       8.16	       8.19	       8.16	       8.02	       1.00	           	       0.00	       0.00	       0.00	       0.00	       0.00	          0	      81929	      77415	      80588	   81811.45	   82506.08	   79821.46	   88433.23	      24.60	      24.81	      24.00	      26.59	  190998.25	       1.00	       1.00	       1.00	       1.00	       1.00	       1.00	       1.00	       1.00	       1.00	       1.00	       1.00	       1.00	       1.00	       1.00	       1.00	       1.00	       1.00	       1.00	       1.00	       1.00	       1.00	       1.00	       1.00	       1.00	
 2025/07/24	    8.25	    8.31	    8.25	    8.28	        7088452	       8.20	       8.17	       8.20	       8.17	       8.02	       1.00	           	       0.00	       0.00	       0.00	       0.00	       0.00	          0	      70885	      79626	      80192	   78340.15	   80911.84	   80086.70	   87013.43	      24.00	      24.79	      24.54	      26.66	  190548.36	       1.00	       1.00	       1.00	       1.00	       1.00	       1.00	       1.00	       1.00	       1.00	       1.00	       1.00	       1.00	       1.00	       1.00	       1.00	       1.00	       1.00	       1.00	       1.00	       1.00	       1.00	       1.00	       1.00	       1.00	
 2025/07/25	    8.30	    8.38	    8.27	    8.35	        9178704	       8.22	       8.18	       8.22	       8.18	       8.02	       1.00	           	       0.00	       0.00	       0.00	       0.00	       0.00	          0	      91787	      81030	      82272	   80913.66	   81485.69	   80251.06	   83922.98	      24.78	      24.95	      24.57	      25.70	  189005.84	       1.00	       1.00	       1.00	       1.00	       1.00	       1.00	       1.00	       1.00	       1.00	       1.00	       1.00	       1.00	       1.00	       1.00	       1.00	       1.00	       1.00	       1.00	       1.00	       1.00	       1.00	       1.00	       1.00	       1.00	
 2025/07/28	    8.34	    8.37	    8.28	    8.32	        7505345	       8.24	       8.20	       8.24	       8.20	       8.02	       1.00	           	       0.00	       0.00	       0.00	       0.00	       0.00	          0	      75053	      79742	      81414	   79913.56	   78100.13	   80524.64	   83464.37	      24.82	      24.25	      25.01	      25.92	  188239.28	       1.00	       1.00	       1.00	       1.00	       1.00	       1.00	       1.00	       1.00	       1.00	       1.00	       1.00	       1.00	       1.00	       1.00	       1.00	       1.00	       1.00	       1.00	       1.00	       1.00	       1.00	       1.00	       1.00	       1.00	
 2025/07/29	    8.33	    8.34	    8.17	    8.26	        8412221	       8.24	       8.20	       8.24	       8.20	       8.02	       1.00	           	       0.00	       0.00	       0.00	       0.00	       0.00	          0	      84122	      80755	      81106	   80461.80	   81136.63	   81608.67	   81795.13	      24.76	      24.96	      25.11	      25.17	  187484.02	       1.00	       1.00	       1.00	       1.00	       1.00	       1.00	       1.00	       1.00	       1.00	       1.00	       1.00	       1.00	       1.00	       1.00	       1.00	       1.00	       1.00	       1.00	       1.00	       1.00	       1.00	       1.00	       1.00	       1.00	
 2025/07/30	    8.29	    8.29	    8.01	    8.15	        8970200	       8.23	       8.20	           	           	       8.02	       1.00	           	       0.00	       0.00	       0.00	       0.00	       0.00	          0	      89702	      82310	      79863	   85166.18	   81753.16	   81074.38	   83041.73	      25.73	      24.70	      24.49	      25.09	  186783.36	       1.00	       1.00	       1.00	       1.00	       1.00	       1.00	       1.00	       1.00	       1.00	       1.00	       1.00	       1.00	       1.00	       1.00	       1.00	       1.00	       1.00	       1.00	       1.00	       1.00	       1.00	       1.00	       1.00	       1.00	
 2025/07/31	    8.14	    8.21	    7.99	    8.02	        8806760	       8.20	       8.18	           	           	           	       0.00	           	       0.00	       0.00	       0.00	       0.00	       0.00	          0	      88068	      85746	      82686	   84236.31	   82574.98	   81593.39	   84344.30	      25.32	      24.82	      24.52	      25.35	  185870.56	       1.00	       1.00	       1.00	       1.00	       1.00	       1.00	       1.00	       1.00	       1.00	       1.00	       1.00	       1.00	       1.00	       1.00	       1.00	       1.00	       1.00	       1.00	       1.00	       1.00	       1.00	       1.00	       1.00	       1.00	
 2025/08/01	    8.00	    8.39	    8.00	    8.18	       21979816	       8.20	       8.18	           	           	           	       0.00	       7.99	       1.00	       0.00	       0.00	       0.00	       0.00	          0	     219798	     111349	      96189	  120422.49	  100168.02	   90652.95	   89134.34	      30.08	      25.02	      22.64	      22.26	  185910.36	       1.00	       1.00	       1.00	       1.00	       1.00	       1.00	       1.00	       1.00	       1.00	       1.00	       1.00	       1.00	       1.00	       1.00	       1.00	       1.00	       1.00	       1.00	       1.00	       1.00	       1.00	       1.00	       1.00	       1.00	
 2025/08/04	    8.19	    8.25	    8.10	    8.23	       11680580	       8.20	       8.19	       8.20	       8.19	           	       0.00	       7.99	       1.00	       0.00	       0.00	       0.00	       0.00	          0	     116806	     119699	      99720	  128593.38	  104527.59	   93516.84	   89943.58	      30.87	      25.09	      22.45	      21.59	  185464.97	       1.00	       1.00	       1.00	       1.00	       1.00	       1.00	       1.00	       1.00	       1.00	       1.00	       1.00	       1.00	       1.00	       1.00	       1.00	       1.00	       1.00	       1.00	       1.00	       1.00	       1.00	       1.00	       1.00	       1.00	
 2025/08/05	    8.23	    8.36	    8.23	    8.33	        9999435	       8.22	       8.20	       8.22	       8.20	           	       0.00	       7.99	       1.00	       0.00	       0.00	       0.00	       0.00	          0	      99994	     122874	     101814	  131166.48	  108166.33	   94539.09	   90859.91	      30.88	      25.47	      22.26	      21.39	  184756.77	       1.00	       1.00	       1.00	       1.00	       1.00	       1.00	       1.00	       1.00	       1.00	       1.00	       1.00	       1.00	       1.00	       1.00	       1.00	       1.00	       1.00	       1.00	       1.00	       1.00	       1.00	       1.00	       1.00	       1.00	
 2025/08/06	    8.34	    8.42	    8.30	    8.40	       14014216	       8.24	       8.22	       8.24	       8.22	           	       0.00	       7.99	       1.00	       0.00	       0.00	       0.00	       0.00	          0	     140142	     132962	     107636	  144185.13	  114210.72	   97848.22	   92757.09	      32.11	      25.44	      21.79	      20.66	  184419.92	       1.00	       1.00	       1.00	       1.00	       1.00	       1.00	       1.00	       1.00	       1.00	       1.00	       1.00	       1.00	       1.00	       1.00	       1.00	       1.00	       1.00	       1.00	       1.00	       1.00	       1.00	       1.00	       1.00	       1.00	
 2025/08/07	    8.41	    8.45	    8.32	    8.36	       10506600	       8.26	       8.23	       8.26	       8.23	           	       0.00	       7.99	       1.00	       0.00	       0.00	       0.00	       0.00	          0	     105066	     136361	     111054	  115502.08	  117962.29	   98031.21	   92701.40	      27.23	      27.81	      23.11	      21.85	  183952.84	       1.00	       1.00	       1.00	       1.00	       1.00	       1.00	       1.00	       1.00	       1.00	       1.00	       1.00	       1.00	       1.00	       1.00	       1.00	       1.00	       1.00	       1.00	       1.00	       1.00	       1.00	       1.00	       1.00	       1.00	
 2025/08/08	    8.37	    8.38	    8.28	    8.33	        7751320	       8.27	       8.24	       8.27	       8.24	           	       0.00	       7.99	       1.00	       0.00	       0.00	       0.00	       0.00	          0	      77513	     107904	     109626	  105678.93	  117136.16	   99136.39	   89032.30	      25.71	      28.50	      24.12	      21.66	  183641.86	       1.00	       1.00	       1.00	       1.00	       1.00	       1.00	       1.00	       1.00	       1.00	       1.00	       1.00	       1.00	       1.00	       1.00	       1.00	       1.00	       1.00	       1.00	       1.00	       1.00	       1.00	       1.00	       1.00	       1.00	
 2025/08/11	    8.33	    8.47	    8.32	    8.45	        9346588	       8.29	       8.26	       8.29	       8.26	           	       0.00	       7.99	       1.00	       0.00	       0.00	       0.00	       0.00	          0	      93466	     103236	     111468	  104046.81	  117606.64	   99679.91	   89110.90	      25.35	      28.65	      24.29	      21.71	  183479.41	       1.00	       1.00	       1.00	       1.00	       1.00	       1.00	       1.00	       1.00	       1.00	       1.00	       1.00	       1.00	       1.00	       1.00	       1.00	       1.00	       1.00	       1.00	       1.00	       1.00	       1.00	       1.00	       1.00	       1.00	
 2025/08/12	    8.45	    8.52	    8.40	    8.45	        9972700	       8.31	       8.28	       8.31	       8.28	           	       0.00	       7.99	       1.00	       0.00	       0.00	       0.00	       0.00	          0	      99727	     103183	     113028	   93943.02	  119064.06	  100819.53	   90223.63	      23.25	      29.47	      24.95	      22.33	  183308.94	       1.00	       1.00	       1.00	       1.00	       1.00	       1.00	       1.00	       1.00	       1.00	       1.00	       1.00	       1.00	       1.00	       1.00	       1.00	       1.00	       1.00	       1.00	       1.00	       1.00	       1.00	       1.00	       1.00	       1.00	
 2025/08/13	    8.48	    9.30	    8.46	    9.30	       37566088	       8.44	       8.37	       8.44	       8.37	           	       0.00	       7.99	       1.00	       0.00	       0.00	       0.00	       0.00	          0	     375661	     150287	     141624	  161591.73	  138546.91	  119357.47	   99738.59	      31.12	      26.68	      22.99	      19.21	  184644.72	       1.00	       1.00	       1.00	       1.00	       1.00	       1.00	       1.00	       1.00	       1.00	       1.00	       1.00	       1.00	       1.00	       1.00	       1.00	       1.00	       1.00	       1.00	       1.00	       1.00	       1.00	       1.00	       1.00	       1.00	
 2025/08/14	   10.00	   10.23	    9.80	   10.23	       70267552	       8.68	       8.54	       8.68	       8.54	           	       0.00	       7.99	       1.00	       0.00	       0.00	       0.00	       0.00	          0	     702676	     269809	     203085	  317882.31	  211780.63	  158154.11	  118987.79	      39.40	      26.25	      19.60	      14.75	  187967.48	       1.00	       1.00	       1.00	       1.00	       1.00	       1.00	       1.00	       1.00	       1.00	       1.00	       1.00	       1.00	       1.00	       1.00	       1.00	       1.00	       1.00	       1.00	       1.00	       1.00	       1.00	       1.00	       1.00	       1.00	
 2025/08/15	   11.11	   11.25	   10.50	   11.25	      159276512	       9.03	       8.78	       9.03	       8.78	           	       0.00	       7.99	       1.00	       0.00	       0.00	       0.00	       0.00	          0	    1592765	     572859	     340382	  692707.13	  398377.00	  253271.66	  166679.17	      45.84	      26.36	      16.76	      11.03	  196256.56	       1.00	       1.00	       1.00	       1.00	       1.00	       1.00	       1.00	       1.00	       1.00	       1.00	       1.00	       1.00	       1.00	       1.00	       1.00	       1.00	       1.00	       1.00	       1.00	       1.00	       1.00	       1.00	       1.00	       1.00	
 2025/08/18	   11.83	   12.38	   11.25	   11.68	      167189936	       9.38	       9.05	       9.38	       9.05	           	       0.00	       7.99	       1.00	       0.00	       0.00	       0.00	       0.00	          0	    1671899	     888546	     495891	 1085750.25	  589846.63	  352028.66	  216139.84	      48.39	      26.29	      15.69	       9.63	  205069.80	       1.00	       1.00	       1.00	       1.00	       1.00	       1.00	       1.00	       1.00	       1.00	       1.00	       1.00	       1.00	       1.00	       1.00	       1.00	       1.00	       1.00	       1.00	       1.00	       1.00	       1.00	       1.00	       1.00	       1.00	
 2025/08/19	   12.62	   12.85	   12.60	   12.85	       34657376	       9.84	       9.39	       9.84	       9.39	           	       0.00	       7.99	       1.00	       0.00	       0.00	       0.00	       0.00	          0	     346574	     937915	     520549	 1078478.50	  620035.13	  368998.69	  224761.66	      47.05	      27.05	      16.10	       9.81	  206236.02	       1.00	       1.00	       1.00	       1.00	       1.00	       1.00	       1.00	       1.00	       1.00	       1.00	       1.00	       1.00	       1.00	       1.00	       1.00	       1.00	       1.00	       1.00	       1.00	       1.00	       1.00	       1.00	       1.00	       1.00	
 2025/08/20	   13.89	   14.14	   13.08	   14.14	      116832144	      10.42	       9.83	      10.42	       9.83	           	       0.00	       7.99	       1.00	       0.00	       0.00	       0.00	       0.00	          0	    1168322	    1096447	     623367	 1194889.88	  756386.13	  436761.13	  259184.88	      45.14	      28.57	      16.50	       9.79	  212065.80	       1.00	       1.00	       1.00	       1.00	       1.00	       1.00	       1.00	       1.00	       1.00	       1.00	       1.00	       1.00	       1.00	       1.00	       1.00	       1.00	       1.00	       1.00	       1.00	       1.00	       1.00	       1.00	       1.00	       1.00	
 2025/08/21	   13.32	   13.75	   12.73	   12.73	       96506592	      10.72	      10.09	      10.72	      10.09	           	       0.00	       7.99	       1.00	       0.00	       0.00	       0.00	       0.00	          0	     965066	    1148925	     709367	 1037965.13	  865336.13	  491471.38	  286272.84	      38.71	      32.28	      18.33	      10.68	  217003.16	       1.00	       1.00	       1.00	       1.00	       1.00	       1.00	       1.00	       1.00	       1.00	       1.00	       1.00	       1.00	       1.00	       1.00	       1.00	       1.00	       1.00	       1.00	       1.00	       1.00	       1.00	       1.00	       1.00	       1.00	
 2025/08/22	   13.10	   13.28	   11.91	   13.06	      124237880	      11.04	      10.36	      11.04	      10.36	           	       0.00	       7.99	       1.00	       0.00	       0.00	       0.00	       0.00	          0	    1242379	    1078848	     825853	  930585.00	 1008167.63	  563615.81	  322604.56	      32.94	      35.69	      19.95	      11.42	  223264.48	       1.00	       1.00	       1.00	       1.00	       1.00	       1.00	       1.00	       1.00	       1.00	       1.00	       1.00	       1.00	       1.00	       1.00	       1.00	       1.00	       1.00	       1.00	       1.00	       1.00	       1.00	       1.00	       1.00	       1.00	
 2025/08/25	   12.31	   14.37	   11.75	   13.70	      154446160	      11.39	      10.66	      11.39	      10.66	           	       0.00	       7.99	       1.00	       0.00	       0.00	       0.00	       0.00	          0	    1544462	    1053360	     970953	 1230057.00	 1154267.75	  646407.31	  368530.09	      36.19	      33.96	      19.02	      10.84	  230692.72	       1.00	       1.00	       1.00	       1.00	       1.00	       1.00	       1.00	       1.00	       1.00	       1.00	       1.00	       1.00	       1.00	       1.00	       1.00	       1.00	       1.00	       1.00	       1.00	       1.00	       1.00	       1.00	       1.00	       1.00	
 2025/08/26	   14.28	   15.07	   14.27	   15.07	      136511712	      11.88	      11.06	      11.88	      11.06	           	       0.00	       7.99	       1.00	       0.00	       0.00	       0.00	       0.00	          0	    1365117	    1257069	    1097492	 1279255.88	 1237073.00	  724426.81	  408971.81	      35.05	      33.89	      19.85	      11.21	  237223.75	       1.00	       1.00	       1.00	       1.00	       1.00	       1.00	       1.00	       1.00	       1.00	       1.00	       1.00	       1.00	       1.00	       1.00	       1.00	       1.00	       1.00	       1.00	       1.00	       1.00	       1.00	       1.00	       1.00	       1.00	
 2025/08/27	   15.08	   16.27	   14.20	   15.42	      163735744	      12.35	      11.46	      12.35	      11.46	           	       0.00	           	       0.00	       0.00	       0.00	       0.00	       0.00	          0	    1637358	    1350876	    1223662	 1447328.75	 1242646.88	  820511.94	  457525.50	      36.47	      31.32	      20.68	      11.53	  245282.05	       1.00	       1.00	       1.00	       1.00	       1.00	       1.00	       1.00	       1.00	       1.00	       1.00	       1.00	       1.00	       1.00	       1.00	       1.00	       1.00	       1.00	       1.00	       1.00	       1.00	       1.00	       1.00	       1.00	       1.00	
 2025/08/28	   14.50	   15.00	   13.88	   14.48	      126356696	      12.64	      11.73	      12.64	      11.73	      16.27	       1.00	           	       0.00	       0.00	       0.00	       0.00	       0.00	          0	    1263567	    1410576	    1279751	 1452625.75	 1191605.50	  890726.06	  494287.13	      36.05	      29.57	      22.11	      12.27	  251419.52	       1.00	       1.00	       1.00	       1.00	       1.00	       1.00	       1.00	       1.00	       1.00	       1.00	       1.00	       1.00	       1.00	       1.00	       1.00	       1.00	       1.00	       1.00	       1.00	       1.00	       1.00	       1.00	       1.00	       1.00	
 2025/08/29	   13.70	   14.22	   13.03	   13.03	      115598672	      12.69	      11.85	      12.69	      11.85	      16.27	       1.00	           	       0.00	       0.00	       0.00	       0.00	       0.00	          0	    1155987	    1393298	    1236073	 1355507.13	 1292782.00	  956408.56	  527219.88	      32.81	      31.29	      23.15	      12.76	  257143.69	       1.00	       1.00	       1.00	       1.00	       1.00	       1.00	       1.00	       1.00	       1.00	       1.00	       1.00	       1.00	       1.00	       1.00	       1.00	       1.00	       1.00	       1.00	       1.00	       1.00	       1.00	       1.00	       1.00	       1.00	
 2025/09/01	   12.50	   12.68	   11.85	   11.88	      104623696	      12.58	      11.85	           	      11.85	      16.27	       1.00	           	       0.00	       0.00	       0.00	       0.00	       0.00	          0	    1046237	    1293653	    1173507	 1275787.00	 1277521.38	 1016953.75	  558045.13	      30.90	      30.95	      24.63	      13.52	  262154.88	       1.00	       1.00	       1.00	       1.00	       1.00	       1.00	       1.00	       1.00	       1.00	       1.00	       1.00	       1.00	       1.00	       1.00	       1.00	       1.00	       1.00	       1.00	       1.00	       1.00	       1.00	       1.00	       1.00	       1.00	
 2025/09/02	   11.54	   11.58	   10.95	   11.05	       88914328	      12.38	      11.78	           	           	      16.27	       1.00	           	       0.00	       0.00	       0.00	       0.00	       0.00	          0	     889143	    1198458	    1227764	 1088733.50	 1268031.13	 1066683.50	  583181.81	      27.17	      31.65	      26.62	      14.56	  266370.44	       1.00	       1.00	       1.00	       1.00	       1.00	       1.00	       1.00	       1.00	       1.00	       1.00	       1.00	       1.00	       1.00	       1.00	       1.00	       1.00	       1.00	       1.00	       1.00	       1.00	       1.00	       1.00	       1.00	       1.00	
 2025/09/03	   11.05	   11.15	   10.72	   10.83	       53421716	      12.17	      11.69	           	           	      16.27	       1.00	           	       0.00	       0.00	       0.00	       0.00	       0.00	          0	     534217	     977830	    1164353	  906396.06	 1179510.88	 1093839.25	  597329.50	      24.00	      31.23	      28.96	      15.81	  268703.97	       1.00	       1.00	       1.00	       1.00	       1.00	       1.00	       1.00	       1.00	       1.00	       1.00	       1.00	       1.00	       1.00	       1.00	       1.00	       1.00	       1.00	       1.00	       1.00	       1.00	       1.00	       1.00	       1.00	       1.00	
 2025/09/04	   10.84	   10.90	   10.38	   10.61	       47852232	      11.96	      11.60	           	           	      16.27	       1.00	           	       0.00	       0.00	       0.00	       0.00	       0.00	          0	     478522	     820821	    1115699	  737029.94	 1046268.50	 1100268.13	  609812.81	      21.10	      29.95	      31.50	      17.46	  270412.31	       1.00	       1.00	       1.00	       1.00	       1.00	       1.00	       1.00	       1.00	       1.00	       1.00	       1.00	       1.00	       1.00	       1.00	       1.00	       1.00	       1.00	       1.00	       1.00	       1.00	       1.00	       1.00	       1.00	       1.00	
 2025/09/05	   10.58	   10.73	   10.43	   10.67	       42999556	      11.79	      11.51	           	           	      16.27	       1.00	           	       0.00	       0.00	       0.00	       0.00	       0.00	          0	     429996	     675623	    1034461	  582969.56	  929378.31	 1083225.63	  620689.88	      18.13	      28.90	      33.68	      19.30	  272205.22	       1.00	       1.00	       1.00	       1.00	       1.00	       1.00	       1.00	       1.00	       1.00	       1.00	       1.00	       1.00	       1.00	       1.00	       1.00	       1.00	       1.00	       1.00	       1.00	       1.00	       1.00	       1.00	       1.00	       1.00	
 2025/09/08	   10.66	   10.83	   10.50	   10.65	       39104588	      11.64	      11.43	           	           	      16.27	       1.00	           	       0.00	       0.00	       0.00	       0.00	       0.00	          0	     391046	     544585	     919119	  458445.25	  773589.38	 1008118.19	  630695.00	      15.97	      26.95	      35.12	      21.97	  272967.44	       1.00	       1.00	       1.00	       1.00	       1.00	       1.00	       1.00	       1.00	       1.00	       1.00	       1.00	       1.00	       1.00	       1.00	       1.00	       1.00	       1.00	       1.00	       1.00	       1.00	       1.00	       1.00	       1.00	       1.00	
 2025/09/09	   10.65	   10.67	   10.34	   10.39	       35255984	      11.47	      11.34	           	           	           	       0.00	           	       0.00	       0.00	       0.00	       0.00	       0.00	          0	     352560	     437268	     817863	  413030.88	  659713.50	  925659.50	  638844.13	      15.66	      25.02	      35.10	      24.22	  274073.50	       1.00	       1.00	       1.00	       1.00	       1.00	       1.00	       1.00	       1.00	       1.00	       1.00	       1.00	       1.00	       1.00	       1.00	       1.00	       1.00	       1.00	       1.00	       1.00	       1.00	       1.00	       1.00	       1.00	       1.00	
 2025/09/10	   10.38	   10.68	   10.38	   10.58	       39515448	      11.35	      11.27	           	           	           	       0.00	      10.34	       1.00	       0.00	       0.00	       0.00	       0.00	          0	     395154	     409456	     693643	  392188.94	  564609.44	  928695.75	  648847.31	      15.47	      22.28	      36.64	      25.60	  275710.16	       1.00	       1.00	       1.00	       1.00	       1.00	       1.00	       1.00	       1.00	       1.00	       1.00	       1.00	       1.00	       1.00	       1.00	       1.00	       1.00	       1.00	       1.00	       1.00	       1.00	       1.00	       1.00	       1.00	       1.00	
 2025/09/11	   10.57	   10.82	   10.39	   10.77	       40509060	      11.28	      11.22	           	           	           	       0.00	      10.34	       1.00	       0.00	       0.00	       0.00	       0.00	          0	     405091	     394769	     607795	  385962.69	  484466.13	  880993.88	  658877.63	      16.01	      20.10	      36.55	      27.34	  277261.69	       1.00	       1.00	       1.00	       1.00	       1.00	       1.00	       1.00	       1.00	       1.00	       1.00	       1.00	       1.00	       1.00	       1.00	       1.00	       1.00	       1.00	       1.00	       1.00	       1.00	       1.00	       1.00	       1.00	       1.00	
 2025/09/12	   10.77	   10.93	   10.66	   10.71	       43863312	      11.20	      11.18	           	           	           	       0.00	      10.34	       1.00	       0.00	       0.00	       0.00	       0.00	          0	     438633	     396497	     536060	  397859.53	  428152.38	  848091.75	  669781.69	      16.97	      18.27	      36.18	      28.58	  279261.03	       1.00	       1.00	       1.00	       1.00	       1.00	       1.00	       1.00	       1.00	       1.00	       1.00	       1.00	       1.00	       1.00	       1.00	       1.00	       1.00	       1.00	       1.00	       1.00	       1.00	       1.00	       1.00	       1.00	       1.00	
 2025/09/15	   10.80	   11.24	   10.79	   11.18	       65382976	      11.20	      11.18	           	      11.18	           	       0.00	      10.34	       1.00	       0.00	       0.00	       0.00	       0.00	          0	     653830	     449054	     496819	  473177.00	  443103.91	  811307.44	  687461.69	      19.59	      18.35	      33.59	      28.47	  282400.81	       1.00	       1.00	       1.00	       1.00	       1.00	       1.00	       1.00	       1.00	       1.00	       1.00	       1.00	       1.00	       1.00	       1.00	       1.00	       1.00	       1.00	       1.00	       1.00	       1.00	       1.00	       1.00	       1.00	       1.00	
 2025/09/16	   11.07	   11.35	   10.90	   11.12	       52352676	      11.19	      11.17	           	           	           	       0.00	      10.34	       1.00	       0.00	       0.00	       0.00	       0.00	          0	     523527	     483247	     460258	  505270.06	  448729.50	  747499.06	  696953.25	      21.07	      18.71	      31.17	      29.06	  284884.09	       1.00	       1.00	       1.00	       1.00	       1.00	       1.00	       1.00	       1.00	       1.00	       1.00	       1.00	       1.00	       1.00	       1.00	       1.00	       1.00	       1.00	       1.00	       1.00	       1.00	       1.00	       1.00	       1.00	       1.00	
 2025/09/17	   11.01	   11.08	   10.83	   10.87	       39837048	      11.14	      11.15	           	           	           	       0.00	      10.34	       1.00	       0.00	       0.00	       0.00	       0.00	          0	     398370	     483890	     446673	  503590.03	  444776.38	  687077.38	  705752.19	      21.51	      19.00	      29.35	      30.14	  286477.56	       1.00	       1.00	       1.00	       1.00	       1.00	       1.00	       1.00	       1.00	       1.00	       1.00	       1.00	       1.00	       1.00	       1.00	       1.00	       1.00	       1.00	       1.00	       1.00	       1.00	       1.00	       1.00	       1.00	       1.00	
 2025/09/18	   10.86	   11.96	   10.86	   11.96	      114620528	      11.25	      11.22	      11.25	      11.22	           	       0.00	      10.34	       1.00	       0.00	       0.00	       0.00	       0.00	          0	    1146205	     632113	     513441	  680483.06	  539171.31	  656380.38	  738446.25	      26.03	      20.62	      25.11	      28.24	  292424.56	       1.00	       1.00	       1.00	       1.00	       1.00	       1.00	       1.00	       1.00	       1.00	       1.00	       1.00	       1.00	       1.00	       1.00	       1.00	       1.00	       1.00	       1.00	       1.00	       1.00	       1.00	       1.00	       1.00	       1.00	
 2025/09/19	   12.00	   12.05	   11.36	   11.58	       84826928	      11.30	      11.25	      11.30	      11.25	           	       0.00	           	       0.00	       0.00	       0.00	       0.00	       0.00	          0	     848269	     714040	     555269	  729092.94	  601134.94	  630424.25	  760575.19	      26.79	      22.09	      23.17	      27.95	  296349.88	       1.00	       1.00	       1.00	       1.00	       1.00	       1.00	       1.00	       1.00	       1.00	       1.00	       1.00	       1.00	       1.00	       1.00	       1.00	       1.00	       1.00	       1.00	       1.00	       1.00	       1.00	       1.00	       1.00	       1.00	
 2025/09/22	   11.38	   11.61	   11.15	   11.34	       45859368	      11.30	      11.26	      11.30	      11.26	      12.05	       1.00	           	       0.00	       0.00	       0.00	       0.00	       0.00	          0	     458594	     674993	     562023	  712859.69	  609064.88	  586837.19	  771623.00	      26.60	      22.72	      21.89	      28.79	  298230.38	       1.00	       1.00	       1.00	       1.00	       1.00	       1.00	       1.00	       1.00	       1.00	       1.00	       1.00	       1.00	       1.00	       1.00	       1.00	       1.00	       1.00	       1.00	       1.00	       1.00	       1.00	       1.00	       1.00	       1.00	
 2025/09/23	   11.26	   11.96	   10.88	   11.55	       74458672	      11.34	      11.29	      11.34	      11.29	      12.05	       1.00	           	       0.00	       0.00	       0.00	       0.00	       0.00	          0	     744587	     719205	     601226	  799413.75	  651501.88	  567984.00	  792468.94	      28.44	      23.17	      20.20	      28.19	  301790.00	       1.00	       1.00	       1.00	       1.00	       1.00	       1.00	       1.00	       1.00	       1.00	       1.00	       1.00	       1.00	       1.00	       1.00	       1.00	       1.00	       1.00	       1.00	       1.00	       1.00	       1.00	       1.00	       1.00	       1.00	
 2025/09/24	   11.28	   11.28	   10.90	   11.20	       54411804	      11.32	      11.28	           	           	      12.05	       1.00	           	       0.00	       0.00	       0.00	       0.00	       0.00	          0	     544118	     748355	     616122	  648891.94	  664687.50	  546419.94	  806551.75	      24.33	      24.93	      20.49	      30.25	  304315.34	       1.00	       1.00	       1.00	       1.00	       1.00	       1.00	       1.00	       1.00	       1.00	       1.00	       1.00	       1.00	       1.00	       1.00	       1.00	       1.00	       1.00	       1.00	       1.00	       1.00	       1.00	       1.00	       1.00	       1.00	
 2025/09/25	   11.10	   11.44	   11.04	   11.14	       34114260	      11.29	      11.27	           	           	      12.05	       1.00	           	       0.00	       0.00	       0.00	       0.00	       0.00	          0	     341143	     587342	     609728	  522110.25	  625601.63	  534352.81	  814096.06	      20.92	      25.06	      21.41	      32.61	  305650.78	       1.00	       1.00	       1.00	       1.00	       1.00	       1.00	       1.00	       1.00	       1.00	       1.00	       1.00	       1.00	       1.00	       1.00	       1.00	       1.00	       1.00	       1.00	       1.00	       1.00	       1.00	       1.00	       1.00	       1.00	
 2025/09/26	   10.92	   11.00	   10.50	   10.50	       43223384	      11.19	      11.20	           	           	      12.05	       1.00	           	       0.00	       0.00	       0.00	       0.00	       0.00	          0	     432234	     504135	     609088	  515520.31	  614190.00	  531459.81	  815864.06	      20.81	      24.80	      21.46	      32.94	  307449.44	       1.00	       1.00	       1.00	       1.00	       1.00	       1.00	       1.00	       1.00	       1.00	       1.00	       1.00	       1.00	       1.00	       1.00	       1.00	       1.00	       1.00	       1.00	       1.00	       1.00	       1.00	       1.00	       1.00	       1.00	
 2025/09/29	   10.45	   11.08	   10.41	   10.93	       42200348	      11.15	      11.17	           	           	      12.05	       1.00	           	       0.00	       0.00	       0.00	       0.00	       0.00	          0	     422003	     496817	     585905	  434874.50	  617144.13	  530960.25	  807093.00	      18.20	      25.82	      22.22	      33.77	  309188.34	       1.00	       1.00	       1.00	       1.00	       1.00	       1.00	       1.00	       1.00	       1.00	       1.00	       1.00	       1.00	       1.00	       1.00	       1.00	       1.00	       1.00	       1.00	       1.00	       1.00	       1.00	       1.00	       1.00	       1.00	
 2025/09/30	   11.05	   11.05	   10.82	   10.88	       21978388	      11.12	      11.15	           	           	      12.05	       1.00	           	       0.00	       0.00	       0.00	       0.00	       0.00	          0	     219784	     391856	     555531	  353790.97	  501341.47	  520256.38	  764187.31	      16.54	      23.43	      24.32	      35.72	  309907.28	       1.00	       1.00	       1.00	       1.00	       1.00	       1.00	       1.00	       1.00	       1.00	       1.00	       1.00	       1.00	       1.00	       1.00	       1.00	       1.00	       1.00	       1.00	       1.00	       1.00	       1.00	       1.00	       1.00	       1.00	
 2025/10/09	   10.92	   10.96	   10.72	   10.76	       22658648	      11.07	      11.11	           	           	      12.05	       1.00	           	       0.00	       0.00	       0.00	       0.00	       0.00	          0	     226586	     328350	     538352	  325151.94	  423631.13	  512383.00	  719021.25	      16.42	      21.39	      25.88	      36.31	  310737.19	       1.00	       1.00	       1.00	       1.00	       1.00	       1.00	       1.00	       1.00	       1.00	       1.00	       1.00	       1.00	       1.00	       1.00	       1.00	       1.00	       1.00	       1.00	       1.00	       1.00	       1.00	       1.00	       1.00	       1.00	
 2025/10/10	   10.76	   10.98	   10.60	   10.66	       19672276	      11.01	      11.07	           	           	      12.05	       1.00	           	       0.00	       0.00	       0.00	       0.00	       0.00	          0	     196723	     299466	     443404	  266274.16	  390897.25	  499981.03	  714338.44	      14.23	      20.89	      26.72	      38.17	  311302.16	       1.00	       1.00	       1.00	       1.00	       1.00	       1.00	       1.00	       1.00	       1.00	       1.00	       1.00	       1.00	       1.00	       1.00	       1.00	       1.00	       1.00	       1.00	       1.00	       1.00	       1.00	       1.00	       1.00	       1.00	
 2025/10/13	   10.10	   10.42	    9.93	   10.40	       24500280	      10.93	      11.01	           	           	           	       0.00	           	       0.00	       0.00	       0.00	       0.00	       0.00	          0	     245003	     262020	     383077	  222023.98	  328449.25	  489975.56	  685484.69	      12.86	      19.03	      28.39	      39.72	  312147.81	       1.00	       1.00	       1.00	       1.00	       1.00	       1.00	       1.00	       1.00	       1.00	       1.00	       1.00	       1.00	       1.00	       1.00	       1.00	       1.00	       1.00	       1.00	       1.00	       1.00	       1.00	       1.00	       1.00	       1.00	
 2025/10/14	   10.38	   10.59	   10.21	   10.27	       19442840	      10.84	      10.94	           	           	           	       0.00	       9.93	       1.00	       0.00	       0.00	       0.00	       0.00	          0	     194428	     216505	     356661	  215685.11	  284738.03	  474712.75	  661402.25	      13.18	      17.40	      29.01	      40.41	  311767.44	       1.00	       1.00	       1.00	       1.00	       1.00	       1.00	       1.00	       1.00	       1.00	       1.00	       1.00	       1.00	       1.00	       1.00	       1.00	       1.00	       1.00	       1.00	       1.00	       1.00	       1.00	       1.00	       1.00	       1.00	
 2025/10/15	   10.20	   10.50	   10.20	   10.48	       16841600	      10.80	      10.90	           	           	           	       0.00	       9.93	       1.00	       0.00	       0.00	       0.00	       0.00	          0	     168416	     206231	     299044	  201142.48	  263147.19	  444374.38	  627840.94	      13.09	      17.13	      28.92	      40.86	  310865.06	       1.00	       1.00	       1.00	       1.00	       1.00	       1.00	       1.00	       1.00	       1.00	       1.00	       1.00	       1.00	       1.00	       1.00	       1.00	       1.00	       1.00	       1.00	       1.00	       1.00	       1.00	       1.00	       1.00	       1.00	
 2025/10/16	   10.45	   10.45	   10.30	   10.32	       14830965	      10.73	      10.85	           	           	           	       0.00	       9.93	       1.00	       0.00	       0.00	       0.00	       0.00	          0	     148310	     190576	     259463	  189039.22	  227656.69	  420923.28	  584211.19	      13.30	      16.01	      29.60	      41.09	  310784.13	       1.00	       1.00	       1.00	       1.00	       1.00	       1.00	       1.00	       1.00	       1.00	       1.00	       1.00	       1.00	       1.00	       1.00	       1.00	       1.00	       1.00	       1.00	       1.00	       1.00	       1.00	       1.00	       1.00	       1.00	
 2025/10/17	   10.32	   10.38	    9.98	   10.00	       18411400	      10.63	      10.77	           	           	           	       0.00	       9.93	       1.00	       0.00	       0.00	       0.00	       0.00	          0	     184114	     188054	     243760	  173817.02	  197920.50	  407532.25	  547304.81	      13.10	      14.92	      30.72	      41.26	  304991.72	       1.00	       1.00	       1.00	       1.00	       1.00	       1.00	       1.00	       1.00	       1.00	       1.00	       1.00	       1.00	       1.00	       1.00	       1.00	       1.00	       1.00	       1.00	       1.00	       1.00	       1.00	       1.00	       1.00	       1.00	
 2025/10/20	   10.14	   10.18	   10.03	   10.11	       10907420	      10.56	      10.71	           	           	           	       0.00	       9.93	       1.00	       0.00	       0.00	       0.00	       0.00	          0	     109074	     160868	     211444	  152478.47	  184081.78	  342711.56	  499545.94	      12.93	      15.62	      29.07	      42.38	  301206.97	       1.00	       1.00	       1.00	       1.00	       1.00	       1.00	       1.00	       1.00	       1.00	       1.00	       1.00	       1.00	       1.00	       1.00	       1.00	       1.00	       1.00	       1.00	       1.00	       1.00	       1.00	       1.00	       1.00	       1.00	
 2025/10/21	   10.11	   10.23	   10.07	   10.21	       12036200	      10.52	      10.66	           	           	           	       0.00	       9.93	       1.00	       0.00	       0.00	       0.00	       0.00	          0	     120362	     146055	     181280	  140464.97	  170803.72	  297217.38	  463820.78	      13.10	      15.93	      27.72	      43.25	  298643.72	       1.00	       1.00	       1.00	       1.00	       1.00	       1.00	       1.00	       1.00	       1.00	       1.00	       1.00	       1.00	       1.00	       1.00	       1.00	       1.00	       1.00	       1.00	       1.00	       1.00	       1.00	       1.00	       1.00	       1.00	
 2025/10/22	   10.17	   10.37	   10.09	   10.24	       11012298	      10.48	      10.63	           	           	           	       0.00	       9.93	       1.00	       0.00	       0.00	       0.00	       0.00	          0	     110123	     134397	     170314	  130918.30	  159978.75	  275437.97	  431137.53	      13.13	      16.04	      27.61	      43.22	  297224.78	       1.00	       1.00	       1.00	       1.00	       1.00	       1.00	       1.00	       1.00	       1.00	       1.00	       1.00	       1.00	       1.00	       1.00	       1.00	       1.00	       1.00	       1.00	       1.00	       1.00	       1.00	       1.00	       1.00	       1.00	
 2025/10/23	   10.19	   10.21	   10.01	   10.19	       11231980	      10.44	      10.59	           	           	           	       0.00	       9.93	       1.00	       0.00	       0.00	       0.00	       0.00	          0	     112320	     127199	     158887	  112969.75	  143393.38	  235921.28	  401952.63	      12.63	      16.04	      26.38	      44.95	  295749.59	       1.00	       1.00	       1.00	       1.00	       1.00	       1.00	       1.00	       1.00	       1.00	       1.00	       1.00	       1.00	       1.00	       1.00	       1.00	       1.00	       1.00	       1.00	       1.00	       1.00	       1.00	       1.00	       1.00	       1.00	
 2025/10/24	   10.25	   10.30	   10.18	   10.27	       12790880	      10.42	      10.56	           	           	           	       0.00	       9.93	       1.00	       0.00	       0.00	       0.00	       0.00	          0	     127909	     115958	     152006	  117678.39	  135078.42	  209908.20	  378164.06	      14.00	      16.06	      24.96	      44.98	  294903.44	       1.00	       1.00	       1.00	       1.00	       1.00	       1.00	       1.00	       1.00	       1.00	       1.00	       1.00	       1.00	       1.00	       1.00	       1.00	       1.00	       1.00	       1.00	       1.00	       1.00	       1.00	       1.00	       1.00	       1.00	
 2025/10/27	   10.39	   10.39	   10.24	   10.35	       14132920	      10.41	      10.54	           	           	           	       0.00	       9.93	       1.00	       0.00	       0.00	       0.00	       0.00	          0	     141329	     122409	     141639	  122920.20	  131692.58	  197419.89	  365886.31	      15.03	      16.10	      24.14	      44.73	  293819.44	       1.00	       1.00	       1.00	       1.00	       1.00	       1.00	       1.00	       1.00	       1.00	       1.00	       1.00	       1.00	       1.00	       1.00	       1.00	       1.00	       1.00	       1.00	       1.00	       1.00	       1.00	       1.00	       1.00	       1.00	
 2025/10/28	   10.40	   10.46	   10.30	   10.37	       12248172	      10.40	      10.52	           	           	           	       0.00	       9.93	       1.00	       0.00	       0.00	       0.00	       0.00	          0	     122482	     122833	     134444	  126009.89	  128464.09	  178060.38	  354760.06	      16.01	      16.32	      22.62	      45.06	  292362.06	       1.00	       1.00	       1.00	       1.00	       1.00	       1.00	       1.00	       1.00	       1.00	       1.00	       1.00	       1.00	       1.00	       1.00	       1.00	       1.00	       1.00	       1.00	       1.00	       1.00	       1.00	       1.00	       1.00	       1.00	
 2025/10/29	   10.38	   10.39	   10.24	   10.38	       10651114	      10.40	      10.51	           	           	           	       0.00	       9.93	       1.00	       0.00	       0.00	       0.00	       0.00	          0	     106511	     122110	     128253	  124557.72	  118763.73	  158342.09	  344651.16	      16.69	      15.91	      21.22	      46.18	  291695.09	       1.00	       1.00	       1.00	       1.00	       1.00	       1.00	       1.00	       1.00	       1.00	       1.00	       1.00	       1.00	       1.00	       1.00	       1.00	       1.00	       1.00	       1.00	       1.00	       1.00	       1.00	       1.00	       1.00	       1.00	
 2025/10/30	   10.35	   10.38	   10.09	   10.13	       13918600	      10.36	      10.48	           	           	           	       0.00	       9.93	       1.00	       0.00	       0.00	       0.00	       0.00	          0	     139186	     127483	     127341	  127377.02	  122527.71	  153304.75	  336780.56	      17.21	      16.56	      20.72	      45.51	  291066.03	       1.00	       1.00	       1.00	       1.00	       1.00	       1.00	       1.00	       1.00	       1.00	       1.00	       1.00	       1.00	       1.00	       1.00	       1.00	       1.00	       1.00	       1.00	       1.00	       1.00	       1.00	       1.00	       1.00	       1.00	
 2025/10/31	   10.08	   10.48	   10.06	   10.35	       20480400	      10.36	      10.46	           	           	           	       0.00	           	       0.00	       0.00	       0.00	       0.00	       0.00	          0	     204804	     142862	     129410	  143245.72	  133082.95	  151943.34	  332163.19	      18.84	      17.50	      19.98	      43.68	  290399.97	       1.00	       1.00	       1.00	       1.00	       1.00	       1.00	       1.00	       1.00	       1.00	       1.00	       1.00	       1.00	       1.00	       1.00	       1.00	       1.00	       1.00	       1.00	       1.00	       1.00	       1.00	       1.00	       1.00	       1.00	
 2025/11/03	   10.32	   10.58	   10.19	   10.50	       26727646	      10.38	      10.47	      10.38	      10.47	           	       0.00	           	       0.00	       0.00	       0.00	       0.00	       0.00	          0	     267276	     168052	     145230	  179444.41	  152727.14	  156352.95	  328167.00	      21.97	      18.70	      19.14	      40.18	  290001.38	       1.00	       1.00	       1.00	       1.00	       1.00	       1.00	       1.00	       1.00	       1.00	       1.00	       1.00	       1.00	       1.00	       1.00	       1.00	       1.00	       1.00	       1.00	       1.00	       1.00	       1.00	       1.00	       1.00	       1.00	
 2025/11/04	   10.43	   10.46	   10.17	   10.27	       18051976	      10.37	      10.45	           	           	      10.58	       1.00	           	       0.00	       0.00	       0.00	       0.00	       0.00	          0	     180520	     179659	     151246	  197946.56	  161252.14	  152322.77	  321149.16	      23.77	      19.37	      18.29	      38.57	  289685.47	       1.00	       1.00	       1.00	       1.00	       1.00	       1.00	       1.00	       1.00	       1.00	       1.00	       1.00	       1.00	       1.00	       1.00	       1.00	       1.00	       1.00	       1.00	       1.00	       1.00	       1.00	       1.00	       1.00	       1.00	
 2025/11/05	   10.14	   10.41	   10.11	   10.38	       16850186	      10.37	      10.44	      10.37	           	      10.58	       1.00	           	       0.00	       0.00	       0.00	       0.00	       0.00	          0	     168502	     192058	     157084	  205275.53	  166326.28	  150702.36	  312707.56	      24.58	      19.92	      18.05	      37.45	  289332.81	       1.00	       1.00	       1.00	       1.00	       1.00	       1.00	       1.00	       1.00	       1.00	       1.00	       1.00	       1.00	       1.00	       1.00	       1.00	       1.00	       1.00	       1.00	       1.00	       1.00	       1.00	       1.00	       1.00	       1.00	
 2025/11/06	   10.42	   10.50	   10.30	   10.46	       16266232	      10.38	      10.44	      10.38	      10.44	      10.58	       1.00	           	       0.00	       0.00	       0.00	       0.00	       0.00	          0	     162662	     196753	     162118	  194740.09	  168992.91	  150342.75	  297358.56	      24.00	      20.83	      18.53	      36.65	  289003.56	       1.00	       1.00	       1.00	       1.00	       1.00	       1.00	       1.00	       1.00	       1.00	       1.00	       1.00	       1.00	       1.00	       1.00	       1.00	       1.00	       1.00	       1.00	       1.00	       1.00	       1.00	       1.00	       1.00	       1.00	
 2025/11/07	   10.42	   10.49	   10.31	   10.39	       11389300	      10.38	      10.44	      10.38	           	      10.58	       1.00	           	       0.00	       0.00	       0.00	       0.00	       0.00	          0	     113893	     178571	     160717	  156394.23	  167919.31	  148191.70	  284557.50	      20.66	      22.18	      19.57	      37.59	  287378.19	       1.00	       1.00	       1.00	       1.00	       1.00	       1.00	       1.00	       1.00	       1.00	       1.00	       1.00	       1.00	       1.00	       1.00	       1.00	       1.00	       1.00	       1.00	       1.00	       1.00	       1.00	       1.00	       1.00	       1.00	
 2025/11/10	   10.34	   10.39	   10.26	   10.31	       13366900	      10.37	      10.43	           	           	      10.58	       1.00	           	       0.00	       0.00	       0.00	       0.00	       0.00	          0	     133669	     151849	     159951	  144681.55	  171314.05	  145038.89	  276285.59	      19.62	      23.23	      19.67	      37.47	  285046.97	       1.00	       1.00	       1.00	       1.00	       1.00	       1.00	       1.00	       1.00	       1.00	       1.00	       1.00	       1.00	       1.00	       1.00	       1.00	       1.00	       1.00	       1.00	       1.00	       1.00	       1.00	       1.00	       1.00	       1.00	
 2025/11/11	   10.31	   10.55	   10.30	   10.50	       20411800	      10.39	      10.43	      10.39	      10.43	      10.58	       1.00	           	       0.00	       0.00	       0.00	       0.00	       0.00	          0	     204118	     156569	     168114	  153585.58	  179430.55	  150979.13	  246845.38	      21.01	      24.55	      20.66	      33.78	  283821.22	       1.00	       1.00	       1.00	       1.00	       1.00	       1.00	       1.00	       1.00	       1.00	       1.00	       1.00	       1.00	       1.00	       1.00	       1.00	       1.00	       1.00	       1.00	       1.00	       1.00	       1.00	       1.00	       1.00	       1.00	
 2025/11/12	   10.55	   11.50	   10.50	   11.17	       75073816	      10.49	      10.50	      10.49	      10.50	      10.58	       1.00	           	       0.00	       0.00	       0.00	       0.00	       0.00	          0	     750738	     273016	     232537	  300604.56	  247672.33	  190377.64	  243797.55	      30.60	      25.21	      19.38	      24.82	  286270.75	       1.00	       1.00	       1.00	       1.00	       1.00	       1.00	       1.00	       1.00	       1.00	       1.00	       1.00	       1.00	       1.00	       1.00	       1.00	       1.00	       1.00	       1.00	       1.00	       1.00	       1.00	       1.00	       1.00	       1.00	
 2025/11/13	   10.97	   11.46	   10.76	   11.35	       58652228	      10.61	      10.58	      10.61	      10.58	      10.58	       1.00	           	       0.00	       0.00	       0.00	       0.00	       0.00	          0	     586522	     357788	     277270	  418761.88	  287578.03	  220152.59	  247795.31	      35.66	      24.49	      18.75	      21.10	  287755.97	       1.00	       1.00	       1.00	       1.00	       1.00	       1.00	       1.00	       1.00	       1.00	       1.00	       1.00	       1.00	       1.00	       1.00	       1.00	       1.00	       1.00	       1.00	       1.00	       1.00	       1.00	       1.00	       1.00	       1.00	
 2025/11/14	   11.18	   11.88	   11.10	   11.21	       54317432	      10.69	      10.64	      10.69	      10.64	           	       0.00	           	       0.00	       0.00	       0.00	       0.00	       0.00	          0	     543174	     443644	     311108	  521138.19	  332909.84	  247081.00	  241501.17	      38.81	      24.80	      18.40	      17.99	  289590.16	       1.00	       1.00	       1.00	       1.00	       1.00	       1.00	       1.00	       1.00	       1.00	       1.00	       1.00	       1.00	       1.00	       1.00	       1.00	       1.00	       1.00	       1.00	       1.00	       1.00	       1.00	       1.00	       1.00	       1.00	
 2025/11/17	   11.25	   11.80	   11.18	   11.64	       44888712	      10.81	      10.73	      10.81	      10.73	      11.88	       1.00	           	       0.00	       0.00	       0.00	       0.00	       0.00	          0	     448887	     506688	     329269	  582330.50	  367958.03	  267142.16	  238525.22	      40.00	      25.27	      18.35	      16.38	  290783.13	       1.00	       1.00	       1.00	       1.00	       1.00	       1.00	       1.00	       1.00	       1.00	       1.00	       1.00	       1.00	       1.00	       1.00	       1.00	       1.00	       1.00	       1.00	       1.00	       1.00	       1.00	       1.00	       1.00	       1.00	
 2025/11/18	   11.54	   11.54	   11.00	   11.03	       36432024	      10.84	      10.75	      10.84	      10.75	      11.88	       1.00	           	       0.00	       0.00	       0.00	       0.00	       0.00	          0	     364320	     538728	     347649	  485726.00	  393165.28	  281079.06	  239249.50	      34.71	      28.10	      20.09	      17.10	  290525.06	       1.00	       1.00	       1.00	       1.00	       1.00	       1.00	       1.00	       1.00	       1.00	       1.00	       1.00	       1.00	       1.00	       1.00	       1.00	       1.00	       1.00	       1.00	       1.00	       1.00	       1.00	       1.00	       1.00	       1.00	
 2025/11/19	   10.91	   11.08	   10.67	   10.72	       20179212	      10.83	      10.75	           	           	      11.88	       1.00	           	       0.00	       0.00	       0.00	       0.00	       0.00	          0	     201792	     428939	     350978	  389543.44	  404152.66	  286035.97	  232048.19	      29.70	      30.81	      21.81	      17.69	  288762.88	       1.00	       1.00	       1.00	       1.00	       1.00	       1.00	       1.00	       1.00	       1.00	       1.00	       1.00	       1.00	       1.00	       1.00	       1.00	       1.00	       1.00	       1.00	       1.00	       1.00	       1.00	       1.00	       1.00	       1.00	
 2025/11/20	   10.75	   10.89	   10.33	   10.35	       22024962	      10.76	      10.72	           	           	      11.88	       1.00	           	       0.00	       0.00	       0.00	       0.00	       0.00	          0	     220250	     355685	     356736	  308812.28	  414975.25	  293144.63	  225743.38	      24.85	      33.39	      23.59	      18.17	  286799.59	       1.00	       1.00	       1.00	       1.00	       1.00	       1.00	       1.00	       1.00	       1.00	       1.00	       1.00	       1.00	       1.00	       1.00	       1.00	       1.00	       1.00	       1.00	       1.00	       1.00	       1.00	       1.00	       1.00	       1.00	
 2025/11/21	   10.24	   10.42	    9.89	    9.90	       25036644	      10.65	      10.64	           	           	      11.88	       1.00	           	       0.00	       0.00	       0.00	       0.00	       0.00	          0	     250366	     297123	     370384	  259182.11	  420756.28	  300093.41	  226699.08	      21.48	      34.87	      24.87	      18.79	  286297.13	       1.00	       1.00	       1.00	       1.00	       1.00	       1.00	       1.00	       1.00	       1.00	       1.00	       1.00	       1.00	       1.00	       1.00	       1.00	       1.00	       1.00	       1.00	       1.00	       1.00	       1.00	       1.00	       1.00	       1.00	
 2025/11/24	   10.00	   10.08	    9.70	    9.94	       15309233	      10.55	      10.58	           	           	           	       0.00	           	       0.00	       0.00	       0.00	       0.00	       0.00	          0	     153092	     237964	     372326	  206375.13	  346050.56	  296861.47	  224402.41	      19.22	      32.23	      27.65	      20.90	  285510.31	       1.00	       1.00	       1.00	       1.00	       1.00	       1.00	       1.00	       1.00	       1.00	       1.00	       1.00	       1.00	       1.00	       1.00	       1.00	       1.00	       1.00	       1.00	       1.00	       1.00	       1.00	       1.00	       1.00	       1.00	
 2025/11/25	   10.00	   10.14	    9.94	    9.98	       14296805	      10.48	      10.52	           	           	           	       0.00	       9.70	       1.00	       0.00	       0.00	       0.00	       0.00	          0	     142968	     193694	     366211	  191669.11	  290606.28	  289092.19	  222722.56	      19.28	      29.23	      29.08	      22.40	  285129.72	       1.00	       1.00	       1.00	       1.00	       1.00	       1.00	       1.00	       1.00	       1.00	       1.00	       1.00	       1.00	       1.00	       1.00	       1.00	       1.00	       1.00	       1.00	       1.00	       1.00	       1.00	       1.00	       1.00	       1.00	
 2025/11/26	    9.98	   10.02	    9.86	    9.89	       10921605	      10.40	      10.47	           	           	           	       0.00	       9.70	       1.00	       0.00	       0.00	       0.00	       0.00	          0	     109216	     175179	     302059	  163910.72	  236361.50	  284635.72	  218479.23	      18.14	      26.16	      31.51	      24.18	  284845.13	       1.00	       1.00	       1.00	       1.00	       1.00	       1.00	       1.00	       1.00	       1.00	       1.00	       1.00	       1.00	       1.00	       1.00	       1.00	       1.00	       1.00	       1.00	       1.00	       1.00	       1.00	       1.00	       1.00	       1.00	
 2025/11/27	    9.89	   10.15	    9.86	   10.03	       13471264	      10.35	      10.43	           	           	           	       0.00	       9.70	       1.00	       0.00	       0.00	       0.00	       0.00	          0	     134713	     158071	     256878	  134997.27	  197089.69	  282523.88	  216613.11	      16.24	      23.71	      33.99	      26.06	  284386.06	       1.00	       1.00	       1.00	       1.00	       1.00	       1.00	       1.00	       1.00	       1.00	       1.00	       1.00	       1.00	       1.00	       1.00	       1.00	       1.00	       1.00	       1.00	       1.00	       1.00	       1.00	       1.00	       1.00	       1.00	
 2025/11/28	    9.99	   10.12	    9.86	   10.05	       10030548	      10.31	      10.39	           	           	           	       0.00	       9.70	       1.00	       0.00	       0.00	       0.00	       0.00	          0	     100305	     128059	     212591	  121800.56	  164087.84	  278626.56	  214484.66	      15.64	      21.06	      35.77	      27.53	  283620.94	       1.00	       1.00	       1.00	       1.00	       1.00	       1.00	       1.00	       1.00	       1.00	       1.00	       1.00	       1.00	       1.00	       1.00	       1.00	       1.00	       1.00	       1.00	       1.00	       1.00	       1.00	       1.00	       1.00	       1.00	
 2025/12/01	   10.06	   10.19	    9.99	   10.10	       12292820	      10.28	      10.37	           	           	           	       0.00	           	       0.00	       0.00	       0.00	       0.00	       0.00	          0	     122928	     122026	     179995	  116790.59	  154229.84	  279191.25	  213691.48	      15.29	      20.19	      36.55	      27.97	  282788.09	       1.00	       1.00	       1.00	       1.00	       1.00	       1.00	       1.00	       1.00	       1.00	       1.00	       1.00	       1.00	       1.00	       1.00	       1.00	       1.00	       1.00	       1.00	       1.00	       1.00	       1.00	       1.00	       1.00	       1.00	
 2025/12/02	   10.11	   10.12	    9.95	    9.97	        8912000	      10.24	      10.33	           	           	      10.19	       1.00	           	       0.00	       0.00	       0.00	       0.00	       0.00	          0	      89120	     111256	     152475	  111766.58	  137838.66	  276406.94	  210722.92	      15.17	      18.71	      37.52	      28.60	  278131.44	       1.00	       1.00	       1.00	       1.00	       1.00	       1.00	       1.00	       1.00	       1.00	       1.00	       1.00	       1.00	       1.00	       1.00	       1.00	       1.00	       1.00	       1.00	       1.00	       1.00	       1.00	       1.00	       1.00	       1.00	
 2025/12/03	    9.97	    9.99	    9.65	    9.68	       15783500	      10.17	      10.27	           	           	      10.19	       1.00	           	       0.00	       0.00	       0.00	       0.00	       0.00	          0	     157835	     120980	     148079	  117547.16	  126272.22	  273514.25	  212246.70	      16.11	      17.31	      37.49	      29.09	  276166.41	       1.00	       1.00	       1.00	       1.00	       1.00	       1.00	       1.00	       1.00	       1.00	       1.00	       1.00	       1.00	       1.00	       1.00	       1.00	       1.00	       1.00	       1.00	       1.00	       1.00	       1.00	       1.00	       1.00	       1.00	
 2025/12/04	    9.69	    9.96	    9.61	    9.70	        9106300	      10.10	      10.22	           	           	      10.19	       1.00	           	       0.00	       0.00	       0.00	       0.00	       0.00	          0	      91063	     112250	     135161	  115236.55	  118518.55	  232284.56	  211331.11	      17.01	      17.50	      34.29	      31.20	  274323.16	       1.00	       1.00	       1.00	       1.00	       1.00	       1.00	       1.00	       1.00	       1.00	       1.00	       1.00	       1.00	       1.00	       1.00	       1.00	       1.00	       1.00	       1.00	       1.00	       1.00	       1.00	       1.00	       1.00	       1.00	
 2025/12/05	    9.65	    9.78	    9.48	    9.77	       11737604	      10.06	      10.18	           	           	           	       0.00	           	       0.00	       0.00	       0.00	       0.00	       0.00	          0	     117376	     115664	     121862	  113848.51	  115319.55	  202962.92	  211557.77	      17.69	      17.92	      31.53	      32.87	  272906.34	       1.00	       1.00	       1.00	       1.00	       1.00	       1.00	       1.00	       1.00	       1.00	       1.00	       1.00	       1.00	       1.00	       1.00	       1.00	       1.00	       1.00	       1.00	       1.00	       1.00	       1.00	       1.00	       1.00	       1.00	
 2025/12/08	    9.78	   10.00	    9.73	   10.00	       12673796	      10.05	      10.16	           	           	           	       0.00	       9.48	       1.00	       0.00	       0.00	       0.00	       0.00	          0	     126738	     116426	     119226	  123253.00	  117509.79	  176935.66	  212008.33	      19.57	      18.66	      28.10	      33.67	  272257.00	       1.00	       1.00	       1.00	       1.00	       1.00	       1.00	       1.00	       1.00	       1.00	       1.00	       1.00	       1.00	       1.00	       1.00	       1.00	       1.00	       1.00	       1.00	       1.00	       1.00	       1.00	       1.00	       1.00	       1.00	
 2025/12/09	    9.97	   10.00	    9.90	    9.91	        7430100	      10.03	      10.14	           	           	           	       0.00	       9.48	       1.00	       0.00	       0.00	       0.00	       0.00	          0	      74301	     113463	     112360	  102369.50	  109958.34	  153524.02	  210333.08	      17.77	      19.08	      26.64	      36.50	  270890.34	       1.00	       1.00	       1.00	       1.00	       1.00	       1.00	       1.00	       1.00	       1.00	       1.00	       1.00	       1.00	       1.00	       1.00	       1.00	       1.00	       1.00	       1.00	       1.00	       1.00	       1.00	       1.00	       1.00	       1.00	
 2025/12/10	    9.86	    9.93	    9.82	    9.90	        6480300	      10.01	      10.12	           	           	           	       0.00	       9.48	       1.00	       0.00	       0.00	       0.00	       0.00	          0	      64803	      94856	     107918	   95804.50	  105520.52	  134804.19	  207941.64	      17.61	      19.39	      24.78	      38.22	  269457.50	       1.00	       1.00	       1.00	       1.00	       1.00	       1.00	       1.00	       1.00	       1.00	       1.00	       1.00	       1.00	       1.00	       1.00	       1.00	       1.00	       1.00	       1.00	       1.00	       1.00	       1.00	       1.00	       1.00	       1.00	
 2025/12/11	    9.94	    9.95	    9.70	    9.71	        7725784	       9.97	      10.08	           	           	           	       0.00	       9.48	       1.00	       0.00	       0.00	       0.00	       0.00	          0	      77258	      92095	     102173	   85774.95	   99811.73	  127020.79	  206528.39	      16.52	      19.23	      24.47	      39.78	  268513.56	       1.00	       1.00	       1.00	       1.00	       1.00	       1.00	       1.00	       1.00	       1.00	       1.00	       1.00	       1.00	       1.00	       1.00	       1.00	       1.00	       1.00	       1.00	       1.00	       1.00	       1.00	       1.00	       1.00	       1.00	
 2025/12/12	    9.71	    9.84	    9.65	    9.74	        7441400	       9.94	      10.05	           	           	           	       0.00	       9.48	       1.00	       0.00	       0.00	       0.00	       0.00	          0	      74414	      83503	      99584	   72693.96	   97973.48	  117906.06	  205525.36	      14.71	      19.83	      23.86	      41.60	  265983.47	       1.00	       1.00	       1.00	       1.00	       1.00	       1.00	       1.00	       1.00	       1.00	       1.00	       1.00	       1.00	       1.00	       1.00	       1.00	       1.00	       1.00	       1.00	       1.00	       1.00	       1.00	       1.00	       1.00	       1.00	
 2025/12/15	    9.72	    9.87	    9.65	    9.80	        6616356	       9.92	      10.03	           	           	           	       0.00	       9.48	       1.00	       0.00	       0.00	       0.00	       0.00	          0	      66164	      71388	      93907	   70659.60	   86514.55	  106393.38	  203243.41	      15.14	      18.53	      22.79	      43.54	  264119.16	       1.00	       1.00	       1.00	       1.00	       1.00	       1.00	       1.00	       1.00	       1.00	       1.00	       1.00	       1.00	       1.00	       1.00	       1.00	       1.00	       1.00	       1.00	       1.00	       1.00	       1.00	       1.00	       1.00	       1.00	
 2025/12/16	    9.80	    9.82	    9.63	    9.77	        9051200	       9.90	      10.00	           	           	           	       0.00	           	       0.00	       0.00	       0.00	       0.00	       0.00	          0	      90512	      74630	      94046	   77086.85	   86445.68	  102482.11	  199671.78	      16.55	      18.56	      22.01	      42.88	  262869.69	       1.00	       1.00	       1.00	       1.00	       1.00	       1.00	       1.00	       1.00	       1.00	       1.00	       1.00	       1.00	       1.00	       1.00	       1.00	       1.00	       1.00	       1.00	       1.00	       1.00	       1.00	       1.00	       1.00	       1.00	
 2025/12/17	    9.72	   10.36	    9.72	   10.23	       38261312	       9.95	      10.02	       9.95	      10.02	           	       0.00	       9.63	       1.00	       0.00	       0.00	       0.00	       0.00	          0	     382613	     138192	     116524	  153425.67	  119600.30	  117459.93	  203276.08	      25.84	      20.14	      19.78	      34.24	  264074.28	       1.00	       1.00	       1.00	       1.00	       1.00	       1.00	       1.00	       1.00	       1.00	       1.00	       1.00	       1.00	       1.00	       1.00	       1.00	       1.00	       1.00	       1.00	       1.00	       1.00	       1.00	       1.00	       1.00	       1.00	
 2025/12/18	   10.15	   10.49	   10.02	   10.22	       33007720	       9.98	      10.04	       9.98	      10.04	           	       0.00	       9.63	       1.00	       0.00	       0.00	       0.00	       0.00	          0	     330077	     188756	     140426	  217341.47	  145017.72	  131263.77	  207949.73	      30.98	      20.67	      18.71	      29.64	  264903.13	       1.00	       1.00	       1.00	       1.00	       1.00	       1.00	       1.00	       1.00	       1.00	       1.00	       1.00	       1.00	       1.00	       1.00	       1.00	       1.00	       1.00	       1.00	       1.00	       1.00	       1.00	       1.00	       1.00	       1.00	
 2025/12/19	   10.22	   10.36	   10.19	   10.25	       16269356	      10.02	      10.06	      10.02	      10.06	           	       0.00	       9.63	       1.00	       0.00	       0.00	       0.00	       0.00	          0	     162694	     206412	     144957	  241473.97	  156066.80	  133012.56	  207768.20	      32.71	      21.14	      18.02	      28.14	  264764.28	       1.00	       1.00	       1.00	       1.00	       1.00	       1.00	       1.00	       1.00	       1.00	       1.00	       1.00	       1.00	       1.00	       1.00	       1.00	       1.00	       1.00	       1.00	       1.00	       1.00	       1.00	       1.00	       1.00	       1.00	
 2025/12/22	   10.27	   10.53	   10.20	   10.44	       19639880	      10.07	      10.09	      10.07	      10.09	           	       0.00	       9.63	       1.00	       0.00	       0.00	       0.00	       0.00	          0	     196399	     232459	     151923	  267945.69	  172516.27	  139018.39	  208822.47	      33.99	      21.88	      17.64	      26.49	  264736.44	       1.00	       1.00	       1.00	       1.00	       1.00	       1.00	       1.00	       1.00	       1.00	       1.00	       1.00	       1.00	       1.00	       1.00	       1.00	       1.00	       1.00	       1.00	       1.00	       1.00	       1.00	       1.00	       1.00	       1.00	
 2025/12/23	   10.44	   10.56	   10.27	   10.48	       18718272	      10.13	      10.13	      10.13	      10.13	           	       0.00	       9.63	       1.00	       0.00	       0.00	       0.00	       0.00	          0	     187183	     251793	     163212	  219088.06	  186256.88	  143034.31	  211112.78	      28.85	      24.52	      18.83	      27.80	  264827.03	       1.00	       1.00	       1.00	       1.00	       1.00	       1.00	       1.00	       1.00	       1.00	       1.00	       1.00	       1.00	       1.00	       1.00	       1.00	       1.00	       1.00	       1.00	       1.00	       1.00	       1.00	       1.00	       1.00	       1.00	
 2025/12/24	   10.39	   10.62	   10.39	   10.51	       19696944	      10.18	      10.16	      10.18	      10.16	           	       0.00	       9.63	       1.00	       0.00	       0.00	       0.00	       0.00	          0	     196969	     214664	     176428	  185811.13	  201576.31	  149774.91	  213090.94	      24.77	      26.87	      19.96	      28.40	  265292.28	       1.00	       1.00	       1.00	       1.00	       1.00	       1.00	       1.00	       1.00	       1.00	       1.00	       1.00	       1.00	       1.00	       1.00	       1.00	       1.00	       1.00	       1.00	       1.00	       1.00	       1.00	       1.00	       1.00	       1.00	
 2025/12/25	   10.49	   10.85	   10.45	   10.77	       26137712	      10.26	      10.22	      10.26	      10.22	           	       0.00	       9.63	       1.00	       0.00	       0.00	       0.00	       0.00	          0	     261377	     200924	     194840	  210482.02	  225977.98	  156246.28	  214880.28	      26.06	      27.98	      19.35	      26.61	  266050.19	       1.00	       1.00	       1.00	       1.00	       1.00	       1.00	       1.00	       1.00	       1.00	       1.00	       1.00	       1.00	       1.00	       1.00	       1.00	       1.00	       1.00	       1.00	       1.00	       1.00	       1.00	       1.00	       1.00	       1.00	
 2025/12/26	   10.62	   10.70	   10.38	   10.42	       23955400	      10.28	      10.24	      10.28	      10.24	           	       0.00	       9.63	       1.00	       0.00	       0.00	       0.00	       0.00	          0	     239554	     216296	     211354	  221270.81	  244608.23	  165526.95	  198905.75	      26.65	      29.46	      19.94	      23.96	  266525.47	       1.00	       1.00	       1.00	       1.00	       1.00	       1.00	       1.00	       1.00	       1.00	       1.00	       1.00	       1.00	       1.00	       1.00	       1.00	       1.00	       1.00	       1.00	       1.00	       1.00	       1.00	       1.00	       1.00	       1.00	
 2025/12/29	   10.42	   10.75	   10.39	   10.53	       15907820	      10.31	      10.26	      10.31	      10.26	           	       0.00	       9.63	       1.00	       0.00	       0.00	       0.00	       0.00	          0	     159078	     208832	     220646	  214244.69	  216666.38	  168133.33	  185548.11	      27.31	      27.62	      21.43	      23.65	  266953.00	       1.00	       1.00	       1.00	       1.00	       1.00	       1.00	       1.00	       1.00	       1.00	       1.00	       1.00	       1.00	       1.00	       1.00	       1.00	       1.00	       1.00	       1.00	       1.00	       1.00	       1.00	       1.00	       1.00	       1.00	
 2025/12/30	   10.52	   10.86	   10.42	   10.80	       22853880	      10.38	      10.31	      10.38	      10.31	           	       0.00	           	       0.00	       0.00	       0.00	       0.00	       0.00	          0	     228539	     217104	     234448	  222137.03	  203974.06	  174495.89	  175715.75	      28.61	      26.27	      22.48	      22.63	  266339.66	       1.00	       1.00	       1.00	       1.00	       1.00	       1.00	       1.00	       1.00	       1.00	       1.00	       1.00	       1.00	       1.00	       1.00	       1.00	       1.00	       1.00	       1.00	       1.00	       1.00	       1.00	       1.00	       1.00	       1.00	
 2025/12/31	   10.77	   10.81	   10.53	   10.60	       15508620	      10.41	      10.34	      10.41	      10.34	      10.86	       1.00	           	       0.00	       0.00	       0.00	       0.00	       0.00	          0	     155086	     208727	     211696	  195564.30	  203023.16	  179544.95	  166534.47	      26.26	      27.26	      24.11	      22.36	  265800.31	       1.00	       1.00	       1.00	       1.00	       1.00	       1.00	       1.00	       1.00	       1.00	       1.00	       1.00	       1.00	       1.00	       1.00	       1.00	       1.00	       1.00	       1.00	       1.00	       1.00	       1.00	       1.00	       1.00	       1.00	
 2026/01/05	   10.80	   10.82	   10.54	   10.58	       18823792	      10.43	      10.36	      10.43	      10.36	      10.86	       1.00	           	       0.00	       0.00	       0.00	       0.00	       0.00	          0	     188238	     194099	     197512	  182735.28	  202003.06	  187259.64	  161031.92	      24.93	      27.56	      25.55	      21.97	  265692.34	       1.00	       1.00	       1.00	       1.00	       1.00	       1.00	       1.00	       1.00	       1.00	       1.00	       1.00	       1.00	       1.00	       1.00	       1.00	       1.00	       1.00	       1.00	       1.00	       1.00	       1.00	       1.00	       1.00	       1.00	
 2026/01/06	   10.58	   10.63	   10.50	   10.61	       20643424	      10.45	      10.38	      10.45	      10.38	      10.86	       1.00	           	       0.00	       0.00	       0.00	       0.00	       0.00	          0	     206434	     187475	     201886	  194574.30	  204409.50	  195333.19	  161176.98	      25.75	      27.06	      25.86	      21.33	  266072.28	       1.00	       1.00	       1.00	       1.00	       1.00	       1.00	       1.00	       1.00	       1.00	       1.00	       1.00	       1.00	       1.00	       1.00	       1.00	       1.00	       1.00	       1.00	       1.00	       1.00	       1.00	       1.00	       1.00	       1.00	
 2026/01/07	   10.56	   10.56	   10.38	   10.44	       18118200	      10.45	      10.39	           	      10.39	           	       0.00	           	       0.00	       0.00	       0.00	       0.00	       0.00	          0	     181182	     191896	     200364	  182735.09	  202436.06	  202006.19	  159956.13	      24.46	      27.10	      27.04	      21.41	  266450.84	       1.00	       1.00	       1.00	       1.00	       1.00	       1.00	       1.00	       1.00	       1.00	       1.00	       1.00	       1.00	       1.00	       1.00	       1.00	       1.00	       1.00	       1.00	       1.00	       1.00	       1.00	       1.00	       1.00	       1.00	
 2026/01/08	   10.44	   10.58	   10.40	   10.53	       13880612	      10.46	      10.40	      10.46	      10.40	           	       0.00	      10.38	       1.00	       0.00	       0.00	       0.00	       0.00	          0	     138806	     173949	     195526	  178665.08	  187114.69	  206546.34	  156469.86	      24.52	      25.67	      28.34	      21.47	  266615.13	       1.00	       1.00	       1.00	       1.00	       1.00	       1.00	       1.00	       1.00	       1.00	       1.00	       1.00	       1.00	       1.00	       1.00	       1.00	       1.00	       1.00	       1.00	       1.00	       1.00	       1.00	       1.00	       1.00	       1.00	
 2026/01/09	   10.53	   10.59	   10.42	   10.56	       14854856	      10.48	      10.42	      10.48	      10.42	           	       0.00	      10.38	       1.00	       0.00	       0.00	       0.00	       0.00	          0	     148549	     172642	     190684	  168742.73	  175739.02	  210173.63	  156327.84	      23.73	      24.72	      29.56	      21.99	  266542.16	       1.00	       1.00	       1.00	       1.00	       1.00	       1.00	       1.00	       1.00	       1.00	       1.00	       1.00	       1.00	       1.00	       1.00	       1.00	       1.00	       1.00	       1.00	       1.00	       1.00	       1.00	       1.00	       1.00	       1.00	
 2026/01/12	   10.70	   10.70	   10.42	   10.70	       19347388	      10.51	      10.44	      10.51	      10.44	           	       0.00	      10.38	       1.00	       0.00	       0.00	       0.00	       0.00	          0	     193474	     173689	     183894	  165502.64	  180038.47	  198352.42	  157906.17	      23.58	      25.65	      28.26	      22.50	  267044.13	       1.00	       1.00	       1.00	       1.00	       1.00	       1.00	       1.00	       1.00	       1.00	       1.00	       1.00	       1.00	       1.00	       1.00	       1.00	       1.00	       1.00	       1.00	       1.00	       1.00	       1.00	       1.00	       1.00	       1.00	
 2026/01/13	   10.70	   11.30	   10.47	   11.09	       51149200	      10.58	      10.50	      10.58	      10.50	           	       0.00	           	       0.00	       0.00	       0.00	       0.00	       0.00	          0	     511492	     234701	     211088	  248080.14	  215407.61	  209690.84	  170477.30	      29.41	      25.53	      24.86	      20.21	  269535.59	       1.00	       1.00	       1.00	       1.00	       1.00	       1.00	       1.00	       1.00	       1.00	       1.00	       1.00	       1.00	       1.00	       1.00	       1.00	       1.00	       1.00	       1.00	       1.00	       1.00	       1.00	       1.00	       1.00	       1.00	
 2026/01/14	   10.96	   11.04	   10.65	   10.82	       39003896	      10.62	      10.53	      10.62	      10.53	      11.30	       1.00	           	       0.00	       0.00	       0.00	       0.00	       0.00	          0	     390039	     276472	     234184	  310888.38	  244776.72	  223899.94	  178456.25	      32.45	      25.55	      23.37	      18.63	  271220.03	       1.00	       1.00	       1.00	       1.00	       1.00	       1.00	       1.00	       1.00	       1.00	       1.00	       1.00	       1.00	       1.00	       1.00	       1.00	       1.00	       1.00	       1.00	       1.00	       1.00	       1.00	       1.00	       1.00	       1.00	
 2026/01/15	   10.71	   10.87	   10.61	   10.66	       15789832	      10.62	      10.54	      10.62	      10.54	      11.30	       1.00	           	       0.00	       0.00	       0.00	       0.00	       0.00	          0	     157898	     280290	     227120	  313225.78	  240984.27	  221493.67	  180256.02	      32.77	      25.21	      23.17	      18.86	  271629.34	       1.00	       1.00	       1.00	       1.00	       1.00	       1.00	       1.00	       1.00	       1.00	       1.00	       1.00	       1.00	       1.00	       1.00	       1.00	       1.00	       1.00	       1.00	       1.00	       1.00	       1.00	       1.00	       1.00	       1.00	
 2026/01/16	   10.70	   10.76	   10.61	   10.71	       12497311	      10.63	      10.56	      10.63	      10.56	      11.30	       1.00	           	       0.00	       0.00	       0.00	       0.00	       0.00	          0	     124973	     275575	     224109	  296100.59	  230801.61	  217605.56	  180319.92	      32.02	      24.96	      23.53	      19.50	  271519.09	       1.00	       1.00	       1.00	       1.00	       1.00	       1.00	       1.00	       1.00	       1.00	       1.00	       1.00	       1.00	       1.00	       1.00	       1.00	       1.00	       1.00	       1.00	       1.00	       1.00	       1.00	       1.00	       1.00	       1.00	
 2026/01/19	   10.72	   10.82	   10.68	   10.72	       12632935	      10.64	      10.57	      10.64	      10.57	      11.30	       1.00	           	       0.00	       0.00	       0.00	       0.00	       0.00	          0	     126329	     262146	     217918	  199809.94	  223945.05	  213190.56	  181482.72	      24.41	      27.36	      26.05	      22.17	  271494.91	       1.00	       1.00	       1.00	       1.00	       1.00	       1.00	       1.00	       1.00	       1.00	       1.00	       1.00	       1.00	       1.00	       1.00	       1.00	       1.00	       1.00	       1.00	       1.00	       1.00	       1.00	       1.00	       1.00	       1.00	
 2026/01/20	   10.74	   10.74	   10.42	   10.48	       14726340	      10.62	      10.56	           	           	      11.30	       1.00	           	       0.00	       0.00	       0.00	       0.00	       0.00	          0	     147263	     189301	     212001	  139116.05	  225002.19	  206058.44	  181152.34	      18.52	      29.95	      27.43	      24.11	  271640.97	       1.00	       1.00	       1.00	       1.00	       1.00	       1.00	       1.00	       1.00	       1.00	       1.00	       1.00	       1.00	       1.00	       1.00	       1.00	       1.00	       1.00	       1.00	       1.00	       1.00	       1.00	       1.00	       1.00	       1.00	
 2026/01/21	   10.41	   10.69	   10.37	   10.69	       14783748	      10.63	      10.57	      10.63	      10.57	      11.30	       1.00	           	       0.00	       0.00	       0.00	       0.00	       0.00	          0	     147837	     140860	     208666	  136600.83	  224913.31	  200326.16	  182926.55	      18.34	      30.20	      26.90	      24.56	  271005.56	       1.00	       1.00	       1.00	       1.00	       1.00	       1.00	       1.00	       1.00	       1.00	       1.00	       1.00	       1.00	       1.00	       1.00	       1.00	       1.00	       1.00	       1.00	       1.00	       1.00	       1.00	       1.00	       1.00	       1.00	
 2026/01/22	   10.73	   10.76	   10.61	   10.75	       11376296	      10.65	      10.59	      10.65	      10.59	      11.30	       1.00	           	       0.00	       0.00	       0.00	       0.00	       0.00	          0	     113763	     132033	     206162	  133798.30	  214949.45	  197493.95	  182813.64	      18.35	      29.48	      27.09	      25.08	  270671.19	       1.00	       1.00	       1.00	       1.00	       1.00	       1.00	       1.00	       1.00	       1.00	       1.00	       1.00	       1.00	       1.00	       1.00	       1.00	       1.00	       1.00	       1.00	       1.00	       1.00	       1.00	       1.00	       1.00	       1.00	
 2026/01/23	   10.77	   10.90	   10.72	   10.88	       17285436	      10.68	      10.62	      10.68	      10.62	      11.30	       1.00	           	       0.00	       0.00	       0.00	       0.00	       0.00	          0	     172854	     141610	     208592	  145429.56	  172619.75	  194013.69	  184254.78	      20.89	      24.79	      27.86	      26.46	  271058.34	       1.00	       1.00	       1.00	       1.00	       1.00	       1.00	       1.00	       1.00	       1.00	       1.00	       1.00	       1.00	       1.00	       1.00	       1.00	       1.00	       1.00	       1.00	       1.00	       1.00	       1.00	       1.00	       1.00	       1.00	
 2026/01/26	   10.94	   10.98	   10.57	   10.70	       14866400	      10.68	      10.62	      10.68	      10.62	      11.30	       1.00	           	       0.00	       0.00	       0.00	       0.00	       0.00	          0	     148664	     146076	     204111	  145779.70	  142447.88	  193612.30	  186578.63	      21.81	      21.31	      28.97	      27.91	  271331.19	       1.00	       1.00	       1.00	       1.00	       1.00	       1.00	       1.00	       1.00	       1.00	       1.00	       1.00	       1.00	       1.00	       1.00	       1.00	       1.00	       1.00	       1.00	       1.00	       1.00	       1.00	       1.00	       1.00	       1.00	
 2026/01/27	   10.61	   10.99	   10.36	   10.92	       25826010	      10.71	      10.65	      10.71	      10.65	      11.30	       1.00	           	       0.00	       0.00	       0.00	       0.00	       0.00	          0	     258260	     168276	     178788	  173385.34	  154993.09	  197988.67	  192624.16	      24.12	      21.56	      27.54	      26.79	  272131.28	       1.00	       1.00	       1.00	       1.00	       1.00	       1.00	       1.00	       1.00	       1.00	       1.00	       1.00	       1.00	       1.00	       1.00	       1.00	       1.00	       1.00	       1.00	       1.00	       1.00	       1.00	       1.00	       1.00	       1.00	
 2026/01/28	   10.90	   10.91	   10.59	   10.64	       18308332	      10.70	      10.65	           	           	      11.30	       1.00	           	       0.00	       0.00	       0.00	       0.00	       0.00	          0	     183083	     175325	     158093	  190715.44	  162256.88	  196529.25	  195931.20	      25.58	      21.77	      26.36	      26.28	  272498.34	       1.00	       1.00	       1.00	       1.00	       1.00	       1.00	       1.00	       1.00	       1.00	       1.00	       1.00	       1.00	       1.00	       1.00	       1.00	       1.00	       1.00	       1.00	       1.00	       1.00	       1.00	       1.00	       1.00	       1.00	
 2026/01/29	   10.59	   10.61	   10.28	   10.32	       17462800	      10.65	      10.62	           	           	      11.30	       1.00	           	       0.00	       0.00	       0.00	       0.00	       0.00	          0	     174628	     187498	     159766	  191158.84	  168294.20	  196119.63	  199062.89	      25.33	      22.30	      25.99	      26.38	  272748.66	       1.00	       1.00	       1.00	       1.00	       1.00	       1.00	       1.00	       1.00	       1.00	       1.00	       1.00	       1.00	       1.00	       1.00	       1.00	       1.00	       1.00	       1.00	       1.00	       1.00	       1.00	       1.00	       1.00	       1.00	
 2026/01/30	   10.31	   10.46	   10.17	   10.36	       11961896	      10.61	      10.60	           	           	      11.30	       1.00	           	       0.00	       0.00	       0.00	       0.00	       0.00	          0	     119619	     176851	     159230	  183897.59	  164838.66	  194920.44	  200733.38	      24.70	      22.14	      26.19	      26.97	  272818.44	       1.00	       1.00	       1.00	       1.00	       1.00	       1.00	       1.00	       1.00	       1.00	       1.00	       1.00	       1.00	       1.00	       1.00	       1.00	       1.00	       1.00	       1.00	       1.00	       1.00	       1.00	       1.00	       1.00	       1.00	
 2026/02/02	   10.13	   11.35	   10.07	   10.82	       43099216	      10.64	      10.62	      10.64	      10.62	           	       0.00	           	       0.00	       0.00	       0.00	       0.00	       0.00	          0	     430992	     233317	     189696	  227080.61	  200232.98	  212573.16	  211373.36	      26.68	      23.52	      24.97	      24.83	  274510.94	       1.00	       1.00	       1.00	       1.00	       1.00	       1.00	       1.00	       1.00	       1.00	       1.00	       1.00	       1.00	       1.00	       1.00	       1.00	       1.00	       1.00	       1.00	       1.00	       1.00	       1.00	       1.00	       1.00	       1.00	
 2026/02/03	   10.86	   10.97	   10.70	   10.88	       21797240	      10.67	      10.64	      10.67	      10.64	           	       0.00	           	       0.00	       0.00	       0.00	       0.00	       0.00	          0	     217972	     225259	     196767	  235802.88	  213259.16	  214104.30	  206228.33	      27.12	      24.53	      24.63	      23.72	  275084.56	       1.00	       1.00	       1.00	       1.00	       1.00	       1.00	       1.00	       1.00	       1.00	       1.00	       1.00	       1.00	       1.00	       1.00	       1.00	       1.00	       1.00	       1.00	       1.00	       1.00	       1.00	       1.00	       1.00	       1.00	
 2026/02/04	   10.88	   11.19	   10.81	   11.09	       22751480	      10.73	      10.68	      10.73	      10.68	           	       0.00	           	       0.00	       0.00	       0.00	       0.00	       0.00	          0	     227515	     234145	     204735	  249024.58	  220091.70	  196355.72	  203023.27	      28.67	      25.34	      22.61	      23.38	  275693.44	       1.00	       1.00	       1.00	       1.00	       1.00	       1.00	       1.00	       1.00	       1.00	       1.00	       1.00	       1.00	       1.00	       1.00	       1.00	       1.00	       1.00	       1.00	       1.00	       1.00	       1.00	       1.00	       1.00	       1.00	
 2026/02/05	   11.18	   11.22	   10.83	   10.84	       12838100	      10.74	      10.70	      10.74	      10.70	           	       0.00	           	       0.00	       0.00	       0.00	       0.00	       0.00	          0	     128381	     224896	     206197	  251215.09	  217556.36	  180002.11	  201951.00	      29.53	      25.57	      21.16	      23.74	  275212.22	       1.00	       1.00	       1.00	       1.00	       1.00	       1.00	       1.00	       1.00	       1.00	       1.00	       1.00	       1.00	       1.00	       1.00	       1.00	       1.00	       1.00	       1.00	       1.00	       1.00	       1.00	       1.00	       1.00	       1.00	
 2026/02/06	   10.80	   11.09	   10.70	   10.97	       16234851	      10.77	      10.72	      10.77	      10.72	           	       0.00	           	       0.00	       0.00	       0.00	       0.00	       0.00	          0	     162349	     233442	     205146	  184054.19	  205567.41	  180280.25	  200886.92	      23.88	      26.67	      23.39	      26.06	  275377.28	       1.00	       1.00	       1.00	       1.00	       1.00	       1.00	       1.00	       1.00	       1.00	       1.00	       1.00	       1.00	       1.00	       1.00	       1.00	       1.00	       1.00	       1.00	       1.00	       1.00	       1.00	       1.00	       1.00	       1.00	
 2026/02/09	   11.13	   11.18	   10.92	   10.99	       12887674	      10.80	      10.75	      10.80	      10.75	           	       0.00	           	       0.00	       0.00	       0.00	       0.00	       0.00	          0	     128877	     173019	     203168	  161780.27	  198791.58	  180524.22	  199064.86	      21.86	      26.86	      24.39	      26.89	  275055.28	       1.00	       1.00	       1.00	       1.00	       1.00	       1.00	       1.00	       1.00	       1.00	       1.00	       1.00	       1.00	       1.00	       1.00	       1.00	       1.00	       1.00	       1.00	       1.00	       1.00	       1.00	       1.00	       1.00	       1.00	
 2026/02/10	   10.95	   11.09	   10.92	   10.93	        9861436	      10.82	      10.76	      10.82	      10.76	           	       0.00	           	       0.00	       0.00	       0.00	       0.00	       0.00	          0	      98614	     149147	     187203	  129555.16	  189289.88	  178792.03	  195991.27	      18.68	      27.29	      25.78	      28.26	  274770.06	       1.00	       1.00	       1.00	       1.00	       1.00	       1.00	       1.00	       1.00	       1.00	       1.00	       1.00	       1.00	       1.00	       1.00	       1.00	       1.00	       1.00	       1.00	       1.00	       1.00	       1.00	       1.00	       1.00	       1.00	
 2026/02/11	   10.87	   11.03	   10.87	   10.96	        9602158	      10.84	      10.78	      10.84	      10.78	           	       0.00	           	       0.00	       0.00	       0.00	       0.00	       0.00	          0	      96022	     122848	     178497	  121465.30	  186340.19	  175589.41	  190823.91	      18.02	      27.64	      26.04	      28.30	  274596.84	       1.00	       1.00	       1.00	       1.00	       1.00	       1.00	       1.00	       1.00	       1.00	       1.00	       1.00	       1.00	       1.00	       1.00	       1.00	       1.00	       1.00	       1.00	       1.00	       1.00	       1.00	       1.00	       1.00	       1.00	
 2026/02/12	   11.00	   11.17	   10.96	   10.97	       14973636	      10.86	      10.80	      10.86	      10.80	           	       0.00	           	       0.00	       0.00	       0.00	       0.00	       0.00	          0	     149736	     127120	     176008	  118312.27	  151183.22	  175708.09	  188017.11	      18.68	      23.88	      27.75	      29.69	  274764.50	       1.00	       1.00	       1.00	       1.00	       1.00	       1.00	       1.00	       1.00	       1.00	       1.00	       1.00	       1.00	       1.00	       1.00	       1.00	       1.00	       1.00	       1.00	       1.00	       1.00	       1.00	       1.00	       1.00	       1.00	
 2026/02/13	   10.97	   11.04	   10.90	   10.92	        9515388	      10.86	      10.81	      10.86	      10.81	           	       0.00	           	       0.00	       0.00	       0.00	       0.00	       0.00	          0	      95154	     113681	     173561	  109881.55	  135830.91	  174545.02	  186019.48	      18.12	      22.40	      28.79	      30.68	  274696.28	       1.00	       1.00	       1.00	       1.00	       1.00	       1.00	       1.00	       1.00	       1.00	       1.00	       1.00	       1.00	       1.00	       1.00	       1.00	       1.00	       1.00	       1.00	       1.00	       1.00	       1.00	       1.00	       1.00	       1.00	
 2026/02/24	   11.04	   11.05	   10.81	   10.94	        9478296	      10.87	      10.82	      10.87	      10.82	           	       0.00	           	       0.00	       0.00	       0.00	       0.00	       0.00	          0	      94783	     106862	     139940	  108923.69	  119239.42	  169665.55	  181839.59	      18.79	      20.57	      29.27	      31.37	  274731.56	       1.00	       1.00	       1.00	       1.00	       1.00	       1.00	       1.00	       1.00	       1.00	       1.00	       1.00	       1.00	       1.00	       1.00	       1.00	       1.00	       1.00	       1.00	       1.00	       1.00	       1.00	       1.00	       1.00	       1.00	
 2026/02/25	   10.99	   11.05	   10.92	   10.99	        9988104	      10.89	      10.84	      10.89	      10.84	           	       0.00	           	       0.00	       0.00	       0.00	       0.00	       0.00	          0	      99881	     107115	     128131	  109888.56	  115676.93	  166616.63	  180114.44	      19.20	      20.21	      29.11	      31.47	  274847.66	       1.00	       1.00	       1.00	       1.00	       1.00	       1.00	       1.00	       1.00	       1.00	       1.00	       1.00	       1.00	       1.00	       1.00	       1.00	       1.00	       1.00	       1.00	       1.00	       1.00	       1.00	       1.00	       1.00	       1.00	
 2026/02/26	   11.07	   11.16	   10.97	   11.09	       16116876	      10.92	      10.86	      10.92	      10.86	           	       0.00	           	       0.00	       0.00	       0.00	       0.00	       0.00	          0	     161169	     120145	     121497	  112746.66	  115529.46	  160548.42	  179268.53	      19.85	      20.34	      28.26	      31.56	  274744.03	       1.00	       1.00	       1.00	       1.00	       1.00	       1.00	       1.00	       1.00	       1.00	       1.00	       1.00	       1.00	       1.00	       1.00	       1.00	       1.00	       1.00	       1.00	       1.00	       1.00	       1.00	       1.00	       1.00	       1.00	
 2026/02/27	   11.06	   11.08	   10.75	   10.76	       19874600	      10.90	      10.85	           	           	           	       0.00	           	       0.00	       0.00	       0.00	       0.00	       0.00	          0	     198746	     129947	     128533	  138644.69	  124263.12	  161527.34	  179028.28	      22.97	      20.59	      26.77	      29.67	  274711.19	       1.00	       1.00	       1.00	       1.00	       1.00	       1.00	       1.00	       1.00	       1.00	       1.00	       1.00	       1.00	       1.00	       1.00	       1.00	       1.00	       1.00	       1.00	       1.00	       1.00	       1.00	       1.00	       1.00	       1.00	
 2026/03/02	   10.51	   10.74	   10.41	   10.44	       15408788	      10.83	      10.81	           	           	           	       0.00	           	       0.00	       0.00	       0.00	       0.00	       0.00	          0	     154088	     141733	     127707	  153470.92	  131197.31	  160243.59	  178181.59	      24.63	      21.06	      25.72	      28.60	  275208.50	       1.00	       1.00	       1.00	       1.00	       1.00	       1.00	       1.00	       1.00	       1.00	       1.00	       1.00	       1.00	       1.00	       1.00	       1.00	       1.00	       1.00	       1.00	       1.00	       1.00	       1.00	       1.00	       1.00	       1.00	
 2026/03/03	   10.49	   10.55	    9.80	    9.87	       18302540	      10.71	      10.73	           	           	           	       0.00	           	       0.00	       0.00	       0.00	       0.00	       0.00	          0	     183025	     159382	     133122	  174257.00	  142072.78	  164206.50	  179563.47	      26.40	      21.52	      24.88	      27.20	  275863.50	       1.00	       1.00	       1.00	       1.00	       1.00	       1.00	       1.00	       1.00	       1.00	       1.00	       1.00	       1.00	       1.00	       1.00	       1.00	       1.00	       1.00	       1.00	       1.00	       1.00	       1.00	       1.00	       1.00	       1.00	
 2026/03/04	    9.75	    9.97	    9.66	    9.77	       11286200	      10.58	      10.64	           	           	           	       0.00	           	       0.00	       0.00	       0.00	       0.00	       0.00	          0	     112862	     161978	     134547	  162180.31	  137463.48	  144323.36	  178448.27	      26.06	      22.09	      23.19	      28.67	  276119.00	       1.00	       1.00	       1.00	       1.00	       1.00	       1.00	       1.00	       1.00	       1.00	       1.00	       1.00	       1.00	       1.00	       1.00	       1.00	       1.00	       1.00	       1.00	       1.00	       1.00	       1.00	       1.00	       1.00	       1.00	
 2026/03/05	    9.91	   10.09	    9.91	    9.96	        9882300	      10.50	      10.58	           	           	           	       0.00	       9.66	       1.00	       0.00	       0.00	       0.00	       0.00	          0	      98823	     149509	     134827	  137199.56	  137922.13	  136876.52	  175490.42	      23.35	      23.48	      23.30	      29.87	  276187.34	       1.00	       1.00	       1.00	       1.00	       1.00	       1.00	       1.00	       1.00	       1.00	       1.00	       1.00	       1.00	       1.00	       1.00	       1.00	       1.00	       1.00	       1.00	       1.00	       1.00	       1.00	       1.00	       1.00	       1.00	
 2026/03/06	    9.98	   10.96	    9.94	   10.96	       26923604	      10.56	      10.61	      10.56	      10.61	           	       0.00	       9.66	       1.00	       0.00	       0.00	       0.00	       0.00	          0	     269236	     163607	     146777	  165986.61	  159728.77	  139484.11	  167919.92	      26.22	      25.23	      22.03	      26.52	  277196.72	       1.00	       1.00	       1.00	       1.00	       1.00	       1.00	       1.00	       1.00	       1.00	       1.00	       1.00	       1.00	       1.00	       1.00	       1.00	       1.00	       1.00	       1.00	       1.00	       1.00	       1.00	       1.00	       1.00	       1.00	
 2026/03/09	   10.96	   11.21	   10.88	   11.17	       48452592	      10.64	      10.66	      10.64	      10.66	           	       0.00	       9.66	       1.00	       0.00	       0.00	       0.00	       0.00	          0	     484526	     229694	     185714	  241361.73	  207809.38	  161743.14	  170872.64	      30.87	      26.58	      20.69	      21.86	  279242.34	       1.00	       1.00	       1.00	       1.00	       1.00	       1.00	       1.00	       1.00	       1.00	       1.00	       1.00	       1.00	       1.00	       1.00	       1.00	       1.00	       1.00	       1.00	       1.00	       1.00	       1.00	       1.00	       1.00	       1.00	
 2026/03/10	   11.29	   11.29	   11.06	   11.14	       25573500	      10.71	      10.71	      10.71	      10.71	           	       0.00	       9.66	       1.00	       0.00	       0.00	       0.00	       0.00	          0	     255735	     244236	     201809	  277079.97	  219630.14	  167579.78	  173930.03	      33.06	      26.20	      19.99	      20.75	  279603.78	       1.00	       1.00	       1.00	       1.00	       1.00	       1.00	       1.00	       1.00	       1.00	       1.00	       1.00	       1.00	       1.00	       1.00	       1.00	       1.00	       1.00	       1.00	       1.00	       1.00	       1.00	       1.00	       1.00	       1.00	
 2026/03/11	   11.29	   12.25	   11.20	   12.25	       73997416	      10.91	      10.85	      10.91	      10.85	           	       0.00	       9.66	       1.00	       0.00	       0.00	       0.00	       0.00	          0	     739974	     369659	     265818	  437367.78	  287283.69	  205773.39	  193148.83	      38.93	      25.57	      18.31	      17.19	  283216.22	       1.00	       1.00	       1.00	       1.00	       1.00	       1.00	       1.00	       1.00	       1.00	       1.00	       1.00	       1.00	       1.00	       1.00	       1.00	       1.00	       1.00	       1.00	       1.00	       1.00	       1.00	       1.00	       1.00	       1.00	
 2026/03/12	   12.00	   13.04	   11.88	   12.71	       95663464	      11.15	      11.02	      11.15	      11.02	           	       0.00	       9.66	       1.00	       0.00	       0.00	       0.00	       0.00	          0	     956635	     541221	     345365	  609217.44	  387602.03	  259399.66	  219095.86	      41.29	      26.27	      17.58	      14.85	  287766.81	       1.00	       1.00	       1.00	       1.00	       1.00	       1.00	       1.00	       1.00	       1.00	       1.00	       1.00	       1.00	       1.00	       1.00	       1.00	       1.00	       1.00	       1.00	       1.00	       1.00	       1.00	       1.00	       1.00	       1.00	
 2026/03/13	   12.52	   13.34	   12.50	   12.80	       56095916	      11.37	      11.18	      11.37	      11.18	           	       0.00	       9.66	       1.00	       1.00	       1.00	       1.00	       1.00	          1	     560959	     599566	     381586	  628325.75	  434843.75	  288458.31	  232023.88	      39.68	      27.46	      18.21	      14.65	  290606.56	       1.00	       1.00	       1.00	       1.00	       1.00	       1.00	       1.00	       1.00	       1.00	       1.00	       1.00	       1.00	       1.00	       1.00	       1.00	       1.00	       1.00	       1.00	       1.00	       1.00	       1.00	       1.00	       1.00	       1.00	
#数据来源:通达信
